ISO-10303-21;
HEADER;
FILE_DESCRIPTION(('FreeCAD Model'),'2;1');
FILE_NAME('Open CASCADE Shape Model','2026-05-27T19:25:35',(''),(''),
  'Open CASCADE STEP processor 7.8','FreeCAD','Unknown');
FILE_SCHEMA(('AUTOMOTIVE_DESIGN { 1 0 10303 214 1 1 1 1 }'));
ENDSEC;
DATA;
#1 = APPLICATION_PROTOCOL_DEFINITION('international standard',
  'automotive_design',2000,#2);
#2 = APPLICATION_CONTEXT(
  'core data for automotive mechanical design processes');
#3 = SHAPE_DEFINITION_REPRESENTATION(#4,#10);
#4 = PRODUCT_DEFINITION_SHAPE('','',#5);
#5 = PRODUCT_DEFINITION('design','',#6,#9);
#6 = PRODUCT_DEFINITION_FORMATION('','',#7);
#7 = PRODUCT('Holder','Holder','',(#8));
#8 = PRODUCT_CONTEXT('',#2,'mechanical');
#9 = PRODUCT_DEFINITION_CONTEXT('part definition',#2,'design');
#10 = ADVANCED_BREP_SHAPE_REPRESENTATION('',(#11,#15),#9782);
#11 = AXIS2_PLACEMENT_3D('',#12,#13,#14);
#12 = CARTESIAN_POINT('',(0.,0.,0.));
#13 = DIRECTION('',(0.,0.,1.));
#14 = DIRECTION('',(1.,0.,-0.));
#15 = MANIFOLD_SOLID_BREP('',#16);
#16 = CLOSED_SHELL('',(#17,#249,#330,#435,#516,#626,#702,#783,#1988,
    #2037,#2068,#2201,#2308,#2358,#3957,#3982,#4013,#4084,#4111,#4436,
    #4540,#4567,#4616,#4670,#4772,#4843,#4985,#5135,#5184,#5210,#5217,
    #5313,#5490,#5555,#5673,#5722,#5817,#5844,#5961,#6009,#6094,#6122,
    #6239,#6288,#6383,#6410,#6658,#6664,#6750,#6821,#6830,#6954,#7009,
    #7059,#7086,#7164,#7213,#7262,#7289,#7374,#7411,#7495,#7502,#7675,
    #7704,#7731,#7803,#7830,#7858,#7885,#7939,#7967,#8076,#8103,#8193,
    #8220,#8256,#8264,#8311,#8340,#8369,#8376,#8423,#8452,#8481,#8488,
    #8515,#8616,#8673,#8723,#8780,#8807,#8834,#8861,#8867,#8896,#8923,
    #9011,#9054,#9061,#9120,#9214,#9246,#9300,#9308,#9705,#9712,#9719,
    #9771,#9777));
#17 = ADVANCED_FACE('',(#18),#32,.T.);
#18 = FACE_BOUND('',#19,.T.);
#19 = EDGE_LOOP('',(#20,#55,#83,#111,#139,#167,#195,#223));
#20 = ORIENTED_EDGE('',*,*,#21,.F.);
#21 = EDGE_CURVE('',#22,#24,#26,.T.);
#22 = VERTEX_POINT('',#23);
#23 = CARTESIAN_POINT('',(12.,52.971781049616,-103.1051040814));
#24 = VERTEX_POINT('',#25);
#25 = CARTESIAN_POINT('',(39.,52.971781049616,-103.1051040814));
#26 = SURFACE_CURVE('',#27,(#31,#43),.PCURVE_S1.);
#27 = LINE('',#28,#29);
#28 = CARTESIAN_POINT('',(13.,52.971781049616,-103.1051040814));
#29 = VECTOR('',#30,1.);
#30 = DIRECTION('',(1.,0.,0.));
#31 = PCURVE('',#32,#37);
#32 = PLANE('',#33);
#33 = AXIS2_PLACEMENT_3D('',#34,#35,#36);
#34 = CARTESIAN_POINT('',(22.905511821433,44.997359323606,
    -101.1694375279));
#35 = DIRECTION('',(-1.310082037985E-16,-0.235884699817,-0.971781049616)
  );
#36 = DIRECTION('',(0.,-0.971781049616,0.235884699817));
#37 = DEFINITIONAL_REPRESENTATION('',(#38),#42);
#38 = LINE('',#39,#40);
#39 = CARTESIAN_POINT('',(-8.205986038895,9.905511821433));
#40 = VECTOR('',#41,1.);
#41 = DIRECTION('',(0.,-1.));
#42 = ( GEOMETRIC_REPRESENTATION_CONTEXT(2) 
PARAMETRIC_REPRESENTATION_CONTEXT() REPRESENTATION_CONTEXT('2D SPACE',''
  ) );
#43 = PCURVE('',#44,#49);
#44 = PLANE('',#45);
#45 = AXIS2_PLACEMENT_3D('',#46,#47,#48);
#46 = CARTESIAN_POINT('',(13.,52.485890524808,-102.4871617315));
#47 = DIRECTION('',(0.,-0.786093092393,-0.618108121684));
#48 = DIRECTION('',(1.,0.,0.));
#49 = DEFINITIONAL_REPRESENTATION('',(#50),#54);
#50 = LINE('',#51,#52);
#51 = CARTESIAN_POINT('',(0.,-0.786093092393));
#52 = VECTOR('',#53,1.);
#53 = DIRECTION('',(1.,0.));
#54 = ( GEOMETRIC_REPRESENTATION_CONTEXT(2) 
PARAMETRIC_REPRESENTATION_CONTEXT() REPRESENTATION_CONTEXT('2D SPACE',''
  ) );
#55 = ORIENTED_EDGE('',*,*,#56,.T.);
#56 = EDGE_CURVE('',#22,#57,#59,.T.);
#57 = VERTEX_POINT('',#58);
#58 = CARTESIAN_POINT('',(12.,36.028218950384,-98.99231853045));
#59 = SURFACE_CURVE('',#60,(#64,#71),.PCURVE_S1.);
#60 = LINE('',#61,#62);
#61 = CARTESIAN_POINT('',(12.,52.971781049616,-103.1051040814));
#62 = VECTOR('',#63,1.);
#63 = DIRECTION('',(0.,-0.971781049616,0.235884699817));
#64 = PCURVE('',#32,#65);
#65 = DEFINITIONAL_REPRESENTATION('',(#66),#70);
#66 = LINE('',#67,#68);
#67 = CARTESIAN_POINT('',(-8.205986038895,10.905511821433));
#68 = VECTOR('',#69,1.);
#69 = DIRECTION('',(1.,-4.930380657631E-32));
#70 = ( GEOMETRIC_REPRESENTATION_CONTEXT(2) 
PARAMETRIC_REPRESENTATION_CONTEXT() REPRESENTATION_CONTEXT('2D SPACE',''
  ) );
#71 = PCURVE('',#72,#77);
#72 = PLANE('',#73);
#73 = AXIS2_PLACEMENT_3D('',#74,#75,#76);
#74 = CARTESIAN_POINT('',(12.5,53.089723399524,-102.6192135566));
#75 = DIRECTION('',(0.707106781187,-0.166795670819,-0.687152970012));
#76 = DIRECTION('',(1.665334536938E-16,0.971781049616,-0.235884699817));
#77 = DEFINITIONAL_REPRESENTATION('',(#78),#82);
#78 = LINE('',#79,#80);
#79 = CARTESIAN_POINT('',(-1.693090112553E-15,-0.707106781187));
#80 = VECTOR('',#81,1.);
#81 = DIRECTION('',(-1.,-5.551115123126E-17));
#82 = ( GEOMETRIC_REPRESENTATION_CONTEXT(2) 
PARAMETRIC_REPRESENTATION_CONTEXT() REPRESENTATION_CONTEXT('2D SPACE',''
  ) );
#83 = ORIENTED_EDGE('',*,*,#84,.T.);
#84 = EDGE_CURVE('',#57,#85,#87,.T.);
#85 = VERTEX_POINT('',#86);
#86 = CARTESIAN_POINT('',(39.,36.028218950384,-98.99231853045));
#87 = SURFACE_CURVE('',#88,(#92,#99),.PCURVE_S1.);
#88 = LINE('',#89,#90);
#89 = CARTESIAN_POINT('',(13.,36.028218950384,-98.99231853045));
#90 = VECTOR('',#91,1.);
#91 = DIRECTION('',(1.,0.,0.));
#92 = PCURVE('',#32,#93);
#93 = DEFINITIONAL_REPRESENTATION('',(#94),#98);
#94 = LINE('',#95,#96);
#95 = CARTESIAN_POINT('',(9.229589707237,9.905511821433));
#96 = VECTOR('',#97,1.);
#97 = DIRECTION('',(0.,-1.));
#98 = ( GEOMETRIC_REPRESENTATION_CONTEXT(2) 
PARAMETRIC_REPRESENTATION_CONTEXT() REPRESENTATION_CONTEXT('2D SPACE',''
  ) );
#99 = PCURVE('',#100,#105);
#100 = PLANE('',#101);
#101 = AXIS2_PLACEMENT_3D('',#102,#103,#104);
#102 = CARTESIAN_POINT('',(13.,36.514109475192,-98.61026088036));
#103 = DIRECTION('',(6.991714015781E-18,0.618108121684,-0.786093092393)
  );
#104 = DIRECTION('',(-1.,4.321635217645E-18,-5.496138091795E-18));
#105 = DEFINITIONAL_REPRESENTATION('',(#106),#110);
#106 = LINE('',#107,#108);
#107 = CARTESIAN_POINT('',(-2.349634532152E-32,-0.618108121684));
#108 = VECTOR('',#109,1.);
#109 = DIRECTION('',(-1.,0.));
#110 = ( GEOMETRIC_REPRESENTATION_CONTEXT(2) 
PARAMETRIC_REPRESENTATION_CONTEXT() REPRESENTATION_CONTEXT('2D SPACE',''
  ) );
#111 = ORIENTED_EDGE('',*,*,#112,.T.);
#112 = EDGE_CURVE('',#85,#113,#115,.T.);
#113 = VERTEX_POINT('',#114);
#114 = CARTESIAN_POINT('',(39.,34.971781049616,-98.73588469981));
#115 = SURFACE_CURVE('',#116,(#120,#127),.PCURVE_S1.);
#116 = LINE('',#117,#118);
#117 = CARTESIAN_POINT('',(39.,37.,-99.22820323027));
#118 = VECTOR('',#119,1.);
#119 = DIRECTION('',(6.458096405091E-16,-0.971781049616,0.235884699817)
  );
#120 = PCURVE('',#32,#121);
#121 = DEFINITIONAL_REPRESENTATION('',(#122),#126);
#122 = LINE('',#123,#124);
#123 = CARTESIAN_POINT('',(8.229589707237,-16.09448817856));
#124 = VECTOR('',#125,1.);
#125 = DIRECTION('',(1.,-6.458096405091E-16));
#126 = ( GEOMETRIC_REPRESENTATION_CONTEXT(2) 
PARAMETRIC_REPRESENTATION_CONTEXT() REPRESENTATION_CONTEXT('2D SPACE',''
  ) );
#127 = PCURVE('',#128,#133);
#128 = PLANE('',#129);
#129 = AXIS2_PLACEMENT_3D('',#130,#131,#132);
#130 = CARTESIAN_POINT('',(39.5,37.117942349908,-98.74231270546));
#131 = DIRECTION('',(0.707106781187,-0.166795670819,-0.687152970012));
#132 = DIRECTION('',(7.910339050454E-16,0.971781049616,-0.235884699817)
  );
#133 = DEFINITIONAL_REPRESENTATION('',(#134),#138);
#134 = LINE('',#135,#136);
#135 = CARTESIAN_POINT('',(1.706967900361E-15,-0.707106781187));
#136 = VECTOR('',#137,1.);
#137 = DIRECTION('',(-1.,-5.551115123126E-17));
#138 = ( GEOMETRIC_REPRESENTATION_CONTEXT(2) 
PARAMETRIC_REPRESENTATION_CONTEXT() REPRESENTATION_CONTEXT('2D SPACE',''
  ) );
#139 = ORIENTED_EDGE('',*,*,#140,.F.);
#140 = EDGE_CURVE('',#141,#113,#143,.T.);
#141 = VERTEX_POINT('',#142);
#142 = CARTESIAN_POINT('',(10.,34.971781049616,-98.73588469981));
#143 = SURFACE_CURVE('',#144,(#148,#155),.PCURVE_S1.);
#144 = LINE('',#145,#146);
#145 = CARTESIAN_POINT('',(10.,34.971781049616,-98.73588469981));
#146 = VECTOR('',#147,1.);
#147 = DIRECTION('',(1.,0.,0.));
#148 = PCURVE('',#32,#149);
#149 = DEFINITIONAL_REPRESENTATION('',(#150),#154);
#150 = LINE('',#151,#152);
#151 = CARTESIAN_POINT('',(10.316704856464,12.905511821433));
#152 = VECTOR('',#153,1.);
#153 = DIRECTION('',(0.,-1.));
#154 = ( GEOMETRIC_REPRESENTATION_CONTEXT(2) 
PARAMETRIC_REPRESENTATION_CONTEXT() REPRESENTATION_CONTEXT('2D SPACE',''
  ) );
#155 = PCURVE('',#156,#161);
#156 = PLANE('',#157);
#157 = AXIS2_PLACEMENT_3D('',#158,#159,#160);
#158 = CARTESIAN_POINT('',(10.,34.310328804014,-98.14977776112));
#159 = DIRECTION('',(-1.409290285728E-17,-0.663193267596,-0.748448187796
    ));
#160 = DIRECTION('',(-1.,9.34631829583E-18,1.054780760432E-17));
#161 = DEFINITIONAL_REPRESENTATION('',(#162),#166);
#162 = LINE('',#163,#164);
#163 = CARTESIAN_POINT('',(-7.703719777549E-34,0.883764910367));
#164 = VECTOR('',#165,1.);
#165 = DIRECTION('',(-1.,-3.08148791102E-33));
#166 = ( GEOMETRIC_REPRESENTATION_CONTEXT(2) 
PARAMETRIC_REPRESENTATION_CONTEXT() REPRESENTATION_CONTEXT('2D SPACE',''
  ) );
#167 = ORIENTED_EDGE('',*,*,#168,.F.);
#168 = EDGE_CURVE('',#169,#141,#171,.T.);
#169 = VERTEX_POINT('',#170);
#170 = CARTESIAN_POINT('',(10.,56.5,-103.961524227));
#171 = SURFACE_CURVE('',#172,(#176,#183),.PCURVE_S1.);
#172 = LINE('',#173,#174);
#173 = CARTESIAN_POINT('',(10.,56.5,-103.961524227));
#174 = VECTOR('',#175,1.);
#175 = DIRECTION('',(0.,-0.971781049616,0.235884699817));
#176 = PCURVE('',#32,#177);
#177 = DEFINITIONAL_REPRESENTATION('',(#178),#182);
#178 = LINE('',#179,#180);
#179 = CARTESIAN_POINT('',(-11.83665876273,12.905511821433));
#180 = VECTOR('',#181,1.);
#181 = DIRECTION('',(1.,-4.930380657631E-32));
#182 = ( GEOMETRIC_REPRESENTATION_CONTEXT(2) 
PARAMETRIC_REPRESENTATION_CONTEXT() REPRESENTATION_CONTEXT('2D SPACE',''
  ) );
#183 = PCURVE('',#184,#189);
#184 = PLANE('',#185);
#185 = AXIS2_PLACEMENT_3D('',#186,#187,#188);
#186 = CARTESIAN_POINT('',(10.,106.03483998186,-132.4723572646));
#187 = DIRECTION('',(-1.,-0.,-0.));
#188 = DIRECTION('',(0.,0.,-1.));
#189 = DEFINITIONAL_REPRESENTATION('',(#190),#194);
#190 = LINE('',#191,#192);
#191 = CARTESIAN_POINT('',(-28.5108330376,49.534839981862));
#192 = VECTOR('',#193,1.);
#193 = DIRECTION('',(-0.235884699817,0.971781049616));
#194 = ( GEOMETRIC_REPRESENTATION_CONTEXT(2) 
PARAMETRIC_REPRESENTATION_CONTEXT() REPRESENTATION_CONTEXT('2D SPACE',''
  ) );
#195 = ORIENTED_EDGE('',*,*,#196,.T.);
#196 = EDGE_CURVE('',#169,#197,#199,.T.);
#197 = VERTEX_POINT('',#198);
#198 = CARTESIAN_POINT('',(39.,56.5,-103.961524227));
#199 = SURFACE_CURVE('',#200,(#204,#211),.PCURVE_S1.);
#200 = LINE('',#201,#202);
#201 = CARTESIAN_POINT('',(13.,56.5,-103.961524227));
#202 = VECTOR('',#203,1.);
#203 = DIRECTION('',(1.,0.,0.));
#204 = PCURVE('',#32,#205);
#205 = DEFINITIONAL_REPRESENTATION('',(#206),#210);
#206 = LINE('',#207,#208);
#207 = CARTESIAN_POINT('',(-11.83665876273,9.905511821433));
#208 = VECTOR('',#209,1.);
#209 = DIRECTION('',(0.,-1.));
#210 = ( GEOMETRIC_REPRESENTATION_CONTEXT(2) 
PARAMETRIC_REPRESENTATION_CONTEXT() REPRESENTATION_CONTEXT('2D SPACE',''
  ) );
#211 = PCURVE('',#212,#217);
#212 = PLANE('',#213);
#213 = AXIS2_PLACEMENT_3D('',#214,#215,#216);
#214 = CARTESIAN_POINT('',(22.89942437467,56.5,-122.3139788128));
#215 = DIRECTION('',(-0.,-1.,-0.));
#216 = DIRECTION('',(0.,0.,-1.));
#217 = DEFINITIONAL_REPRESENTATION('',(#218),#222);
#218 = LINE('',#219,#220);
#219 = CARTESIAN_POINT('',(-18.35245458575,-9.89942437467));
#220 = VECTOR('',#221,1.);
#221 = DIRECTION('',(0.,1.));
#222 = ( GEOMETRIC_REPRESENTATION_CONTEXT(2) 
PARAMETRIC_REPRESENTATION_CONTEXT() REPRESENTATION_CONTEXT('2D SPACE',''
  ) );
#223 = ORIENTED_EDGE('',*,*,#224,.F.);
#224 = EDGE_CURVE('',#24,#197,#225,.T.);
#225 = SURFACE_CURVE('',#226,(#230,#237),.PCURVE_S1.);
#226 = LINE('',#227,#228);
#227 = CARTESIAN_POINT('',(39.,52.,-102.8692193816));
#228 = VECTOR('',#229,1.);
#229 = DIRECTION('',(-6.458096405091E-16,0.971781049616,-0.235884699817)
  );
#230 = PCURVE('',#32,#231);
#231 = DEFINITIONAL_REPRESENTATION('',(#232),#236);
#232 = LINE('',#233,#234);
#233 = CARTESIAN_POINT('',(-7.205986038895,-16.09448817856));
#234 = VECTOR('',#235,1.);
#235 = DIRECTION('',(-1.,6.458096405091E-16));
#236 = ( GEOMETRIC_REPRESENTATION_CONTEXT(2) 
PARAMETRIC_REPRESENTATION_CONTEXT() REPRESENTATION_CONTEXT('2D SPACE',''
  ) );
#237 = PCURVE('',#238,#243);
#238 = PLANE('',#239);
#239 = AXIS2_PLACEMENT_3D('',#240,#241,#242);
#240 = CARTESIAN_POINT('',(39.5,52.117942349908,-102.3833288568));
#241 = DIRECTION('',(0.707106781187,-0.166795670819,-0.687152970012));
#242 = DIRECTION('',(1.665334536938E-15,0.971781049616,-0.235884699817)
  );
#243 = DEFINITIONAL_REPRESENTATION('',(#244),#248);
#244 = LINE('',#245,#246);
#245 = CARTESIAN_POINT('',(3.289035710452E-15,-0.707106781187));
#246 = VECTOR('',#247,1.);
#247 = DIRECTION('',(1.,0.));
#248 = ( GEOMETRIC_REPRESENTATION_CONTEXT(2) 
PARAMETRIC_REPRESENTATION_CONTEXT() REPRESENTATION_CONTEXT('2D SPACE',''
  ) );
#249 = ADVANCED_FACE('',(#250),#44,.T.);
#250 = FACE_BOUND('',#251,.T.);
#251 = EDGE_LOOP('',(#252,#253,#281,#309));
#252 = ORIENTED_EDGE('',*,*,#21,.T.);
#253 = ORIENTED_EDGE('',*,*,#254,.F.);
#254 = EDGE_CURVE('',#255,#24,#257,.T.);
#255 = VERTEX_POINT('',#256);
#256 = CARTESIAN_POINT('',(39.,52.,-101.8692193816));
#257 = SURFACE_CURVE('',#258,(#262,#269),.PCURVE_S1.);
#258 = LINE('',#259,#260);
#259 = CARTESIAN_POINT('',(39.,52.485890524808,-102.4871617315));
#260 = VECTOR('',#261,1.);
#261 = DIRECTION('',(1.115612487373E-14,0.618108121684,-0.786093092393)
  );
#262 = PCURVE('',#44,#263);
#263 = DEFINITIONAL_REPRESENTATION('',(#264),#268);
#264 = LINE('',#265,#266);
#265 = CARTESIAN_POINT('',(26.,1.420715061222E-13));
#266 = VECTOR('',#267,1.);
#267 = DIRECTION('',(1.115612487373E-14,-1.));
#268 = ( GEOMETRIC_REPRESENTATION_CONTEXT(2) 
PARAMETRIC_REPRESENTATION_CONTEXT() REPRESENTATION_CONTEXT('2D SPACE',''
  ) );
#269 = PCURVE('',#270,#275);
#270 = PLANE('',#271);
#271 = AXIS2_PLACEMENT_3D('',#272,#273,#274);
#272 = CARTESIAN_POINT('',(40.,53.,-102.0829154086));
#273 = DIRECTION('',(-0.547342980161,0.657887908485,0.51729987622));
#274 = DIRECTION('',(1.357247647604E-14,0.618108121684,-0.786093092393)
  );
#275 = DEFINITIONAL_REPRESENTATION('',(#276),#280);
#276 = LINE('',#277,#278);
#277 = CARTESIAN_POINT('',(-1.583178033115E-13,1.194873902156));
#278 = VECTOR('',#279,1.);
#279 = DIRECTION('',(1.,2.942091015257E-15));
#280 = ( GEOMETRIC_REPRESENTATION_CONTEXT(2) 
PARAMETRIC_REPRESENTATION_CONTEXT() REPRESENTATION_CONTEXT('2D SPACE',''
  ) );
#281 = ORIENTED_EDGE('',*,*,#282,.F.);
#282 = EDGE_CURVE('',#283,#255,#285,.T.);
#283 = VERTEX_POINT('',#284);
#284 = CARTESIAN_POINT('',(12.971781049616,52.,-101.8692193816));
#285 = SURFACE_CURVE('',#286,(#290,#297),.PCURVE_S1.);
#286 = LINE('',#287,#288);
#287 = CARTESIAN_POINT('',(13.,52.,-101.8692193816));
#288 = VECTOR('',#289,1.);
#289 = DIRECTION('',(1.,0.,0.));
#290 = PCURVE('',#44,#291);
#291 = DEFINITIONAL_REPRESENTATION('',(#292),#296);
#292 = LINE('',#293,#294);
#293 = CARTESIAN_POINT('',(0.,0.786093092393));
#294 = VECTOR('',#295,1.);
#295 = DIRECTION('',(1.,0.));
#296 = ( GEOMETRIC_REPRESENTATION_CONTEXT(2) 
PARAMETRIC_REPRESENTATION_CONTEXT() REPRESENTATION_CONTEXT('2D SPACE',''
  ) );
#297 = PCURVE('',#298,#303);
#298 = PLANE('',#299);
#299 = AXIS2_PLACEMENT_3D('',#300,#301,#302);
#300 = CARTESIAN_POINT('',(31.172058537952,52.,-95.35666822877));
#301 = DIRECTION('',(-0.,-1.,-0.));
#302 = DIRECTION('',(0.,0.,-1.));
#303 = DEFINITIONAL_REPRESENTATION('',(#304),#308);
#304 = LINE('',#305,#306);
#305 = CARTESIAN_POINT('',(6.512551152874,-18.17205853795));
#306 = VECTOR('',#307,1.);
#307 = DIRECTION('',(0.,1.));
#308 = ( GEOMETRIC_REPRESENTATION_CONTEXT(2) 
PARAMETRIC_REPRESENTATION_CONTEXT() REPRESENTATION_CONTEXT('2D SPACE',''
  ) );
#309 = ORIENTED_EDGE('',*,*,#310,.F.);
#310 = EDGE_CURVE('',#22,#283,#311,.T.);
#311 = SURFACE_CURVE('',#312,(#316,#323),.PCURVE_S1.);
#312 = LINE('',#313,#314);
#313 = CARTESIAN_POINT('',(12.452226368744,52.519554680872,
    -102.5299748893));
#314 = VECTOR('',#315,1.);
#315 = DIRECTION('',(0.525776741392,-0.525776741392,0.668668554983));
#316 = PCURVE('',#44,#317);
#317 = DEFINITIONAL_REPRESENTATION('',(#318),#322);
#318 = LINE('',#319,#320);
#319 = CARTESIAN_POINT('',(-0.547773631256,-5.446321587295E-02));
#320 = VECTOR('',#321,1.);
#321 = DIRECTION('',(0.525776741392,0.850622606219));
#322 = ( GEOMETRIC_REPRESENTATION_CONTEXT(2) 
PARAMETRIC_REPRESENTATION_CONTEXT() REPRESENTATION_CONTEXT('2D SPACE',''
  ) );
#323 = PCURVE('',#72,#324);
#324 = DEFINITIONAL_REPRESENTATION('',(#325),#329);
#325 = LINE('',#326,#327);
#326 = CARTESIAN_POINT('',(-0.575129192121,-6.756211724631E-02));
#327 = VECTOR('',#328,1.);
#328 = DIRECTION('',(-0.668668554983,0.743560598457));
#329 = ( GEOMETRIC_REPRESENTATION_CONTEXT(2) 
PARAMETRIC_REPRESENTATION_CONTEXT() REPRESENTATION_CONTEXT('2D SPACE',''
  ) );
#330 = ADVANCED_FACE('',(#331),#72,.T.);
#331 = FACE_BOUND('',#332,.F.);
#332 = EDGE_LOOP('',(#333,#334,#335,#358,#386,#414));
#333 = ORIENTED_EDGE('',*,*,#310,.F.);
#334 = ORIENTED_EDGE('',*,*,#56,.T.);
#335 = ORIENTED_EDGE('',*,*,#336,.T.);
#336 = EDGE_CURVE('',#57,#337,#339,.T.);
#337 = VERTEX_POINT('',#338);
#338 = CARTESIAN_POINT('',(12.893067154223,36.921286104607,
    -98.29009627895));
#339 = SURFACE_CURVE('',#340,(#344,#351),.PCURVE_S1.);
#340 = LINE('',#341,#342);
#341 = CARTESIAN_POINT('',(15.150160534094,39.178379484478,
    -96.51533478696));
#342 = VECTOR('',#343,1.);
#343 = DIRECTION('',(0.618005668538,0.618005668538,0.485940312498));
#344 = PCURVE('',#72,#345);
#345 = DEFINITIONAL_REPRESENTATION('',(#346),#350);
#346 = LINE('',#347,#348);
#347 = CARTESIAN_POINT('',(-14.95859200263,3.747892969781));
#348 = VECTOR('',#349,1.);
#349 = DIRECTION('',(0.485940312498,0.87399199807));
#350 = ( GEOMETRIC_REPRESENTATION_CONTEXT(2) 
PARAMETRIC_REPRESENTATION_CONTEXT() REPRESENTATION_CONTEXT('2D SPACE',''
  ) );
#351 = PCURVE('',#100,#352);
#352 = DEFINITIONAL_REPRESENTATION('',(#353),#357);
#353 = LINE('',#354,#355);
#354 = CARTESIAN_POINT('',(-2.150160534094,3.38925508323));
#355 = VECTOR('',#356,1.);
#356 = DIRECTION('',(-0.618005668538,0.786173640906));
#357 = ( GEOMETRIC_REPRESENTATION_CONTEXT(2) 
PARAMETRIC_REPRESENTATION_CONTEXT() REPRESENTATION_CONTEXT('2D SPACE',''
  ) );
#358 = ORIENTED_EDGE('',*,*,#359,.T.);
#359 = EDGE_CURVE('',#337,#360,#362,.T.);
#360 = VERTEX_POINT('',#361);
#361 = CARTESIAN_POINT('',(13.,36.875889620271,-98.16903898739));
#362 = SURFACE_CURVE('',#363,(#367,#374),.PCURVE_S1.);
#363 = LINE('',#364,#365);
#364 = CARTESIAN_POINT('',(15.754883646462,35.706351566794,
    -95.05027084478));
#365 = VECTOR('',#366,1.);
#366 = DIRECTION('',(0.637337226269,-0.270570461289,0.721521230103));
#367 = PCURVE('',#72,#368);
#368 = DEFINITIONAL_REPRESENTATION('',(#369),#373);
#369 = LINE('',#370,#371);
#370 = CARTESIAN_POINT('',(-18.67822910499,4.603100596773));
#371 = VECTOR('',#372,1.);
#372 = DIRECTION('',(-0.433131065641,0.901330949195));
#373 = ( GEOMETRIC_REPRESENTATION_CONTEXT(2) 
PARAMETRIC_REPRESENTATION_CONTEXT() REPRESENTATION_CONTEXT('2D SPACE',''
  ) );
#374 = PCURVE('',#375,#380);
#375 = PLANE('',#376);
#376 = AXIS2_PLACEMENT_3D('',#377,#378,#379);
#377 = CARTESIAN_POINT('',(26.5,33.25,-88.5));
#378 = DIRECTION('',(-1.434305084932E-16,0.936329177569,0.351123441588)
  );
#379 = DIRECTION('',(0.,-0.351123441588,0.936329177569));
#380 = DEFINITIONAL_REPRESENTATION('',(#381),#385);
#381 = LINE('',#382,#383);
#382 = CARTESIAN_POINT('',(-6.995692328834,-10.74511635353));
#383 = VECTOR('',#384,1.);
#384 = DIRECTION('',(0.770585011541,0.637337226269));
#385 = ( GEOMETRIC_REPRESENTATION_CONTEXT(2) 
PARAMETRIC_REPRESENTATION_CONTEXT() REPRESENTATION_CONTEXT('2D SPACE',''
  ) );
#386 = ORIENTED_EDGE('',*,*,#387,.F.);
#387 = EDGE_CURVE('',#388,#360,#390,.T.);
#388 = VERTEX_POINT('',#389);
#389 = CARTESIAN_POINT('',(13.,52.,-101.8401809985));
#390 = SURFACE_CURVE('',#391,(#395,#402),.PCURVE_S1.);
#391 = LINE('',#392,#393);
#392 = CARTESIAN_POINT('',(13.,53.207665749433,-102.1333230318));
#393 = VECTOR('',#394,1.);
#394 = DIRECTION('',(0.,-0.971781049616,0.235884699817));
#395 = PCURVE('',#72,#396);
#396 = DEFINITIONAL_REPRESENTATION('',(#397),#401);
#397 = LINE('',#398,#399);
#398 = CARTESIAN_POINT('',(-1.665334536938E-15,0.707106781187));
#399 = VECTOR('',#400,1.);
#400 = DIRECTION('',(-1.,-5.551115123126E-17));
#401 = ( GEOMETRIC_REPRESENTATION_CONTEXT(2) 
PARAMETRIC_REPRESENTATION_CONTEXT() REPRESENTATION_CONTEXT('2D SPACE',''
  ) );
#402 = PCURVE('',#403,#408);
#403 = PLANE('',#404);
#404 = AXIS2_PLACEMENT_3D('',#405,#406,#407);
#405 = CARTESIAN_POINT('',(13.,45.754346418958,-88.41208171856));
#406 = DIRECTION('',(1.,0.,0.));
#407 = DIRECTION('',(0.,0.,1.));
#408 = DEFINITIONAL_REPRESENTATION('',(#409),#413);
#409 = LINE('',#410,#411);
#410 = CARTESIAN_POINT('',(-13.72124131329,-7.453319330475));
#411 = VECTOR('',#412,1.);
#412 = DIRECTION('',(0.235884699817,0.971781049616));
#413 = ( GEOMETRIC_REPRESENTATION_CONTEXT(2) 
PARAMETRIC_REPRESENTATION_CONTEXT() REPRESENTATION_CONTEXT('2D SPACE',''
  ) );
#414 = ORIENTED_EDGE('',*,*,#415,.F.);
#415 = EDGE_CURVE('',#283,#388,#416,.T.);
#416 = SURFACE_CURVE('',#417,(#421,#428),.PCURVE_S1.);
#417 = LINE('',#418,#419);
#418 = CARTESIAN_POINT('',(18.717120553908,52.,-95.95704450793));
#419 = VECTOR('',#420,1.);
#420 = DIRECTION('',(0.696915725931,0.,0.717153031752));
#421 = PCURVE('',#72,#422);
#422 = DEFINITIONAL_REPRESENTATION('',(#423),#427);
#423 = LINE('',#424,#425);
#424 = CARTESIAN_POINT('',(-2.630476295169,8.792336206246));
#425 = VECTOR('',#426,1.);
#426 = DIRECTION('',(-0.169165427618,0.985587671442));
#427 = ( GEOMETRIC_REPRESENTATION_CONTEXT(2) 
PARAMETRIC_REPRESENTATION_CONTEXT() REPRESENTATION_CONTEXT('2D SPACE',''
  ) );
#428 = PCURVE('',#298,#429);
#429 = DEFINITIONAL_REPRESENTATION('',(#430),#434);
#430 = LINE('',#431,#432);
#431 = CARTESIAN_POINT('',(0.600376279157,-12.45493798404));
#432 = VECTOR('',#433,1.);
#433 = DIRECTION('',(-0.717153031752,0.696915725931));
#434 = ( GEOMETRIC_REPRESENTATION_CONTEXT(2) 
PARAMETRIC_REPRESENTATION_CONTEXT() REPRESENTATION_CONTEXT('2D SPACE',''
  ) );
#435 = ADVANCED_FACE('',(#436),#238,.T.);
#436 = FACE_BOUND('',#437,.T.);
#437 = EDGE_LOOP('',(#438,#461,#462,#490));
#438 = ORIENTED_EDGE('',*,*,#439,.T.);
#439 = EDGE_CURVE('',#440,#24,#442,.T.);
#440 = VERTEX_POINT('',#441);
#441 = CARTESIAN_POINT('',(40.,53.,-102.0829154086));
#442 = SURFACE_CURVE('',#443,(#447,#454),.PCURVE_S1.);
#443 = LINE('',#444,#445);
#444 = CARTESIAN_POINT('',(39.796650585136,52.994261692951,
    -102.2907768771));
#445 = VECTOR('',#446,1.);
#446 = DIRECTION('',(-0.69916976178,-1.972983681784E-02,-0.714683410856)
  );
#447 = PCURVE('',#238,#448);
#448 = DEFINITIONAL_REPRESENTATION('',(#449),#453);
#449 = LINE('',#450,#451);
#450 = CARTESIAN_POINT('',(0.829758935036,0.419527280785));
#451 = VECTOR('',#452,1.);
#452 = DIRECTION('',(0.149409800302,-0.98877535951));
#453 = ( GEOMETRIC_REPRESENTATION_CONTEXT(2) 
PARAMETRIC_REPRESENTATION_CONTEXT() REPRESENTATION_CONTEXT('2D SPACE',''
  ) );
#454 = PCURVE('',#270,#455);
#455 = DEFINITIONAL_REPRESENTATION('',(#456),#460);
#456 = LINE('',#457,#458);
#457 = CARTESIAN_POINT('',(0.159851570367,0.24297690884));
#458 = VECTOR('',#459,1.);
#459 = DIRECTION('',(0.549612520145,0.835419701527));
#460 = ( GEOMETRIC_REPRESENTATION_CONTEXT(2) 
PARAMETRIC_REPRESENTATION_CONTEXT() REPRESENTATION_CONTEXT('2D SPACE',''
  ) );
#461 = ORIENTED_EDGE('',*,*,#224,.T.);
#462 = ORIENTED_EDGE('',*,*,#463,.T.);
#463 = EDGE_CURVE('',#197,#464,#466,.T.);
#464 = VERTEX_POINT('',#465);
#465 = CARTESIAN_POINT('',(40.,57.5,-103.175220254));
#466 = SURFACE_CURVE('',#467,(#471,#478),.PCURVE_S1.);
#467 = LINE('',#468,#469);
#468 = CARTESIAN_POINT('',(30.776412404495,48.276412404495,
    -110.4277638255));
#469 = VECTOR('',#470,1.);
#470 = DIRECTION('',(0.618005668538,0.618005668538,0.485940312498));
#471 = PCURVE('',#238,#472);
#472 = DEFINITIONAL_REPRESENTATION('',(#473),#477);
#473 = LINE('',#474,#475);
#474 = CARTESIAN_POINT('',(-1.835566874685,-12.33701589011));
#475 = VECTOR('',#476,1.);
#476 = DIRECTION('',(0.485940312498,0.87399199807));
#477 = ( GEOMETRIC_REPRESENTATION_CONTEXT(2) 
PARAMETRIC_REPRESENTATION_CONTEXT() REPRESENTATION_CONTEXT('2D SPACE',''
  ) );
#478 = PCURVE('',#479,#484);
#479 = PLANE('',#480);
#480 = AXIS2_PLACEMENT_3D('',#481,#482,#483);
#481 = CARTESIAN_POINT('',(39.5,57.,-156.6410161513));
#482 = DIRECTION('',(0.707106781187,-0.707106781187,0.));
#483 = DIRECTION('',(-0.,-0.,-1.));
#484 = DEFINITIONAL_REPRESENTATION('',(#485),#489);
#485 = LINE('',#486,#487);
#486 = CARTESIAN_POINT('',(-46.21325232578,-12.33701589011));
#487 = VECTOR('',#488,1.);
#488 = DIRECTION('',(-0.485940312498,0.87399199807));
#489 = ( GEOMETRIC_REPRESENTATION_CONTEXT(2) 
PARAMETRIC_REPRESENTATION_CONTEXT() REPRESENTATION_CONTEXT('2D SPACE',''
  ) );
#490 = ORIENTED_EDGE('',*,*,#491,.F.);
#491 = EDGE_CURVE('',#440,#464,#492,.T.);
#492 = SURFACE_CURVE('',#493,(#497,#504),.PCURVE_S1.);
#493 = LINE('',#494,#495);
#494 = CARTESIAN_POINT('',(40.,52.235884699817,-101.897438332));
#495 = VECTOR('',#496,1.);
#496 = DIRECTION('',(-6.458096405091E-16,0.971781049616,-0.235884699817)
  );
#497 = PCURVE('',#238,#498);
#498 = DEFINITIONAL_REPRESENTATION('',(#499),#503);
#499 = LINE('',#500,#501);
#500 = CARTESIAN_POINT('',(2.636779683485E-16,0.707106781187));
#501 = VECTOR('',#502,1.);
#502 = DIRECTION('',(1.,0.));
#503 = ( GEOMETRIC_REPRESENTATION_CONTEXT(2) 
PARAMETRIC_REPRESENTATION_CONTEXT() REPRESENTATION_CONTEXT('2D SPACE',''
  ) );
#504 = PCURVE('',#505,#510);
#505 = PLANE('',#506);
#506 = AXIS2_PLACEMENT_3D('',#507,#508,#509);
#507 = CARTESIAN_POINT('',(40.,110.37392640098,-107.4458299939));
#508 = DIRECTION('',(1.,6.705796870064E-16,0.));
#509 = DIRECTION('',(-6.705796870064E-16,1.,0.));
#510 = DEFINITIONAL_REPRESENTATION('',(#511),#515);
#511 = LINE('',#512,#513);
#512 = CARTESIAN_POINT('',(-58.13804170116,5.548391661948));
#513 = VECTOR('',#514,1.);
#514 = DIRECTION('',(0.971781049616,-0.235884699817));
#515 = ( GEOMETRIC_REPRESENTATION_CONTEXT(2) 
PARAMETRIC_REPRESENTATION_CONTEXT() REPRESENTATION_CONTEXT('2D SPACE',''
  ) );
#516 = ADVANCED_FACE('',(#517),#100,.T.);
#517 = FACE_BOUND('',#518,.F.);
#518 = EDGE_LOOP('',(#519,#520,#548,#576,#604,#625));
#519 = ORIENTED_EDGE('',*,*,#84,.T.);
#520 = ORIENTED_EDGE('',*,*,#521,.T.);
#521 = EDGE_CURVE('',#85,#522,#524,.T.);
#522 = VERTEX_POINT('',#523);
#523 = CARTESIAN_POINT('',(39.,37.,-98.22820323027));
#524 = SURFACE_CURVE('',#525,(#529,#536),.PCURVE_S1.);
#525 = LINE('',#526,#527);
#526 = CARTESIAN_POINT('',(39.,36.271164212788,-98.80128970541));
#527 = VECTOR('',#528,1.);
#528 = DIRECTION('',(-8.594075021853E-15,0.786093092393,0.618108121684)
  );
#529 = PCURVE('',#100,#530);
#530 = DEFINITIONAL_REPRESENTATION('',(#531),#535);
#531 = LINE('',#532,#533);
#532 = CARTESIAN_POINT('',(-26.,-0.309054060842));
#533 = VECTOR('',#534,1.);
#534 = DIRECTION('',(8.594075021853E-15,1.));
#535 = ( GEOMETRIC_REPRESENTATION_CONTEXT(2) 
PARAMETRIC_REPRESENTATION_CONTEXT() REPRESENTATION_CONTEXT('2D SPACE',''
  ) );
#536 = PCURVE('',#537,#542);
#537 = PLANE('',#538);
#538 = AXIS2_PLACEMENT_3D('',#539,#540,#541);
#539 = CARTESIAN_POINT('',(39.,36.028218950384,-98.99231853045));
#540 = DIRECTION('',(0.639464277182,0.475214386909,-0.604364728193));
#541 = DIRECTION('',(-0.694400836278,0.694400836278,-0.188719254853));
#542 = DEFINITIONAL_REPRESENTATION('',(#543),#547);
#543 = LINE('',#544,#545);
#544 = CARTESIAN_POINT('',(0.132650575865,0.279138383684));
#545 = VECTOR('',#546,1.);
#546 = DIRECTION('',(0.429214796608,0.903202445952));
#547 = ( GEOMETRIC_REPRESENTATION_CONTEXT(2) 
PARAMETRIC_REPRESENTATION_CONTEXT() REPRESENTATION_CONTEXT('2D SPACE',''
  ) );
#548 = ORIENTED_EDGE('',*,*,#549,.F.);
#549 = EDGE_CURVE('',#550,#522,#552,.T.);
#550 = VERTEX_POINT('',#551);
#551 = CARTESIAN_POINT('',(37.,37.,-98.22820323027));
#552 = SURFACE_CURVE('',#553,(#557,#564),.PCURVE_S1.);
#553 = LINE('',#554,#555);
#554 = CARTESIAN_POINT('',(13.,37.,-98.22820323027));
#555 = VECTOR('',#556,1.);
#556 = DIRECTION('',(1.,0.,0.));
#557 = PCURVE('',#100,#558);
#558 = DEFINITIONAL_REPRESENTATION('',(#559),#563);
#559 = LINE('',#560,#561);
#560 = CARTESIAN_POINT('',(-2.38815313104E-32,0.618108121684));
#561 = VECTOR('',#562,1.);
#562 = DIRECTION('',(-1.,0.));
#563 = ( GEOMETRIC_REPRESENTATION_CONTEXT(2) 
PARAMETRIC_REPRESENTATION_CONTEXT() REPRESENTATION_CONTEXT('2D SPACE',''
  ) );
#564 = PCURVE('',#565,#570);
#565 = PLANE('',#566);
#566 = AXIS2_PLACEMENT_3D('',#567,#568,#569);
#567 = CARTESIAN_POINT('',(31.52847339218,37.,-93.89257500731));
#568 = DIRECTION('',(0.,1.,0.));
#569 = DIRECTION('',(0.,0.,1.));
#570 = DEFINITIONAL_REPRESENTATION('',(#571),#575);
#571 = LINE('',#572,#573);
#572 = CARTESIAN_POINT('',(-4.335628222958,-18.52847339218));
#573 = VECTOR('',#574,1.);
#574 = DIRECTION('',(0.,1.));
#575 = ( GEOMETRIC_REPRESENTATION_CONTEXT(2) 
PARAMETRIC_REPRESENTATION_CONTEXT() REPRESENTATION_CONTEXT('2D SPACE',''
  ) );
#576 = ORIENTED_EDGE('',*,*,#577,.F.);
#577 = EDGE_CURVE('',#578,#550,#580,.T.);
#578 = VERTEX_POINT('',#579);
#579 = CARTESIAN_POINT('',(37.,36.921286104607,-98.29009627895));
#580 = SURFACE_CURVE('',#581,(#585,#592),.PCURVE_S1.);
#581 = LINE('',#582,#583);
#582 = CARTESIAN_POINT('',(37.,41.204135078756,-94.92247511488));
#583 = VECTOR('',#584,1.);
#584 = DIRECTION('',(0.,0.786093092393,0.618108121684));
#585 = PCURVE('',#100,#586);
#586 = DEFINITIONAL_REPRESENTATION('',(#587),#591);
#587 = LINE('',#588,#589);
#588 = CARTESIAN_POINT('',(-24.,5.966247062782));
#589 = VECTOR('',#590,1.);
#590 = DIRECTION('',(-3.851859888774E-34,1.));
#591 = ( GEOMETRIC_REPRESENTATION_CONTEXT(2) 
PARAMETRIC_REPRESENTATION_CONTEXT() REPRESENTATION_CONTEXT('2D SPACE',''
  ) );
#592 = PCURVE('',#593,#598);
#593 = PLANE('',#594);
#594 = AXIS2_PLACEMENT_3D('',#595,#596,#597);
#595 = CARTESIAN_POINT('',(37.,43.176053138548,-87.77787412633));
#596 = DIRECTION('',(1.,0.,0.));
#597 = DIRECTION('',(0.,0.,1.));
#598 = DEFINITIONAL_REPRESENTATION('',(#599),#603);
#599 = LINE('',#600,#601);
#600 = CARTESIAN_POINT('',(-7.144600988551,1.971918059791));
#601 = VECTOR('',#602,1.);
#602 = DIRECTION('',(0.618108121684,-0.786093092393));
#603 = ( GEOMETRIC_REPRESENTATION_CONTEXT(2) 
PARAMETRIC_REPRESENTATION_CONTEXT() REPRESENTATION_CONTEXT('2D SPACE',''
  ) );
#604 = ORIENTED_EDGE('',*,*,#605,.F.);
#605 = EDGE_CURVE('',#337,#578,#606,.T.);
#606 = SURFACE_CURVE('',#607,(#611,#618),.PCURVE_S1.);
#607 = LINE('',#608,#609);
#608 = CARTESIAN_POINT('',(19.75,36.921286104607,-98.29009627895));
#609 = VECTOR('',#610,1.);
#610 = DIRECTION('',(1.,1.157252846668E-16,9.988950814142E-17));
#611 = PCURVE('',#100,#612);
#612 = DEFINITIONAL_REPRESENTATION('',(#613),#617);
#613 = LINE('',#614,#615);
#614 = CARTESIAN_POINT('',(-6.75,0.517975076177));
#615 = VECTOR('',#616,1.);
#616 = DIRECTION('',(-1.,1.527133631451E-16));
#617 = ( GEOMETRIC_REPRESENTATION_CONTEXT(2) 
PARAMETRIC_REPRESENTATION_CONTEXT() REPRESENTATION_CONTEXT('2D SPACE',''
  ) );
#618 = PCURVE('',#375,#619);
#619 = DEFINITIONAL_REPRESENTATION('',(#620),#624);
#620 = LINE('',#621,#622);
#621 = CARTESIAN_POINT('',(-10.45582740929,-6.75));
#622 = VECTOR('',#623,1.);
#623 = DIRECTION('',(5.289560077481E-17,1.));
#624 = ( GEOMETRIC_REPRESENTATION_CONTEXT(2) 
PARAMETRIC_REPRESENTATION_CONTEXT() REPRESENTATION_CONTEXT('2D SPACE',''
  ) );
#625 = ORIENTED_EDGE('',*,*,#336,.F.);
#626 = ADVANCED_FACE('',(#627),#212,.T.);
#627 = FACE_BOUND('',#628,.T.);
#628 = EDGE_LOOP('',(#629,#630,#653,#681));
#629 = ORIENTED_EDGE('',*,*,#196,.F.);
#630 = ORIENTED_EDGE('',*,*,#631,.F.);
#631 = EDGE_CURVE('',#632,#169,#634,.T.);
#632 = VERTEX_POINT('',#633);
#633 = CARTESIAN_POINT('',(10.,56.5,-208.6025403784));
#634 = SURFACE_CURVE('',#635,(#639,#646),.PCURVE_S1.);
#635 = LINE('',#636,#637);
#636 = CARTESIAN_POINT('',(10.,56.5,-247.4041126924));
#637 = VECTOR('',#638,1.);
#638 = DIRECTION('',(0.,0.,1.));
#639 = PCURVE('',#212,#640);
#640 = DEFINITIONAL_REPRESENTATION('',(#641),#645);
#641 = LINE('',#642,#643);
#642 = CARTESIAN_POINT('',(125.09013387961,-12.89942437467));
#643 = VECTOR('',#644,1.);
#644 = DIRECTION('',(-1.,0.));
#645 = ( GEOMETRIC_REPRESENTATION_CONTEXT(2) 
PARAMETRIC_REPRESENTATION_CONTEXT() REPRESENTATION_CONTEXT('2D SPACE',''
  ) );
#646 = PCURVE('',#184,#647);
#647 = DEFINITIONAL_REPRESENTATION('',(#648),#652);
#648 = LINE('',#649,#650);
#649 = CARTESIAN_POINT('',(114.93175542776,49.534839981862));
#650 = VECTOR('',#651,1.);
#651 = DIRECTION('',(-1.,0.));
#652 = ( GEOMETRIC_REPRESENTATION_CONTEXT(2) 
PARAMETRIC_REPRESENTATION_CONTEXT() REPRESENTATION_CONTEXT('2D SPACE',''
  ) );
#653 = ORIENTED_EDGE('',*,*,#654,.F.);
#654 = EDGE_CURVE('',#655,#632,#657,.T.);
#655 = VERTEX_POINT('',#656);
#656 = CARTESIAN_POINT('',(39.,56.5,-158.3730669589));
#657 = SURFACE_CURVE('',#658,(#662,#669),.PCURVE_S1.);
#658 = LINE('',#659,#660);
#659 = CARTESIAN_POINT('',(38.301270189222,56.5,-159.5833024919));
#660 = VECTOR('',#661,1.);
#661 = DIRECTION('',(-0.5,0.,-0.866025403784));
#662 = PCURVE('',#212,#663);
#663 = DEFINITIONAL_REPRESENTATION('',(#664),#668);
#664 = LINE('',#665,#666);
#665 = CARTESIAN_POINT('',(37.269323679158,15.401845814552));
#666 = VECTOR('',#667,1.);
#667 = DIRECTION('',(0.866025403784,-0.5));
#668 = ( GEOMETRIC_REPRESENTATION_CONTEXT(2) 
PARAMETRIC_REPRESENTATION_CONTEXT() REPRESENTATION_CONTEXT('2D SPACE',''
  ) );
#669 = PCURVE('',#670,#675);
#670 = CYLINDRICAL_SURFACE('',#671,28.);
#671 = AXIS2_PLACEMENT_3D('',#672,#673,#674);
#672 = CARTESIAN_POINT('',(38.301270189222,84.5,-159.5833024919));
#673 = DIRECTION('',(0.5,0.,0.866025403784));
#674 = DIRECTION('',(0.866025403784,0.,-0.5));
#675 = DEFINITIONAL_REPRESENTATION('',(#676),#680);
#676 = LINE('',#677,#678);
#677 = CARTESIAN_POINT('',(-1.570796326795,1.421E-14));
#678 = VECTOR('',#679,1.);
#679 = DIRECTION('',(-0.,-1.));
#680 = ( GEOMETRIC_REPRESENTATION_CONTEXT(2) 
PARAMETRIC_REPRESENTATION_CONTEXT() REPRESENTATION_CONTEXT('2D SPACE',''
  ) );
#681 = ORIENTED_EDGE('',*,*,#682,.T.);
#682 = EDGE_CURVE('',#655,#197,#683,.T.);
#683 = SURFACE_CURVE('',#684,(#688,#695),.PCURVE_S1.);
#684 = LINE('',#685,#686);
#685 = CARTESIAN_POINT('',(39.,56.5,-156.6410161513));
#686 = VECTOR('',#687,1.);
#687 = DIRECTION('',(0.,0.,1.));
#688 = PCURVE('',#212,#689);
#689 = DEFINITIONAL_REPRESENTATION('',(#690),#694);
#690 = LINE('',#691,#692);
#691 = CARTESIAN_POINT('',(34.327037338559,16.10057562533));
#692 = VECTOR('',#693,1.);
#693 = DIRECTION('',(-1.,0.));
#694 = ( GEOMETRIC_REPRESENTATION_CONTEXT(2) 
PARAMETRIC_REPRESENTATION_CONTEXT() REPRESENTATION_CONTEXT('2D SPACE',''
  ) );
#695 = PCURVE('',#479,#696);
#696 = DEFINITIONAL_REPRESENTATION('',(#697),#701);
#697 = LINE('',#698,#699);
#698 = CARTESIAN_POINT('',(-0.,-0.707106781187));
#699 = VECTOR('',#700,1.);
#700 = DIRECTION('',(-1.,0.));
#701 = ( GEOMETRIC_REPRESENTATION_CONTEXT(2) 
PARAMETRIC_REPRESENTATION_CONTEXT() REPRESENTATION_CONTEXT('2D SPACE',''
  ) );
#702 = ADVANCED_FACE('',(#703),#128,.T.);
#703 = FACE_BOUND('',#704,.F.);
#704 = EDGE_LOOP('',(#705,#728,#729,#757));
#705 = ORIENTED_EDGE('',*,*,#706,.F.);
#706 = EDGE_CURVE('',#85,#707,#709,.T.);
#707 = VERTEX_POINT('',#708);
#708 = CARTESIAN_POINT('',(40.,36.,-97.9564304371));
#709 = SURFACE_CURVE('',#710,(#714,#721),.PCURVE_S1.);
#710 = LINE('',#711,#712);
#711 = CARTESIAN_POINT('',(39.175572856516,36.023264468657,
    -98.81044469887));
#712 = VECTOR('',#713,1.);
#713 = DIRECTION('',(0.694400836278,-1.959526274572E-02,0.719321558313)
  );
#714 = PCURVE('',#128,#715);
#715 = DEFINITIONAL_REPRESENTATION('',(#716),#720);
#716 = LINE('',#717,#718);
#717 = CARTESIAN_POINT('',(-1.04771592562,-0.458809266317));
#718 = VECTOR('',#719,1.);
#719 = DIRECTION('',(-0.188719254853,0.982031080388));
#720 = ( GEOMETRIC_REPRESENTATION_CONTEXT(2) 
PARAMETRIC_REPRESENTATION_CONTEXT() REPRESENTATION_CONTEXT('2D SPACE',''
  ) );
#721 = PCURVE('',#537,#722);
#722 = DEFINITIONAL_REPRESENTATION('',(#723),#727);
#723 = LINE('',#724,#725);
#724 = CARTESIAN_POINT('',(-0.15968142862,0.196036493546));
#725 = VECTOR('',#726,1.);
#726 = DIRECTION('',(-0.631549316746,0.775335708269));
#727 = ( GEOMETRIC_REPRESENTATION_CONTEXT(2) 
PARAMETRIC_REPRESENTATION_CONTEXT() REPRESENTATION_CONTEXT('2D SPACE',''
  ) );
#728 = ORIENTED_EDGE('',*,*,#112,.T.);
#729 = ORIENTED_EDGE('',*,*,#730,.F.);
#730 = EDGE_CURVE('',#731,#113,#733,.T.);
#731 = VERTEX_POINT('',#732);
#732 = CARTESIAN_POINT('',(40.,35.207665749433,-97.7641036502));
#733 = SURFACE_CURVE('',#734,(#738,#745),.PCURVE_S1.);
#734 = LINE('',#735,#736);
#735 = CARTESIAN_POINT('',(39.847290784235,35.171643981913,
    -97.91250357218));
#736 = VECTOR('',#737,1.);
#737 = DIRECTION('',(-0.707106781187,-0.166795670819,-0.687152970012));
#738 = PCURVE('',#128,#739);
#739 = DEFINITIONAL_REPRESENTATION('',(#740),#744);
#740 = LINE('',#741,#742);
#741 = CARTESIAN_POINT('',(-2.087115149226,0.491143337152));
#742 = VECTOR('',#743,1.);
#743 = DIRECTION('',(-1.090794121694E-14,-1.));
#744 = ( GEOMETRIC_REPRESENTATION_CONTEXT(2) 
PARAMETRIC_REPRESENTATION_CONTEXT() REPRESENTATION_CONTEXT('2D SPACE',''
  ) );
#745 = PCURVE('',#746,#751);
#746 = PLANE('',#747);
#747 = AXIS2_PLACEMENT_3D('',#748,#749,#750);
#748 = CARTESIAN_POINT('',(40.,34.585205735981,-97.21254738084));
#749 = DIRECTION('',(-0.662216300237,0.49693915979,0.560821757039));
#750 = DIRECTION('',(4.024558464266E-15,0.748448187796,-0.663193267596)
  );
#751 = DEFINITIONAL_REPRESENTATION('',(#752),#756);
#752 = LINE('',#753,#754);
#753 = CARTESIAN_POINT('',(0.903124876132,0.203799040185));
#754 = VECTOR('',#755,1.);
#755 = DIRECTION('',(0.330877305964,0.943673782829));
#756 = ( GEOMETRIC_REPRESENTATION_CONTEXT(2) 
PARAMETRIC_REPRESENTATION_CONTEXT() REPRESENTATION_CONTEXT('2D SPACE',''
  ) );
#757 = ORIENTED_EDGE('',*,*,#758,.F.);
#758 = EDGE_CURVE('',#707,#731,#759,.T.);
#759 = SURFACE_CURVE('',#760,(#764,#771),.PCURVE_S1.);
#760 = LINE('',#761,#762);
#761 = CARTESIAN_POINT('',(40.,37.235884699817,-98.25642218066));
#762 = VECTOR('',#763,1.);
#763 = DIRECTION('',(6.458096405091E-16,-0.971781049616,0.235884699817)
  );
#764 = PCURVE('',#128,#765);
#765 = DEFINITIONAL_REPRESENTATION('',(#766),#770);
#766 = LINE('',#767,#768);
#767 = CARTESIAN_POINT('',(1.65145674913E-15,0.707106781187));
#768 = VECTOR('',#769,1.);
#769 = DIRECTION('',(-1.,-5.551115123126E-17));
#770 = ( GEOMETRIC_REPRESENTATION_CONTEXT(2) 
PARAMETRIC_REPRESENTATION_CONTEXT() REPRESENTATION_CONTEXT('2D SPACE',''
  ) );
#771 = PCURVE('',#772,#777);
#772 = PLANE('',#773);
#773 = AXIS2_PLACEMENT_3D('',#774,#775,#776);
#774 = CARTESIAN_POINT('',(40.,33.337053696959,-87.32429695029));
#775 = DIRECTION('',(1.,-1.20283046097E-15,-5.30999355967E-16));
#776 = DIRECTION('',(1.20283046097E-15,1.,0.));
#777 = DEFINITIONAL_REPRESENTATION('',(#778),#782);
#778 = LINE('',#779,#780);
#779 = CARTESIAN_POINT('',(3.898831002858,-10.93212523036));
#780 = VECTOR('',#781,1.);
#781 = DIRECTION('',(-0.971781049616,0.235884699817));
#782 = ( GEOMETRIC_REPRESENTATION_CONTEXT(2) 
PARAMETRIC_REPRESENTATION_CONTEXT() REPRESENTATION_CONTEXT('2D SPACE',''
  ) );
#783 = ADVANCED_FACE('',(#784,#1263,#1400,#1514,#1628,#1695,#1895,#1926,
    #1957),#184,.T.);
#784 = FACE_BOUND('',#785,.T.);
#785 = EDGE_LOOP('',(#786,#787,#810,#838,#866,#894,#922,#950,#978,#1006,
    #1034,#1062,#1085,#1113,#1141,#1235,#1262));
#786 = ORIENTED_EDGE('',*,*,#168,.T.);
#787 = ORIENTED_EDGE('',*,*,#788,.F.);
#788 = EDGE_CURVE('',#789,#141,#791,.T.);
#789 = VERTEX_POINT('',#790);
#790 = CARTESIAN_POINT('',(10.,33.648876558412,-97.56367082243));
#791 = SURFACE_CURVE('',#792,(#796,#803),.PCURVE_S1.);
#792 = LINE('',#793,#794);
#793 = CARTESIAN_POINT('',(10.,35.113180010667,-98.86117705878));
#794 = VECTOR('',#795,1.);
#795 = DIRECTION('',(0.,0.748448187796,-0.663193267596));
#796 = PCURVE('',#184,#797);
#797 = DEFINITIONAL_REPRESENTATION('',(#798),#802);
#798 = LINE('',#799,#800);
#799 = CARTESIAN_POINT('',(-33.61118020588,70.921659971195));
#800 = VECTOR('',#801,1.);
#801 = DIRECTION('',(0.663193267596,-0.748448187796));
#802 = ( GEOMETRIC_REPRESENTATION_CONTEXT(2) 
PARAMETRIC_REPRESENTATION_CONTEXT() REPRESENTATION_CONTEXT('2D SPACE',''
  ) );
#803 = PCURVE('',#156,#804);
#804 = DEFINITIONAL_REPRESENTATION('',(#805),#809);
#805 = LINE('',#806,#807);
#806 = CARTESIAN_POINT('',(-4.160008679876E-32,1.072687755471));
#807 = VECTOR('',#808,1.);
#808 = DIRECTION('',(-1.54074395551E-33,1.));
#809 = ( GEOMETRIC_REPRESENTATION_CONTEXT(2) 
PARAMETRIC_REPRESENTATION_CONTEXT() REPRESENTATION_CONTEXT('2D SPACE',''
  ) );
#810 = ORIENTED_EDGE('',*,*,#811,.F.);
#811 = EDGE_CURVE('',#812,#789,#814,.T.);
#812 = VERTEX_POINT('',#813);
#813 = CARTESIAN_POINT('',(10.,26.851123441588,-79.43632917756));
#814 = SURFACE_CURVE('',#815,(#819,#826),.PCURVE_S1.);
#815 = LINE('',#816,#817);
#816 = CARTESIAN_POINT('',(10.,26.5,-78.5));
#817 = VECTOR('',#818,1.);
#818 = DIRECTION('',(-0.,0.351123441588,-0.936329177569));
#819 = PCURVE('',#184,#820);
#820 = DEFINITIONAL_REPRESENTATION('',(#821),#825);
#821 = LINE('',#822,#823);
#822 = CARTESIAN_POINT('',(-53.97235726467,79.534839981862));
#823 = VECTOR('',#824,1.);
#824 = DIRECTION('',(0.936329177569,-0.351123441588));
#825 = ( GEOMETRIC_REPRESENTATION_CONTEXT(2) 
PARAMETRIC_REPRESENTATION_CONTEXT() REPRESENTATION_CONTEXT('2D SPACE',''
  ) );
#826 = PCURVE('',#827,#832);
#827 = PLANE('',#828);
#828 = AXIS2_PLACEMENT_3D('',#829,#830,#831);
#829 = CARTESIAN_POINT('',(25.,30.25,-88.5));
#830 = DIRECTION('',(-0.,-0.936329177569,-0.351123441588));
#831 = DIRECTION('',(0.,0.351123441588,-0.936329177569));
#832 = DEFINITIONAL_REPRESENTATION('',(#833),#837);
#833 = LINE('',#834,#835);
#834 = CARTESIAN_POINT('',(-10.68000468164,-15.));
#835 = VECTOR('',#836,1.);
#836 = DIRECTION('',(1.,0.));
#837 = ( GEOMETRIC_REPRESENTATION_CONTEXT(2) 
PARAMETRIC_REPRESENTATION_CONTEXT() REPRESENTATION_CONTEXT('2D SPACE',''
  ) );
#838 = ORIENTED_EDGE('',*,*,#839,.F.);
#839 = EDGE_CURVE('',#840,#812,#842,.T.);
#840 = VERTEX_POINT('',#841);
#841 = CARTESIAN_POINT('',(10.,27.5,-78.5));
#842 = SURFACE_CURVE('',#843,(#847,#854),.PCURVE_S1.);
#843 = LINE('',#844,#845);
#844 = CARTESIAN_POINT('',(10.,27.990964093272,-77.79153858355));
#845 = VECTOR('',#846,1.);
#846 = DIRECTION('',(0.,-0.569594837763,-0.821925617556));
#847 = PCURVE('',#184,#848);
#848 = DEFINITIONAL_REPRESENTATION('',(#849),#853);
#849 = LINE('',#850,#851);
#850 = CARTESIAN_POINT('',(-54.68081868111,78.04387588859));
#851 = VECTOR('',#852,1.);
#852 = DIRECTION('',(0.821925617556,0.569594837763));
#853 = ( GEOMETRIC_REPRESENTATION_CONTEXT(2) 
PARAMETRIC_REPRESENTATION_CONTEXT() REPRESENTATION_CONTEXT('2D SPACE',''
  ) );
#854 = PCURVE('',#855,#860);
#855 = PLANE('',#856);
#856 = AXIS2_PLACEMENT_3D('',#857,#858,#859);
#857 = CARTESIAN_POINT('',(10.,27.175561720794,-78.96816458878));
#858 = DIRECTION('',(-2.933184921341E-16,-0.821925617556,0.569594837763)
  );
#859 = DIRECTION('',(-1.,2.410859827878E-16,-1.670726989399E-16));
#860 = DEFINITIONAL_REPRESENTATION('',(#861),#865);
#861 = LINE('',#862,#863);
#862 = CARTESIAN_POINT('',(9.3677232495E-31,-1.431548038042));
#863 = VECTOR('',#864,1.);
#864 = DIRECTION('',(-0.,1.));
#865 = ( GEOMETRIC_REPRESENTATION_CONTEXT(2) 
PARAMETRIC_REPRESENTATION_CONTEXT() REPRESENTATION_CONTEXT('2D SPACE',''
  ) );
#866 = ORIENTED_EDGE('',*,*,#867,.F.);
#867 = EDGE_CURVE('',#868,#840,#870,.T.);
#868 = VERTEX_POINT('',#869);
#869 = CARTESIAN_POINT('',(10.,109.5,-78.5));
#870 = SURFACE_CURVE('',#871,(#875,#882),.PCURVE_S1.);
#871 = LINE('',#872,#873);
#872 = CARTESIAN_POINT('',(10.,64.,-78.5));
#873 = VECTOR('',#874,1.);
#874 = DIRECTION('',(0.,-1.,4.168517383126E-15));
#875 = PCURVE('',#184,#876);
#876 = DEFINITIONAL_REPRESENTATION('',(#877),#881);
#877 = LINE('',#878,#879);
#878 = CARTESIAN_POINT('',(-53.97235726467,42.034839981861));
#879 = VECTOR('',#880,1.);
#880 = DIRECTION('',(-4.168517383126E-15,1.));
#881 = ( GEOMETRIC_REPRESENTATION_CONTEXT(2) 
PARAMETRIC_REPRESENTATION_CONTEXT() REPRESENTATION_CONTEXT('2D SPACE',''
  ) );
#882 = PCURVE('',#883,#888);
#883 = PLANE('',#884);
#884 = AXIS2_PLACEMENT_3D('',#885,#886,#887);
#885 = CARTESIAN_POINT('',(19.0288147638,59.97719157218,-78.5));
#886 = DIRECTION('',(-6.143036060883E-16,4.260791527467E-15,1.));
#887 = DIRECTION('',(0.,1.,-4.260791527467E-15));
#888 = DEFINITIONAL_REPRESENTATION('',(#889),#893);
#889 = LINE('',#890,#891);
#890 = CARTESIAN_POINT('',(4.022808427821,9.0288147638));
#891 = VECTOR('',#892,1.);
#892 = DIRECTION('',(-1.,5.668433961764E-32));
#893 = ( GEOMETRIC_REPRESENTATION_CONTEXT(2) 
PARAMETRIC_REPRESENTATION_CONTEXT() REPRESENTATION_CONTEXT('2D SPACE',''
  ) );
#894 = ORIENTED_EDGE('',*,*,#895,.F.);
#895 = EDGE_CURVE('',#896,#868,#898,.T.);
#896 = VERTEX_POINT('',#897);
#897 = CARTESIAN_POINT('',(10.,109.5,-52.));
#898 = SURFACE_CURVE('',#899,(#903,#910),.PCURVE_S1.);
#899 = LINE('',#900,#901);
#900 = CARTESIAN_POINT('',(10.,109.5,-108.6217782649));
#901 = VECTOR('',#902,1.);
#902 = DIRECTION('',(3.E-17,0.,-1.));
#903 = PCURVE('',#184,#904);
#904 = DEFINITIONAL_REPRESENTATION('',(#905),#909);
#905 = LINE('',#906,#907);
#906 = CARTESIAN_POINT('',(-23.85057899976,-3.465160018138));
#907 = VECTOR('',#908,1.);
#908 = DIRECTION('',(1.,0.));
#909 = ( GEOMETRIC_REPRESENTATION_CONTEXT(2) 
PARAMETRIC_REPRESENTATION_CONTEXT() REPRESENTATION_CONTEXT('2D SPACE',''
  ) );
#910 = PCURVE('',#911,#916);
#911 = PLANE('',#912);
#912 = AXIS2_PLACEMENT_3D('',#913,#914,#915);
#913 = CARTESIAN_POINT('',(20.,109.5,-113.2820323027));
#914 = DIRECTION('',(-0.,-1.,-0.));
#915 = DIRECTION('',(0.,0.,-1.));
#916 = DEFINITIONAL_REPRESENTATION('',(#917),#921);
#917 = LINE('',#918,#919);
#918 = CARTESIAN_POINT('',(-4.660254037844,-10.));
#919 = VECTOR('',#920,1.);
#920 = DIRECTION('',(1.,3.E-17));
#921 = ( GEOMETRIC_REPRESENTATION_CONTEXT(2) 
PARAMETRIC_REPRESENTATION_CONTEXT() REPRESENTATION_CONTEXT('2D SPACE',''
  ) );
#922 = ORIENTED_EDGE('',*,*,#923,.T.);
#923 = EDGE_CURVE('',#896,#924,#926,.T.);
#924 = VERTEX_POINT('',#925);
#925 = CARTESIAN_POINT('',(10.,163.5,-52.));
#926 = SURFACE_CURVE('',#927,(#931,#938),.PCURVE_S1.);
#927 = LINE('',#928,#929);
#928 = CARTESIAN_POINT('',(10.,99.75,-52.));
#929 = VECTOR('',#930,1.);
#930 = DIRECTION('',(0.,1.,0.));
#931 = PCURVE('',#184,#932);
#932 = DEFINITIONAL_REPRESENTATION('',(#933),#937);
#933 = LINE('',#934,#935);
#934 = CARTESIAN_POINT('',(-80.47235726467,6.284839981862));
#935 = VECTOR('',#936,1.);
#936 = DIRECTION('',(0.,-1.));
#937 = ( GEOMETRIC_REPRESENTATION_CONTEXT(2) 
PARAMETRIC_REPRESENTATION_CONTEXT() REPRESENTATION_CONTEXT('2D SPACE',''
  ) );
#938 = PCURVE('',#939,#944);
#939 = PLANE('',#940);
#940 = AXIS2_PLACEMENT_3D('',#941,#942,#943);
#941 = CARTESIAN_POINT('',(24.163524272182,85.973730861907,-52.));
#942 = DIRECTION('',(0.,0.,1.));
#943 = DIRECTION('',(1.,0.,0.));
#944 = DEFINITIONAL_REPRESENTATION('',(#945),#949);
#945 = LINE('',#946,#947);
#946 = CARTESIAN_POINT('',(-14.16352427218,13.776269138093));
#947 = VECTOR('',#948,1.);
#948 = DIRECTION('',(0.,1.));
#949 = ( GEOMETRIC_REPRESENTATION_CONTEXT(2) 
PARAMETRIC_REPRESENTATION_CONTEXT() REPRESENTATION_CONTEXT('2D SPACE',''
  ) );
#950 = ORIENTED_EDGE('',*,*,#951,.F.);
#951 = EDGE_CURVE('',#952,#924,#954,.T.);
#952 = VERTEX_POINT('',#953);
#953 = CARTESIAN_POINT('',(10.,163.5,-191.3442101292));
#954 = SURFACE_CURVE('',#955,(#959,#966),.PCURVE_S1.);
#955 = LINE('',#956,#957);
#956 = CARTESIAN_POINT('',(10.,163.5,-220.6721050646));
#957 = VECTOR('',#958,1.);
#958 = DIRECTION('',(0.,0.,1.));
#959 = PCURVE('',#184,#960);
#960 = DEFINITIONAL_REPRESENTATION('',(#961),#965);
#961 = LINE('',#962,#963);
#962 = CARTESIAN_POINT('',(88.199747799951,-57.46516001813));
#963 = VECTOR('',#964,1.);
#964 = DIRECTION('',(-1.,0.));
#965 = ( GEOMETRIC_REPRESENTATION_CONTEXT(2) 
PARAMETRIC_REPRESENTATION_CONTEXT() REPRESENTATION_CONTEXT('2D SPACE',''
  ) );
#966 = PCURVE('',#967,#972);
#967 = PLANE('',#968);
#968 = AXIS2_PLACEMENT_3D('',#969,#970,#971);
#969 = CARTESIAN_POINT('',(23.940246002794,163.5,-130.4959097811));
#970 = DIRECTION('',(2.26E-15,1.,0.));
#971 = DIRECTION('',(1.,-2.26E-15,0.));
#972 = DEFINITIONAL_REPRESENTATION('',(#973),#977);
#973 = LINE('',#974,#975);
#974 = CARTESIAN_POINT('',(-13.94024600279,90.176195283508));
#975 = VECTOR('',#976,1.);
#976 = DIRECTION('',(0.,-1.));
#977 = ( GEOMETRIC_REPRESENTATION_CONTEXT(2) 
PARAMETRIC_REPRESENTATION_CONTEXT() REPRESENTATION_CONTEXT('2D SPACE',''
  ) );
#978 = ORIENTED_EDGE('',*,*,#979,.F.);
#979 = EDGE_CURVE('',#980,#952,#982,.T.);
#980 = VERTEX_POINT('',#981);
#981 = CARTESIAN_POINT('',(10.,163.,-191.3442101292));
#982 = SURFACE_CURVE('',#983,(#987,#994),.PCURVE_S1.);
#983 = LINE('',#984,#985);
#984 = CARTESIAN_POINT('',(10.,116.84667678392,-191.3442101292));
#985 = VECTOR('',#986,1.);
#986 = DIRECTION('',(0.,1.,-7.9E-16));
#987 = PCURVE('',#184,#988);
#988 = DEFINITIONAL_REPRESENTATION('',(#989),#993);
#989 = LINE('',#990,#991);
#990 = CARTESIAN_POINT('',(58.871852864574,-10.81183680205));
#991 = VECTOR('',#992,1.);
#992 = DIRECTION('',(7.9E-16,-1.));
#993 = ( GEOMETRIC_REPRESENTATION_CONTEXT(2) 
PARAMETRIC_REPRESENTATION_CONTEXT() REPRESENTATION_CONTEXT('2D SPACE',''
  ) );
#994 = PCURVE('',#995,#1000);
#995 = PLANE('',#996);
#996 = AXIS2_PLACEMENT_3D('',#997,#998,#999);
#997 = CARTESIAN_POINT('',(24.190620367677,137.32868185209,
    -166.7653346615));
#998 = DIRECTION('',(-0.866025403784,2.4E-16,0.5));
#999 = DIRECTION('',(-0.5,1.232595164408E-32,-0.866025403784));
#1000 = DEFINITIONAL_REPRESENTATION('',(#1001),#1005);
#1001 = LINE('',#1002,#1003);
#1002 = CARTESIAN_POINT('',(28.381240735353,20.482005068176));
#1003 = VECTOR('',#1004,1.);
#1004 = DIRECTION('',(6.841600689897E-16,-1.));
#1005 = ( GEOMETRIC_REPRESENTATION_CONTEXT(2) 
PARAMETRIC_REPRESENTATION_CONTEXT() REPRESENTATION_CONTEXT('2D SPACE',''
  ) );
#1006 = ORIENTED_EDGE('',*,*,#1007,.F.);
#1007 = EDGE_CURVE('',#1008,#980,#1010,.T.);
#1008 = VERTEX_POINT('',#1009);
#1009 = CARTESIAN_POINT('',(10.,163.,-193.5322316644));
#1010 = SURFACE_CURVE('',#1011,(#1015,#1022),.PCURVE_S1.);
#1011 = LINE('',#1012,#1013);
#1012 = CARTESIAN_POINT('',(10.,163.,-219.));
#1013 = VECTOR('',#1014,1.);
#1014 = DIRECTION('',(0.,0.,1.));
#1015 = PCURVE('',#184,#1016);
#1016 = DEFINITIONAL_REPRESENTATION('',(#1017),#1021);
#1017 = LINE('',#1018,#1019);
#1018 = CARTESIAN_POINT('',(86.527642735328,-56.96516001813));
#1019 = VECTOR('',#1020,1.);
#1020 = DIRECTION('',(-1.,0.));
#1021 = ( GEOMETRIC_REPRESENTATION_CONTEXT(2) 
PARAMETRIC_REPRESENTATION_CONTEXT() REPRESENTATION_CONTEXT('2D SPACE',''
  ) );
#1022 = PCURVE('',#1023,#1028);
#1023 = PLANE('',#1024);
#1024 = AXIS2_PLACEMENT_3D('',#1025,#1026,#1027);
#1025 = CARTESIAN_POINT('',(10.,163.,-219.));
#1026 = DIRECTION('',(0.,1.,0.));
#1027 = DIRECTION('',(0.,0.,1.));
#1028 = DEFINITIONAL_REPRESENTATION('',(#1029),#1033);
#1029 = LINE('',#1030,#1031);
#1030 = CARTESIAN_POINT('',(0.,0.));
#1031 = VECTOR('',#1032,1.);
#1032 = DIRECTION('',(1.,0.));
#1033 = ( GEOMETRIC_REPRESENTATION_CONTEXT(2) 
PARAMETRIC_REPRESENTATION_CONTEXT() REPRESENTATION_CONTEXT('2D SPACE',''
  ) );
#1034 = ORIENTED_EDGE('',*,*,#1035,.T.);
#1035 = EDGE_CURVE('',#1008,#1036,#1038,.T.);
#1036 = VERTEX_POINT('',#1037);
#1037 = CARTESIAN_POINT('',(10.,163.5,-193.5322316644));
#1038 = SURFACE_CURVE('',#1039,(#1043,#1050),.PCURVE_S1.);
#1039 = LINE('',#1040,#1041);
#1040 = CARTESIAN_POINT('',(10.,125.84667678392,-193.5322316644));
#1041 = VECTOR('',#1042,1.);
#1042 = DIRECTION('',(0.,1.,1.5E-16));
#1043 = PCURVE('',#184,#1044);
#1044 = DEFINITIONAL_REPRESENTATION('',(#1045),#1049);
#1045 = LINE('',#1046,#1047);
#1046 = CARTESIAN_POINT('',(61.059874399744,-19.81183680205));
#1047 = VECTOR('',#1048,1.);
#1048 = DIRECTION('',(-1.5E-16,-1.));
#1049 = ( GEOMETRIC_REPRESENTATION_CONTEXT(2) 
PARAMETRIC_REPRESENTATION_CONTEXT() REPRESENTATION_CONTEXT('2D SPACE',''
  ) );
#1050 = PCURVE('',#1051,#1056);
#1051 = PLANE('',#1052);
#1052 = AXIS2_PLACEMENT_3D('',#1053,#1054,#1055);
#1053 = CARTESIAN_POINT('',(22.896519221083,145.5,-200.9780405083));
#1054 = DIRECTION('',(0.5,-1.3E-16,0.866025403784));
#1055 = DIRECTION('',(0.866025403784,0.,-0.5));
#1056 = DEFINITIONAL_REPRESENTATION('',(#1057),#1061);
#1057 = LINE('',#1058,#1059);
#1058 = CARTESIAN_POINT('',(-14.8916176878,-19.65332321608));
#1059 = VECTOR('',#1060,1.);
#1060 = DIRECTION('',(-7.5E-17,1.));
#1061 = ( GEOMETRIC_REPRESENTATION_CONTEXT(2) 
PARAMETRIC_REPRESENTATION_CONTEXT() REPRESENTATION_CONTEXT('2D SPACE',''
  ) );
#1062 = ORIENTED_EDGE('',*,*,#1063,.F.);
#1063 = EDGE_CURVE('',#1064,#1036,#1066,.T.);
#1064 = VERTEX_POINT('',#1065);
#1065 = CARTESIAN_POINT('',(10.,163.5,-215.));
#1066 = SURFACE_CURVE('',#1067,(#1071,#1078),.PCURVE_S1.);
#1067 = LINE('',#1068,#1069);
#1068 = CARTESIAN_POINT('',(10.,163.5,-220.6721050646));
#1069 = VECTOR('',#1070,1.);
#1070 = DIRECTION('',(0.,0.,1.));
#1071 = PCURVE('',#184,#1072);
#1072 = DEFINITIONAL_REPRESENTATION('',(#1073),#1077);
#1073 = LINE('',#1074,#1075);
#1074 = CARTESIAN_POINT('',(88.199747799951,-57.46516001813));
#1075 = VECTOR('',#1076,1.);
#1076 = DIRECTION('',(-1.,0.));
#1077 = ( GEOMETRIC_REPRESENTATION_CONTEXT(2) 
PARAMETRIC_REPRESENTATION_CONTEXT() REPRESENTATION_CONTEXT('2D SPACE',''
  ) );
#1078 = PCURVE('',#967,#1079);
#1079 = DEFINITIONAL_REPRESENTATION('',(#1080),#1084);
#1080 = LINE('',#1081,#1082);
#1081 = CARTESIAN_POINT('',(-13.94024600279,90.176195283508));
#1082 = VECTOR('',#1083,1.);
#1083 = DIRECTION('',(0.,-1.));
#1084 = ( GEOMETRIC_REPRESENTATION_CONTEXT(2) 
PARAMETRIC_REPRESENTATION_CONTEXT() REPRESENTATION_CONTEXT('2D SPACE',''
  ) );
#1085 = ORIENTED_EDGE('',*,*,#1086,.F.);
#1086 = EDGE_CURVE('',#1087,#1064,#1089,.T.);
#1087 = VERTEX_POINT('',#1088);
#1088 = CARTESIAN_POINT('',(10.,162.5,-216.));
#1089 = SURFACE_CURVE('',#1090,(#1094,#1101),.PCURVE_S1.);
#1090 = LINE('',#1091,#1092);
#1091 = CARTESIAN_POINT('',(10.,170.05563173566,-208.4443682643));
#1092 = VECTOR('',#1093,1.);
#1093 = DIRECTION('',(0.,0.707106781187,0.707106781187));
#1094 = PCURVE('',#184,#1095);
#1095 = DEFINITIONAL_REPRESENTATION('',(#1096),#1100);
#1096 = LINE('',#1097,#1098);
#1097 = CARTESIAN_POINT('',(75.972010999667,-64.02079175379));
#1098 = VECTOR('',#1099,1.);
#1099 = DIRECTION('',(-0.707106781187,-0.707106781187));
#1100 = ( GEOMETRIC_REPRESENTATION_CONTEXT(2) 
PARAMETRIC_REPRESENTATION_CONTEXT() REPRESENTATION_CONTEXT('2D SPACE',''
  ) );
#1101 = PCURVE('',#1102,#1107);
#1102 = PLANE('',#1103);
#1103 = AXIS2_PLACEMENT_3D('',#1104,#1105,#1106);
#1104 = CARTESIAN_POINT('',(16.549582771864,163.,-215.5));
#1105 = DIRECTION('',(0.,0.707106781187,-0.707106781187));
#1106 = DIRECTION('',(-1.,1.19E-15,1.19E-15));
#1107 = DEFINITIONAL_REPRESENTATION('',(#1108),#1112);
#1108 = LINE('',#1109,#1110);
#1109 = CARTESIAN_POINT('',(6.549582771864,9.978170091682));
#1110 = VECTOR('',#1111,1.);
#1111 = DIRECTION('',(1.682914139224E-15,1.));
#1112 = ( GEOMETRIC_REPRESENTATION_CONTEXT(2) 
PARAMETRIC_REPRESENTATION_CONTEXT() REPRESENTATION_CONTEXT('2D SPACE',''
  ) );
#1113 = ORIENTED_EDGE('',*,*,#1114,.F.);
#1114 = EDGE_CURVE('',#1115,#1087,#1117,.T.);
#1115 = VERTEX_POINT('',#1116);
#1116 = CARTESIAN_POINT('',(10.,57.75219529066,-216.));
#1117 = SURFACE_CURVE('',#1118,(#1122,#1129),.PCURVE_S1.);
#1118 = LINE('',#1119,#1120);
#1119 = CARTESIAN_POINT('',(10.,100.77710362598,-216.));
#1120 = VECTOR('',#1121,1.);
#1121 = DIRECTION('',(0.,1.,0.));
#1122 = PCURVE('',#184,#1123);
#1123 = DEFINITIONAL_REPRESENTATION('',(#1124),#1128);
#1124 = LINE('',#1125,#1126);
#1125 = CARTESIAN_POINT('',(83.527642735328,5.257736355874));
#1126 = VECTOR('',#1127,1.);
#1127 = DIRECTION('',(0.,-1.));
#1128 = ( GEOMETRIC_REPRESENTATION_CONTEXT(2) 
PARAMETRIC_REPRESENTATION_CONTEXT() REPRESENTATION_CONTEXT('2D SPACE',''
  ) );
#1129 = PCURVE('',#1130,#1135);
#1130 = PLANE('',#1131);
#1131 = AXIS2_PLACEMENT_3D('',#1132,#1133,#1134);
#1132 = CARTESIAN_POINT('',(21.066378901895,111.177668809,-216.));
#1133 = DIRECTION('',(-0.,-0.,-1.));
#1134 = DIRECTION('',(-1.,0.,0.));
#1135 = DEFINITIONAL_REPRESENTATION('',(#1136),#1140);
#1136 = LINE('',#1137,#1138);
#1137 = CARTESIAN_POINT('',(11.066378901895,-10.40056518301));
#1138 = VECTOR('',#1139,1.);
#1139 = DIRECTION('',(0.,1.));
#1140 = ( GEOMETRIC_REPRESENTATION_CONTEXT(2) 
PARAMETRIC_REPRESENTATION_CONTEXT() REPRESENTATION_CONTEXT('2D SPACE',''
  ) );
#1141 = ORIENTED_EDGE('',*,*,#1142,.F.);
#1142 = EDGE_CURVE('',#1143,#1115,#1145,.T.);
#1143 = VERTEX_POINT('',#1144);
#1144 = CARTESIAN_POINT('',(10.00000065766,56.683421135856,
    -215.0018955491));
#1145 = SURFACE_CURVE('',#1146,(#1152,#1161),.PCURVE_S1.);
#1146 = B_SPLINE_CURVE_WITH_KNOTS('',4,(#1147,#1148,#1149,#1150,#1151),
  .UNSPECIFIED.,.F.,.F.,(5,5),(0.,1.),.PIECEWISE_BEZIER_KNOTS.);
#1147 = CARTESIAN_POINT('',(10.,56.683421070306,-215.0018955484));
#1148 = CARTESIAN_POINT('',(10.,56.950090390726,-215.2514507426));
#1149 = CARTESIAN_POINT('',(10.,57.217098549045,-215.5009874312));
#1150 = CARTESIAN_POINT('',(10.,57.484460982206,-215.75050435));
#1151 = CARTESIAN_POINT('',(10.,57.752195295993,-216.));
#1152 = PCURVE('',#184,#1153);
#1153 = DEFINITIONAL_REPRESENTATION('',(#1154),#1160);
#1154 = B_SPLINE_CURVE_WITH_KNOTS('',4,(#1155,#1156,#1157,#1158,#1159),
  .UNSPECIFIED.,.F.,.F.,(5,5),(0.,1.),.PIECEWISE_BEZIER_KNOTS.);
#1155 = CARTESIAN_POINT('',(82.529538283824,49.351418911556));
#1156 = CARTESIAN_POINT('',(82.779093477982,49.084749591136));
#1157 = CARTESIAN_POINT('',(83.028630166619,48.817741432817));
#1158 = CARTESIAN_POINT('',(83.278147085375,48.550378999656));
#1159 = CARTESIAN_POINT('',(83.527642735328,48.282644685869));
#1160 = ( GEOMETRIC_REPRESENTATION_CONTEXT(2) 
PARAMETRIC_REPRESENTATION_CONTEXT() REPRESENTATION_CONTEXT('2D SPACE',''
  ) );
#1161 = PCURVE('',#1162,#1227);
#1162 = B_SPLINE_SURFACE_WITH_KNOTS('',1,11,(
    (#1163,#1164,#1165,#1166,#1167,#1168,#1169,#1170,#1171,#1172,#1173
      ,#1174,#1175,#1176,#1177,#1178,#1179,#1180,#1181,#1182,#1183,#1184
      ,#1185,#1186,#1187,#1188,#1189,#1190,#1191,#1192,#1193,#1194)
    ,(#1195,#1196,#1197,#1198,#1199,#1200,#1201,#1202,#1203,#1204,#1205
      ,#1206,#1207,#1208,#1209,#1210,#1211,#1212,#1213,#1214,#1215,#1216
      ,#1217,#1218,#1219,#1220,#1221,#1222,#1223,#1224,#1225,#1226
  )),.UNSPECIFIED.,.F.,.F.,.F.,(2,2),(12,10,10,12),(0.,63.598970124954),
  (-2.434810473085,-6.498798705447E-03,61.609270660472,63.592471326249),
  .UNSPECIFIED.);
#1163 = CARTESIAN_POINT('',(7.359071646816,56.420195223214,
    -214.9993807385));
#1164 = CARTESIAN_POINT('',(7.599156102347,56.444124851636,
    -214.9996093576));
#1165 = CARTESIAN_POINT('',(7.839240557879,56.468054480058,
    -214.9998379768));
#1166 = CARTESIAN_POINT('',(8.07932501341,56.49198410848,-215.0000665959
    ));
#1167 = CARTESIAN_POINT('',(8.319409468941,56.515913736902,
    -215.000295215));
#1168 = CARTESIAN_POINT('',(8.559493924472,56.539843365324,
    -215.0005238342));
#1169 = CARTESIAN_POINT('',(8.799578380003,56.563772993746,
    -215.0007524533));
#1170 = CARTESIAN_POINT('',(9.039662835535,56.587702622168,
    -215.0009810725));
#1171 = CARTESIAN_POINT('',(9.279747291066,56.61163225059,
    -215.0012096916));
#1172 = CARTESIAN_POINT('',(9.519831746597,56.635561879012,
    -215.0014383108));
#1173 = CARTESIAN_POINT('',(9.759916202128,56.659491507434,
    -215.0016669299));
#1174 = CARTESIAN_POINT('',(16.091882774285,57.290609448482,
    -215.0076965114));
#1175 = CARTESIAN_POINT('',(22.050131552317,59.001460089566,
    -215.0231632769));
#1176 = CARTESIAN_POINT('',(27.575744520119,61.797578881077,
    -215.0472763644));
#1177 = CARTESIAN_POINT('',(32.385651079513,65.59054786505,
    -215.0777936381));
#1178 = CARTESIAN_POINT('',(36.199880167939,70.237069560709,
    -215.1085611465));
#1179 = CARTESIAN_POINT('',(38.834933088075,75.507902434786,
    -215.1364666309));
#1180 = CARTESIAN_POINT('',(40.093155372365,81.188743654501,
    -215.1496662897));
#1181 = CARTESIAN_POINT('',(39.921511610039,86.902901963652,
    -215.1461486255));
#1182 = CARTESIAN_POINT('',(38.391939379452,92.374681451785,
    -215.1305151323));
#1183 = CARTESIAN_POINT('',(35.638634171419,97.341364517605,
    -215.1075465082));
#1184 = CARTESIAN_POINT('',(31.739276575274,101.7367825236,
    -215.0816855212));
#1185 = CARTESIAN_POINT('',(31.616621946695,101.87311027201,
    -215.0808770063));
#1186 = CARTESIAN_POINT('',(31.492913801575,102.00869580306,
    -215.0800664757));
#1187 = CARTESIAN_POINT('',(31.368160223936,102.14353120924,
    -215.0792535886));
#1188 = CARTESIAN_POINT('',(31.242369569184,102.27760873865,
    -215.0784375879));
#1189 = CARTESIAN_POINT('',(31.115550463177,102.41092079336,
    -215.0776172952));
#1190 = CARTESIAN_POINT('',(30.987711803447,102.54345993152,
    -215.0767911174));
#1191 = CARTESIAN_POINT('',(30.858862757922,102.67521886517,
    -215.0759570394));
#1192 = CARTESIAN_POINT('',(30.729012766005,102.80619046209,
    -215.0751126307));
#1193 = CARTESIAN_POINT('',(30.598171537837,102.93636774452,
    -215.0742550407));
#1194 = CARTESIAN_POINT('',(30.466349054699,103.06574388988,
    -215.0733810014));
#1195 = CARTESIAN_POINT('',(7.241923004025,57.434207941198,-216.));
#1196 = CARTESIAN_POINT('',(7.488487754715,57.46261650511,-216.));
#1197 = CARTESIAN_POINT('',(7.733677250377,57.490866615633,-216.));
#1198 = CARTESIAN_POINT('',(7.977491491012,57.518958272767,-216.));
#1199 = CARTESIAN_POINT('',(8.21993047662,57.546891476512,-216.));
#1200 = CARTESIAN_POINT('',(8.4609942072,57.574666226869,-216.));
#1201 = CARTESIAN_POINT('',(8.700682682752,57.602282523836,-216.));
#1202 = CARTESIAN_POINT('',(8.938995903277,57.629740367414,-216.));
#1203 = CARTESIAN_POINT('',(9.175933868775,57.657039757604,-216.));
#1204 = CARTESIAN_POINT('',(9.411496579245,57.684180694404,-216.));
#1205 = CARTESIAN_POINT('',(9.645684034687,57.711163177815,-216.));
#1206 = CARTESIAN_POINT('',(15.785852782205,58.418617815214,
    -215.9999999999));
#1207 = CARTESIAN_POINT('',(21.526930828713,60.165000122979,-216.));
#1208 = CARTESIAN_POINT('',(26.809990932992,62.942205854917,
    -215.9999999998));
#1209 = CARTESIAN_POINT('',(31.351446464072,66.647848252807,
    -216.0000000003));
#1210 = CARTESIAN_POINT('',(34.923950112401,71.108739612048,
    -215.9999999996));
#1211 = CARTESIAN_POINT('',(37.313441089277,76.121058491172,
    -216.0000000003));
#1212 = CARTESIAN_POINT('',(38.456557150404,81.38988812137,
    -215.9999999997));
#1213 = CARTESIAN_POINT('',(38.320552920306,86.729292308184,
    -216.0000000001));
#1214 = CARTESIAN_POINT('',(36.920739515372,91.873380680512,
    -215.9999999999));
#1215 = CARTESIAN_POINT('',(34.361090747308,96.592465138631,-216.));
#1216 = CARTESIAN_POINT('',(30.691503706815,100.81446727283,-216.));
#1217 = CARTESIAN_POINT('',(30.576044216573,100.94547025073,
    -215.9999999999));
#1218 = CARTESIAN_POINT('',(30.45955555684,101.07581922504,
    -216.0000000001));
#1219 = CARTESIAN_POINT('',(30.342040597989,101.20551228446,
    -215.9999999998));
#1220 = CARTESIAN_POINT('',(30.223503145836,101.33454829629,
    -216.0000000002));
#1221 = CARTESIAN_POINT('',(30.103947940858,101.46292690419,
    -215.9999999997));
#1222 = CARTESIAN_POINT('',(29.983380659224,101.59064853112,
    -216.0000000001));
#1223 = CARTESIAN_POINT('',(29.861807911701,101.71771437622,
    -215.9999999999));
#1224 = CARTESIAN_POINT('',(29.739237244602,101.8441264175,-216.));
#1225 = CARTESIAN_POINT('',(29.615677139113,101.96988740997,
    -215.9999999999));
#1226 = CARTESIAN_POINT('',(29.491137011681,102.09500088668,-216.));
#1227 = DEFINITIONAL_REPRESENTATION('',(#1228),#1234);
#1228 = B_SPLINE_CURVE_WITH_KNOTS('',4,(#1229,#1230,#1231,#1232,#1233),
  .UNSPECIFIED.,.F.,.F.,(5,5),(0.,1.),.PIECEWISE_BEZIER_KNOTS.);
#1229 = CARTESIAN_POINT('',(0.,-6.499403417848E-03));
#1230 = CARTESIAN_POINT('',(15.899752457692,2.143117919191E-02));
#1231 = CARTESIAN_POINT('',(31.799498525476,4.992948519703E-02));
#1232 = CARTESIAN_POINT('',(47.699237875149,7.902299886668E-02));
#1233 = CARTESIAN_POINT('',(63.598970124954,0.108743311304));
#1234 = ( GEOMETRIC_REPRESENTATION_CONTEXT(2) 
PARAMETRIC_REPRESENTATION_CONTEXT() REPRESENTATION_CONTEXT('2D SPACE',''
  ) );
#1235 = ORIENTED_EDGE('',*,*,#1236,.F.);
#1236 = EDGE_CURVE('',#632,#1143,#1237,.T.);
#1237 = SURFACE_CURVE('',#1238,(#1243,#1254),.PCURVE_S1.);
#1238 = ELLIPSE('',#1239,56.,28.);
#1239 = AXIS2_PLACEMENT_3D('',#1240,#1241,#1242);
#1240 = CARTESIAN_POINT('',(10.,84.5,-208.6025403784));
#1241 = DIRECTION('',(1.,0.,-0.));
#1242 = DIRECTION('',(0.,0.,1.));
#1243 = PCURVE('',#184,#1244);
#1244 = DEFINITIONAL_REPRESENTATION('',(#1245),#1253);
#1245 = ( BOUNDED_CURVE() B_SPLINE_CURVE(2,(#1246,#1247,#1248,#1249,
#1250,#1251,#1252),.UNSPECIFIED.,.T.,.F.) B_SPLINE_CURVE_WITH_KNOTS((1,2
    ,2,2,2,1),(-2.094395102393,0.,2.094395102393,4.188790204786,
6.28318530718,8.377580409573),.UNSPECIFIED.) CURVE() 
GEOMETRIC_REPRESENTATION_ITEM() RATIONAL_B_SPLINE_CURVE((1.,0.5,1.,0.5,
1.,0.5,1.)) REPRESENTATION_ITEM('') );
#1246 = CARTESIAN_POINT('',(20.130183113772,21.534839981862));
#1247 = CARTESIAN_POINT('',(20.130183113772,70.032262593791));
#1248 = CARTESIAN_POINT('',(104.13018311377,45.783551287826));
#1249 = CARTESIAN_POINT('',(188.13018311377,21.534839981862));
#1250 = CARTESIAN_POINT('',(104.13018311377,-2.713871324102));
#1251 = CARTESIAN_POINT('',(20.130183113772,-26.96258263006));
#1252 = CARTESIAN_POINT('',(20.130183113772,21.534839981862));
#1253 = ( GEOMETRIC_REPRESENTATION_CONTEXT(2) 
PARAMETRIC_REPRESENTATION_CONTEXT() REPRESENTATION_CONTEXT('2D SPACE',''
  ) );
#1254 = PCURVE('',#670,#1255);
#1255 = DEFINITIONAL_REPRESENTATION('',(#1256),#1261);
#1256 = B_SPLINE_CURVE_WITH_KNOTS('',3,(#1257,#1258,#1259,#1260),
  .UNSPECIFIED.,.F.,.F.,(4,4),(1.570796326795,1.685320709271),
  .PIECEWISE_BEZIER_KNOTS.);
#1257 = CARTESIAN_POINT('',(-1.570796326795,-56.60254037844));
#1258 = CARTESIAN_POINT('',(-1.532621755457,-58.45392310593));
#1259 = CARTESIAN_POINT('',(-1.494446699544,-60.30529229813));
#1260 = CARTESIAN_POINT('',(-1.456271930007,-62.14454389777));
#1261 = ( GEOMETRIC_REPRESENTATION_CONTEXT(2) 
PARAMETRIC_REPRESENTATION_CONTEXT() REPRESENTATION_CONTEXT('2D SPACE',''
  ) );
#1262 = ORIENTED_EDGE('',*,*,#631,.T.);
#1263 = FACE_BOUND('',#1264,.T.);
#1264 = EDGE_LOOP('',(#1265,#1295,#1318,#1346,#1374));
#1265 = ORIENTED_EDGE('',*,*,#1266,.T.);
#1266 = EDGE_CURVE('',#1267,#1269,#1271,.T.);
#1267 = VERTEX_POINT('',#1268);
#1268 = CARTESIAN_POINT('',(10.,59.5,-152.6025403784));
#1269 = VERTEX_POINT('',#1270);
#1270 = CARTESIAN_POINT('',(10.,84.499999992901,-152.6025403784));
#1271 = SURFACE_CURVE('',#1272,(#1276,#1283),.PCURVE_S1.);
#1272 = LINE('',#1273,#1274);
#1273 = CARTESIAN_POINT('',(10.,87.25,-152.6025403784));
#1274 = VECTOR('',#1275,1.);
#1275 = DIRECTION('',(0.,1.,0.));
#1276 = PCURVE('',#184,#1277);
#1277 = DEFINITIONAL_REPRESENTATION('',(#1278),#1282);
#1278 = LINE('',#1279,#1280);
#1279 = CARTESIAN_POINT('',(20.130183113772,18.784839981862));
#1280 = VECTOR('',#1281,1.);
#1281 = DIRECTION('',(0.,-1.));
#1282 = ( GEOMETRIC_REPRESENTATION_CONTEXT(2) 
PARAMETRIC_REPRESENTATION_CONTEXT() REPRESENTATION_CONTEXT('2D SPACE',''
  ) );
#1283 = PCURVE('',#1284,#1289);
#1284 = PLANE('',#1285);
#1285 = AXIS2_PLACEMENT_3D('',#1286,#1287,#1288);
#1286 = CARTESIAN_POINT('',(20.,84.5,-135.2820323027));
#1287 = DIRECTION('',(-0.866025403784,0.,0.5));
#1288 = DIRECTION('',(-0.5,0.,-0.866025403784));
#1289 = DEFINITIONAL_REPRESENTATION('',(#1290),#1294);
#1290 = LINE('',#1291,#1292);
#1291 = CARTESIAN_POINT('',(20.,-2.75));
#1292 = VECTOR('',#1293,1.);
#1293 = DIRECTION('',(0.,-1.));
#1294 = ( GEOMETRIC_REPRESENTATION_CONTEXT(2) 
PARAMETRIC_REPRESENTATION_CONTEXT() REPRESENTATION_CONTEXT('2D SPACE',''
  ) );
#1295 = ORIENTED_EDGE('',*,*,#1296,.T.);
#1296 = EDGE_CURVE('',#1269,#1297,#1299,.T.);
#1297 = VERTEX_POINT('',#1298);
#1298 = CARTESIAN_POINT('',(10.,109.5,-152.6025403784));
#1299 = SURFACE_CURVE('',#1300,(#1304,#1311),.PCURVE_S1.);
#1300 = LINE('',#1301,#1302);
#1301 = CARTESIAN_POINT('',(10.,87.25,-152.6025403784));
#1302 = VECTOR('',#1303,1.);
#1303 = DIRECTION('',(0.,1.,0.));
#1304 = PCURVE('',#184,#1305);
#1305 = DEFINITIONAL_REPRESENTATION('',(#1306),#1310);
#1306 = LINE('',#1307,#1308);
#1307 = CARTESIAN_POINT('',(20.130183113772,18.784839981862));
#1308 = VECTOR('',#1309,1.);
#1309 = DIRECTION('',(0.,-1.));
#1310 = ( GEOMETRIC_REPRESENTATION_CONTEXT(2) 
PARAMETRIC_REPRESENTATION_CONTEXT() REPRESENTATION_CONTEXT('2D SPACE',''
  ) );
#1311 = PCURVE('',#1284,#1312);
#1312 = DEFINITIONAL_REPRESENTATION('',(#1313),#1317);
#1313 = LINE('',#1314,#1315);
#1314 = CARTESIAN_POINT('',(20.,-2.75));
#1315 = VECTOR('',#1316,1.);
#1316 = DIRECTION('',(0.,-1.));
#1317 = ( GEOMETRIC_REPRESENTATION_CONTEXT(2) 
PARAMETRIC_REPRESENTATION_CONTEXT() REPRESENTATION_CONTEXT('2D SPACE',''
  ) );
#1318 = ORIENTED_EDGE('',*,*,#1319,.T.);
#1319 = EDGE_CURVE('',#1297,#1320,#1322,.T.);
#1320 = VERTEX_POINT('',#1321);
#1321 = CARTESIAN_POINT('',(10.,109.5,-108.6025403784));
#1322 = SURFACE_CURVE('',#1323,(#1327,#1334),.PCURVE_S1.);
#1323 = LINE('',#1324,#1325);
#1324 = CARTESIAN_POINT('',(10.,109.5,-231.6410161513));
#1325 = VECTOR('',#1326,1.);
#1326 = DIRECTION('',(0.,0.,1.));
#1327 = PCURVE('',#184,#1328);
#1328 = DEFINITIONAL_REPRESENTATION('',(#1329),#1333);
#1329 = LINE('',#1330,#1331);
#1330 = CARTESIAN_POINT('',(99.168658886706,-3.465160018138));
#1331 = VECTOR('',#1332,1.);
#1332 = DIRECTION('',(-1.,0.));
#1333 = ( GEOMETRIC_REPRESENTATION_CONTEXT(2) 
PARAMETRIC_REPRESENTATION_CONTEXT() REPRESENTATION_CONTEXT('2D SPACE',''
  ) );
#1334 = PCURVE('',#1335,#1340);
#1335 = PLANE('',#1336);
#1336 = AXIS2_PLACEMENT_3D('',#1337,#1338,#1339);
#1337 = CARTESIAN_POINT('',(20.,109.5,-113.2820323027));
#1338 = DIRECTION('',(-0.,-1.,-0.));
#1339 = DIRECTION('',(0.,0.,-1.));
#1340 = DEFINITIONAL_REPRESENTATION('',(#1341),#1345);
#1341 = LINE('',#1342,#1343);
#1342 = CARTESIAN_POINT('',(118.35898384862,-10.));
#1343 = VECTOR('',#1344,1.);
#1344 = DIRECTION('',(-1.,0.));
#1345 = ( GEOMETRIC_REPRESENTATION_CONTEXT(2) 
PARAMETRIC_REPRESENTATION_CONTEXT() REPRESENTATION_CONTEXT('2D SPACE',''
  ) );
#1346 = ORIENTED_EDGE('',*,*,#1347,.T.);
#1347 = EDGE_CURVE('',#1320,#1348,#1350,.T.);
#1348 = VERTEX_POINT('',#1349);
#1349 = CARTESIAN_POINT('',(10.,59.5,-108.6025403784));
#1350 = SURFACE_CURVE('',#1351,(#1355,#1362),.PCURVE_S1.);
#1351 = LINE('',#1352,#1353);
#1352 = CARTESIAN_POINT('',(10.,87.25,-108.6025403784));
#1353 = VECTOR('',#1354,1.);
#1354 = DIRECTION('',(0.,-1.,0.));
#1355 = PCURVE('',#184,#1356);
#1356 = DEFINITIONAL_REPRESENTATION('',(#1357),#1361);
#1357 = LINE('',#1358,#1359);
#1358 = CARTESIAN_POINT('',(-23.86981688622,18.784839981862));
#1359 = VECTOR('',#1360,1.);
#1360 = DIRECTION('',(0.,1.));
#1361 = ( GEOMETRIC_REPRESENTATION_CONTEXT(2) 
PARAMETRIC_REPRESENTATION_CONTEXT() REPRESENTATION_CONTEXT('2D SPACE',''
  ) );
#1362 = PCURVE('',#1363,#1368);
#1363 = PLANE('',#1364);
#1364 = AXIS2_PLACEMENT_3D('',#1365,#1366,#1367);
#1365 = CARTESIAN_POINT('',(20.,84.5,-91.28203230275));
#1366 = DIRECTION('',(0.866025403784,0.,-0.5));
#1367 = DIRECTION('',(0.5,0.,0.866025403784));
#1368 = DEFINITIONAL_REPRESENTATION('',(#1369),#1373);
#1369 = LINE('',#1370,#1371);
#1370 = CARTESIAN_POINT('',(-20.,-2.75));
#1371 = VECTOR('',#1372,1.);
#1372 = DIRECTION('',(0.,1.));
#1373 = ( GEOMETRIC_REPRESENTATION_CONTEXT(2) 
PARAMETRIC_REPRESENTATION_CONTEXT() REPRESENTATION_CONTEXT('2D SPACE',''
  ) );
#1374 = ORIENTED_EDGE('',*,*,#1375,.T.);
#1375 = EDGE_CURVE('',#1348,#1267,#1376,.T.);
#1376 = SURFACE_CURVE('',#1377,(#1381,#1388),.PCURVE_S1.);
#1377 = LINE('',#1378,#1379);
#1378 = CARTESIAN_POINT('',(10.,59.5,-231.6410161513));
#1379 = VECTOR('',#1380,1.);
#1380 = DIRECTION('',(0.,0.,-1.));
#1381 = PCURVE('',#184,#1382);
#1382 = DEFINITIONAL_REPRESENTATION('',(#1383),#1387);
#1383 = LINE('',#1384,#1385);
#1384 = CARTESIAN_POINT('',(99.168658886706,46.534839981862));
#1385 = VECTOR('',#1386,1.);
#1386 = DIRECTION('',(1.,0.));
#1387 = ( GEOMETRIC_REPRESENTATION_CONTEXT(2) 
PARAMETRIC_REPRESENTATION_CONTEXT() REPRESENTATION_CONTEXT('2D SPACE',''
  ) );
#1388 = PCURVE('',#1389,#1394);
#1389 = PLANE('',#1390);
#1390 = AXIS2_PLACEMENT_3D('',#1391,#1392,#1393);
#1391 = CARTESIAN_POINT('',(20.,59.5,-113.2820323027));
#1392 = DIRECTION('',(0.,1.,0.));
#1393 = DIRECTION('',(0.,0.,1.));
#1394 = DEFINITIONAL_REPRESENTATION('',(#1395),#1399);
#1395 = LINE('',#1396,#1397);
#1396 = CARTESIAN_POINT('',(-118.3589838486,-10.));
#1397 = VECTOR('',#1398,1.);
#1398 = DIRECTION('',(-1.,0.));
#1399 = ( GEOMETRIC_REPRESENTATION_CONTEXT(2) 
PARAMETRIC_REPRESENTATION_CONTEXT() REPRESENTATION_CONTEXT('2D SPACE',''
  ) );
#1400 = FACE_BOUND('',#1401,.T.);
#1401 = EDGE_LOOP('',(#1402,#1432,#1460,#1488));
#1402 = ORIENTED_EDGE('',*,*,#1403,.T.);
#1403 = EDGE_CURVE('',#1404,#1406,#1408,.T.);
#1404 = VERTEX_POINT('',#1405);
#1405 = CARTESIAN_POINT('',(10.,112.5,-141.3442101292));
#1406 = VERTEX_POINT('',#1407);
#1407 = CARTESIAN_POINT('',(10.,160.5,-141.3442101292));
#1408 = SURFACE_CURVE('',#1409,(#1413,#1420),.PCURVE_S1.);
#1409 = LINE('',#1410,#1411);
#1410 = CARTESIAN_POINT('',(10.,113.25,-141.3442101292));
#1411 = VECTOR('',#1412,1.);
#1412 = DIRECTION('',(0.,1.,-6.E-16));
#1413 = PCURVE('',#184,#1414);
#1414 = DEFINITIONAL_REPRESENTATION('',(#1415),#1419);
#1415 = LINE('',#1416,#1417);
#1416 = CARTESIAN_POINT('',(8.871852864574,-7.215160018138));
#1417 = VECTOR('',#1418,1.);
#1418 = DIRECTION('',(6.E-16,-1.));
#1419 = ( GEOMETRIC_REPRESENTATION_CONTEXT(2) 
PARAMETRIC_REPRESENTATION_CONTEXT() REPRESENTATION_CONTEXT('2D SPACE',''
  ) );
#1420 = PCURVE('',#1421,#1426);
#1421 = PLANE('',#1422);
#1422 = AXIS2_PLACEMENT_3D('',#1423,#1424,#1425);
#1423 = CARTESIAN_POINT('',(20.,136.5,-124.0237020535));
#1424 = DIRECTION('',(-0.866025403784,3.E-16,0.5));
#1425 = DIRECTION('',(-0.5,0.,-0.866025403784));
#1426 = DEFINITIONAL_REPRESENTATION('',(#1427),#1431);
#1427 = LINE('',#1428,#1429);
#1428 = CARTESIAN_POINT('',(20.,23.25));
#1429 = VECTOR('',#1430,1.);
#1430 = DIRECTION('',(5.196152422707E-16,-1.));
#1431 = ( GEOMETRIC_REPRESENTATION_CONTEXT(2) 
PARAMETRIC_REPRESENTATION_CONTEXT() REPRESENTATION_CONTEXT('2D SPACE',''
  ) );
#1432 = ORIENTED_EDGE('',*,*,#1433,.T.);
#1433 = EDGE_CURVE('',#1406,#1434,#1436,.T.);
#1434 = VERTEX_POINT('',#1435);
#1435 = CARTESIAN_POINT('',(10.,160.5,-97.34421012924));
#1436 = SURFACE_CURVE('',#1437,(#1441,#1448),.PCURVE_S1.);
#1437 = LINE('',#1438,#1439);
#1438 = CARTESIAN_POINT('',(10.,160.5,-226.0118510267));
#1439 = VECTOR('',#1440,1.);
#1440 = DIRECTION('',(0.,4.2E-16,1.));
#1441 = PCURVE('',#184,#1442);
#1442 = DEFINITIONAL_REPRESENTATION('',(#1443),#1447);
#1443 = LINE('',#1444,#1445);
#1444 = CARTESIAN_POINT('',(93.539493762107,-54.46516001813));
#1445 = VECTOR('',#1446,1.);
#1446 = DIRECTION('',(-1.,-4.2E-16));
#1447 = ( GEOMETRIC_REPRESENTATION_CONTEXT(2) 
PARAMETRIC_REPRESENTATION_CONTEXT() REPRESENTATION_CONTEXT('2D SPACE',''
  ) );
#1448 = PCURVE('',#1449,#1454);
#1449 = PLANE('',#1450);
#1450 = AXIS2_PLACEMENT_3D('',#1451,#1452,#1453);
#1451 = CARTESIAN_POINT('',(20.,160.5,-102.0237020535));
#1452 = DIRECTION('',(-7.2E-16,-1.,4.2E-16));
#1453 = DIRECTION('',(-1.,7.2E-16,0.));
#1454 = DEFINITIONAL_REPRESENTATION('',(#1455),#1459);
#1455 = LINE('',#1456,#1457);
#1456 = CARTESIAN_POINT('',(10.,123.98814897322));
#1457 = VECTOR('',#1458,1.);
#1458 = DIRECTION('',(3.024E-31,-1.));
#1459 = ( GEOMETRIC_REPRESENTATION_CONTEXT(2) 
PARAMETRIC_REPRESENTATION_CONTEXT() REPRESENTATION_CONTEXT('2D SPACE',''
  ) );
#1460 = ORIENTED_EDGE('',*,*,#1461,.T.);
#1461 = EDGE_CURVE('',#1434,#1462,#1464,.T.);
#1462 = VERTEX_POINT('',#1463);
#1463 = CARTESIAN_POINT('',(10.,112.5,-97.34421012924));
#1464 = SURFACE_CURVE('',#1465,(#1469,#1476),.PCURVE_S1.);
#1465 = LINE('',#1466,#1467);
#1466 = CARTESIAN_POINT('',(10.,113.25,-97.34421012924));
#1467 = VECTOR('',#1468,1.);
#1468 = DIRECTION('',(0.,-1.,0.));
#1469 = PCURVE('',#184,#1470);
#1470 = DEFINITIONAL_REPRESENTATION('',(#1471),#1475);
#1471 = LINE('',#1472,#1473);
#1472 = CARTESIAN_POINT('',(-35.12814713542,-7.215160018138));
#1473 = VECTOR('',#1474,1.);
#1474 = DIRECTION('',(0.,1.));
#1475 = ( GEOMETRIC_REPRESENTATION_CONTEXT(2) 
PARAMETRIC_REPRESENTATION_CONTEXT() REPRESENTATION_CONTEXT('2D SPACE',''
  ) );
#1476 = PCURVE('',#1477,#1482);
#1477 = PLANE('',#1478);
#1478 = AXIS2_PLACEMENT_3D('',#1479,#1480,#1481);
#1479 = CARTESIAN_POINT('',(20.,136.5,-80.02370205355));
#1480 = DIRECTION('',(0.866025403784,0.,-0.5));
#1481 = DIRECTION('',(0.5,0.,0.866025403784));
#1482 = DEFINITIONAL_REPRESENTATION('',(#1483),#1487);
#1483 = LINE('',#1484,#1485);
#1484 = CARTESIAN_POINT('',(-20.,23.25));
#1485 = VECTOR('',#1486,1.);
#1486 = DIRECTION('',(0.,1.));
#1487 = ( GEOMETRIC_REPRESENTATION_CONTEXT(2) 
PARAMETRIC_REPRESENTATION_CONTEXT() REPRESENTATION_CONTEXT('2D SPACE',''
  ) );
#1488 = ORIENTED_EDGE('',*,*,#1489,.T.);
#1489 = EDGE_CURVE('',#1462,#1404,#1490,.T.);
#1490 = SURFACE_CURVE('',#1491,(#1495,#1502),.PCURVE_S1.);
#1491 = LINE('',#1492,#1493);
#1492 = CARTESIAN_POINT('',(10.,112.5,-226.0118510267));
#1493 = VECTOR('',#1494,1.);
#1494 = DIRECTION('',(0.,-9.17E-15,-1.));
#1495 = PCURVE('',#184,#1496);
#1496 = DEFINITIONAL_REPRESENTATION('',(#1497),#1501);
#1497 = LINE('',#1498,#1499);
#1498 = CARTESIAN_POINT('',(93.539493762107,-6.465160018139));
#1499 = VECTOR('',#1500,1.);
#1500 = DIRECTION('',(1.,9.17E-15));
#1501 = ( GEOMETRIC_REPRESENTATION_CONTEXT(2) 
PARAMETRIC_REPRESENTATION_CONTEXT() REPRESENTATION_CONTEXT('2D SPACE',''
  ) );
#1502 = PCURVE('',#1503,#1508);
#1503 = PLANE('',#1504);
#1504 = AXIS2_PLACEMENT_3D('',#1505,#1506,#1507);
#1505 = CARTESIAN_POINT('',(20.,112.5,-102.0237020535));
#1506 = DIRECTION('',(1.583E-14,1.,-9.17E-15));
#1507 = DIRECTION('',(1.,-1.583E-14,0.));
#1508 = DEFINITIONAL_REPRESENTATION('',(#1509),#1513);
#1509 = LINE('',#1510,#1511);
#1510 = CARTESIAN_POINT('',(-10.,123.98814897322));
#1511 = VECTOR('',#1512,1.);
#1512 = DIRECTION('',(1.451611E-28,1.));
#1513 = ( GEOMETRIC_REPRESENTATION_CONTEXT(2) 
PARAMETRIC_REPRESENTATION_CONTEXT() REPRESENTATION_CONTEXT('2D SPACE',''
  ) );
#1514 = FACE_BOUND('',#1515,.T.);
#1515 = EDGE_LOOP('',(#1516,#1546,#1574,#1602));
#1516 = ORIENTED_EDGE('',*,*,#1517,.T.);
#1517 = EDGE_CURVE('',#1518,#1520,#1522,.T.);
#1518 = VERTEX_POINT('',#1519);
#1519 = CARTESIAN_POINT('',(10.,112.5,-191.3442101292));
#1520 = VERTEX_POINT('',#1521);
#1521 = CARTESIAN_POINT('',(10.,160.5,-191.3442101292));
#1522 = SURFACE_CURVE('',#1523,(#1527,#1534),.PCURVE_S1.);
#1523 = LINE('',#1524,#1525);
#1524 = CARTESIAN_POINT('',(10.,113.66434092604,-191.3442101292));
#1525 = VECTOR('',#1526,1.);
#1526 = DIRECTION('',(0.,1.,-4.8E-16));
#1527 = PCURVE('',#184,#1528);
#1528 = DEFINITIONAL_REPRESENTATION('',(#1529),#1533);
#1529 = LINE('',#1530,#1531);
#1530 = CARTESIAN_POINT('',(58.871852864574,-7.629500944186));
#1531 = VECTOR('',#1532,1.);
#1532 = DIRECTION('',(4.8E-16,-1.));
#1533 = ( GEOMETRIC_REPRESENTATION_CONTEXT(2) 
PARAMETRIC_REPRESENTATION_CONTEXT() REPRESENTATION_CONTEXT('2D SPACE',''
  ) );
#1534 = PCURVE('',#1535,#1540);
#1535 = PLANE('',#1536);
#1536 = AXIS2_PLACEMENT_3D('',#1537,#1538,#1539);
#1537 = CARTESIAN_POINT('',(24.190620367677,137.32868185209,
    -166.7653346615));
#1538 = DIRECTION('',(-0.866025403784,2.4E-16,0.5));
#1539 = DIRECTION('',(-0.5,1.232595164408E-32,-0.866025403784));
#1540 = DEFINITIONAL_REPRESENTATION('',(#1541),#1545);
#1541 = LINE('',#1542,#1543);
#1542 = CARTESIAN_POINT('',(28.381240735353,23.664340926048));
#1543 = VECTOR('',#1544,1.);
#1544 = DIRECTION('',(4.156921938165E-16,-1.));
#1545 = ( GEOMETRIC_REPRESENTATION_CONTEXT(2) 
PARAMETRIC_REPRESENTATION_CONTEXT() REPRESENTATION_CONTEXT('2D SPACE',''
  ) );
#1546 = ORIENTED_EDGE('',*,*,#1547,.T.);
#1547 = EDGE_CURVE('',#1520,#1548,#1550,.T.);
#1548 = VERTEX_POINT('',#1549);
#1549 = CARTESIAN_POINT('',(10.,160.5,-147.3442101292));
#1550 = SURFACE_CURVE('',#1551,(#1555,#1562),.PCURVE_S1.);
#1551 = LINE('',#1552,#1553);
#1552 = CARTESIAN_POINT('',(10.,160.5,-251.0118510267));
#1553 = VECTOR('',#1554,1.);
#1554 = DIRECTION('',(0.,0.,1.));
#1555 = PCURVE('',#184,#1556);
#1556 = DEFINITIONAL_REPRESENTATION('',(#1557),#1561);
#1557 = LINE('',#1558,#1559);
#1558 = CARTESIAN_POINT('',(118.5394937621,-54.46516001813));
#1559 = VECTOR('',#1560,1.);
#1560 = DIRECTION('',(-1.,0.));
#1561 = ( GEOMETRIC_REPRESENTATION_CONTEXT(2) 
PARAMETRIC_REPRESENTATION_CONTEXT() REPRESENTATION_CONTEXT('2D SPACE',''
  ) );
#1562 = PCURVE('',#1563,#1568);
#1563 = PLANE('',#1564);
#1564 = AXIS2_PLACEMENT_3D('',#1565,#1566,#1567);
#1565 = CARTESIAN_POINT('',(20.,160.5,-152.0237020535));
#1566 = DIRECTION('',(-0.,-1.,-0.));
#1567 = DIRECTION('',(0.,0.,-1.));
#1568 = DEFINITIONAL_REPRESENTATION('',(#1569),#1573);
#1569 = LINE('',#1570,#1571);
#1570 = CARTESIAN_POINT('',(98.988148973221,-10.));
#1571 = VECTOR('',#1572,1.);
#1572 = DIRECTION('',(-1.,0.));
#1573 = ( GEOMETRIC_REPRESENTATION_CONTEXT(2) 
PARAMETRIC_REPRESENTATION_CONTEXT() REPRESENTATION_CONTEXT('2D SPACE',''
  ) );
#1574 = ORIENTED_EDGE('',*,*,#1575,.T.);
#1575 = EDGE_CURVE('',#1548,#1576,#1578,.T.);
#1576 = VERTEX_POINT('',#1577);
#1577 = CARTESIAN_POINT('',(10.,112.5,-147.3442101292));
#1578 = SURFACE_CURVE('',#1579,(#1583,#1590),.PCURVE_S1.);
#1579 = LINE('',#1580,#1581);
#1580 = CARTESIAN_POINT('',(10.,113.25,-147.3442101292));
#1581 = VECTOR('',#1582,1.);
#1582 = DIRECTION('',(0.,-1.,0.));
#1583 = PCURVE('',#184,#1584);
#1584 = DEFINITIONAL_REPRESENTATION('',(#1585),#1589);
#1585 = LINE('',#1586,#1587);
#1586 = CARTESIAN_POINT('',(14.871852864574,-7.215160018138));
#1587 = VECTOR('',#1588,1.);
#1588 = DIRECTION('',(0.,1.));
#1589 = ( GEOMETRIC_REPRESENTATION_CONTEXT(2) 
PARAMETRIC_REPRESENTATION_CONTEXT() REPRESENTATION_CONTEXT('2D SPACE',''
  ) );
#1590 = PCURVE('',#1591,#1596);
#1591 = PLANE('',#1592);
#1592 = AXIS2_PLACEMENT_3D('',#1593,#1594,#1595);
#1593 = CARTESIAN_POINT('',(20.,136.5,-130.0237020535));
#1594 = DIRECTION('',(0.866025403784,0.,-0.5));
#1595 = DIRECTION('',(0.5,0.,0.866025403784));
#1596 = DEFINITIONAL_REPRESENTATION('',(#1597),#1601);
#1597 = LINE('',#1598,#1599);
#1598 = CARTESIAN_POINT('',(-20.,23.25));
#1599 = VECTOR('',#1600,1.);
#1600 = DIRECTION('',(0.,1.));
#1601 = ( GEOMETRIC_REPRESENTATION_CONTEXT(2) 
PARAMETRIC_REPRESENTATION_CONTEXT() REPRESENTATION_CONTEXT('2D SPACE',''
  ) );
#1602 = ORIENTED_EDGE('',*,*,#1603,.T.);
#1603 = EDGE_CURVE('',#1576,#1518,#1604,.T.);
#1604 = SURFACE_CURVE('',#1605,(#1609,#1616),.PCURVE_S1.);
#1605 = LINE('',#1606,#1607);
#1606 = CARTESIAN_POINT('',(10.,112.49999999999,-244.1410161513));
#1607 = VECTOR('',#1608,1.);
#1608 = DIRECTION('',(0.,-4.056E-14,-1.));
#1609 = PCURVE('',#184,#1610);
#1610 = DEFINITIONAL_REPRESENTATION('',(#1611),#1615);
#1611 = LINE('',#1612,#1613);
#1612 = CARTESIAN_POINT('',(111.6686588867,-6.465160018137));
#1613 = VECTOR('',#1614,1.);
#1614 = DIRECTION('',(1.,4.056E-14));
#1615 = ( GEOMETRIC_REPRESENTATION_CONTEXT(2) 
PARAMETRIC_REPRESENTATION_CONTEXT() REPRESENTATION_CONTEXT('2D SPACE',''
  ) );
#1616 = PCURVE('',#1617,#1622);
#1617 = PLANE('',#1618);
#1618 = AXIS2_PLACEMENT_3D('',#1619,#1620,#1621);
#1619 = CARTESIAN_POINT('',(20.,112.5,-138.2820323027));
#1620 = DIRECTION('',(7.02E-14,1.,-4.056E-14));
#1621 = DIRECTION('',(1.,-7.02E-14,0.));
#1622 = DEFINITIONAL_REPRESENTATION('',(#1623),#1627);
#1623 = LINE('',#1624,#1625);
#1624 = CARTESIAN_POINT('',(-10.,105.85898384862));
#1625 = VECTOR('',#1626,1.);
#1626 = DIRECTION('',(2.847312E-27,1.));
#1627 = ( GEOMETRIC_REPRESENTATION_CONTEXT(2) 
PARAMETRIC_REPRESENTATION_CONTEXT() REPRESENTATION_CONTEXT('2D SPACE',''
  ) );
#1628 = FACE_BOUND('',#1629,.T.);
#1629 = EDGE_LOOP('',(#1630,#1669));
#1630 = ORIENTED_EDGE('',*,*,#1631,.T.);
#1631 = EDGE_CURVE('',#1632,#1634,#1636,.T.);
#1632 = VERTEX_POINT('',#1633);
#1633 = CARTESIAN_POINT('',(10.,158.67425174125,-213.));
#1634 = VERTEX_POINT('',#1635);
#1635 = CARTESIAN_POINT('',(10.,132.32574825874,-213.));
#1636 = SURFACE_CURVE('',#1637,(#1642,#1653),.PCURVE_S1.);
#1637 = ELLIPSE('',#1638,30.,15.);
#1638 = AXIS2_PLACEMENT_3D('',#1639,#1640,#1641);
#1639 = CARTESIAN_POINT('',(10.,145.5,-227.3442101292));
#1640 = DIRECTION('',(1.,-0.,0.));
#1641 = DIRECTION('',(0.,0.,-1.));
#1642 = PCURVE('',#184,#1643);
#1643 = DEFINITIONAL_REPRESENTATION('',(#1644),#1652);
#1644 = ( BOUNDED_CURVE() B_SPLINE_CURVE(2,(#1645,#1646,#1647,#1648,
#1649,#1650,#1651),.UNSPECIFIED.,.T.,.F.) B_SPLINE_CURVE_WITH_KNOTS((1,2
    ,2,2,2,1),(-2.094395102393,0.,2.094395102393,4.188790204786,
6.28318530718,8.377580409573),.UNSPECIFIED.) CURVE() 
GEOMETRIC_REPRESENTATION_ITEM() RATIONAL_B_SPLINE_CURVE((1.,0.5,1.,0.5,
1.,0.5,1.)) REPRESENTATION_ITEM('') );
#1645 = CARTESIAN_POINT('',(124.87185286457,-39.46516001813));
#1646 = CARTESIAN_POINT('',(124.87185286457,-65.44592213167));
#1647 = CARTESIAN_POINT('',(79.871852864574,-52.4555410749));
#1648 = CARTESIAN_POINT('',(34.871852864574,-39.46516001813));
#1649 = CARTESIAN_POINT('',(79.871852864574,-26.47477896137));
#1650 = CARTESIAN_POINT('',(124.87185286457,-13.4843979046));
#1651 = CARTESIAN_POINT('',(124.87185286457,-39.46516001813));
#1652 = ( GEOMETRIC_REPRESENTATION_CONTEXT(2) 
PARAMETRIC_REPRESENTATION_CONTEXT() REPRESENTATION_CONTEXT('2D SPACE',''
  ) );
#1653 = PCURVE('',#1654,#1659);
#1654 = CYLINDRICAL_SURFACE('',#1655,15.);
#1655 = AXIS2_PLACEMENT_3D('',#1656,#1657,#1658);
#1656 = CARTESIAN_POINT('',(24.641016151378,145.5,-201.9852262806));
#1657 = DIRECTION('',(-0.5,-0.,-0.866025403784));
#1658 = DIRECTION('',(0.866025403784,0.,-0.5));
#1659 = DEFINITIONAL_REPRESENTATION('',(#1660),#1668);
#1660 = B_SPLINE_CURVE_WITH_KNOTS('',6,(#1661,#1662,#1663,#1664,#1665,
    #1666,#1667),.UNSPECIFIED.,.F.,.F.,(7,7),(2.069332432939,
    4.213852874241),.PIECEWISE_BEZIER_KNOTS.);
#1661 = CARTESIAN_POINT('',(4.213852874241,16.859737444891));
#1662 = CARTESIAN_POINT('',(3.856405513737,8.704226091405));
#1663 = CARTESIAN_POINT('',(3.499019565912,2.451895551933));
#1664 = CARTESIAN_POINT('',(3.14159265359,-2.144648056411E-02));
#1665 = CARTESIAN_POINT('',(2.784165741268,2.451895551933));
#1666 = CARTESIAN_POINT('',(2.426779793443,8.704226091405));
#1667 = CARTESIAN_POINT('',(2.069332432939,16.859737444891));
#1668 = ( GEOMETRIC_REPRESENTATION_CONTEXT(2) 
PARAMETRIC_REPRESENTATION_CONTEXT() REPRESENTATION_CONTEXT('2D SPACE',''
  ) );
#1669 = ORIENTED_EDGE('',*,*,#1670,.T.);
#1670 = EDGE_CURVE('',#1634,#1632,#1671,.T.);
#1671 = SURFACE_CURVE('',#1672,(#1676,#1683),.PCURVE_S1.);
#1672 = LINE('',#1673,#1674);
#1673 = CARTESIAN_POINT('',(10.,159.38622425772,-213.));
#1674 = VECTOR('',#1675,1.);
#1675 = DIRECTION('',(0.,1.,0.));
#1676 = PCURVE('',#184,#1677);
#1677 = DEFINITIONAL_REPRESENTATION('',(#1678),#1682);
#1678 = LINE('',#1679,#1680);
#1679 = CARTESIAN_POINT('',(80.527642735328,-53.35138427586));
#1680 = VECTOR('',#1681,1.);
#1681 = DIRECTION('',(0.,-1.));
#1682 = ( GEOMETRIC_REPRESENTATION_CONTEXT(2) 
PARAMETRIC_REPRESENTATION_CONTEXT() REPRESENTATION_CONTEXT('2D SPACE',''
  ) );
#1683 = PCURVE('',#1684,#1689);
#1684 = PLANE('',#1685);
#1685 = AXIS2_PLACEMENT_3D('',#1686,#1687,#1688);
#1686 = CARTESIAN_POINT('',(21.066378901895,111.177668809,-213.));
#1687 = DIRECTION('',(0.,0.,1.));
#1688 = DIRECTION('',(1.,0.,0.));
#1689 = DEFINITIONAL_REPRESENTATION('',(#1690),#1694);
#1690 = LINE('',#1691,#1692);
#1691 = CARTESIAN_POINT('',(-11.06637890189,48.208555448727));
#1692 = VECTOR('',#1693,1.);
#1693 = DIRECTION('',(0.,1.));
#1694 = ( GEOMETRIC_REPRESENTATION_CONTEXT(2) 
PARAMETRIC_REPRESENTATION_CONTEXT() REPRESENTATION_CONTEXT('2D SPACE',''
  ) );
#1695 = FACE_BOUND('',#1696,.T.);
#1696 = EDGE_LOOP('',(#1697,#1744,#1772,#1800,#1851));
#1697 = ORIENTED_EDGE('',*,*,#1698,.F.);
#1698 = EDGE_CURVE('',#1699,#1701,#1703,.T.);
#1699 = VERTEX_POINT('',#1700);
#1700 = CARTESIAN_POINT('',(10.,112.41353770519,-213.));
#1701 = VERTEX_POINT('',#1702);
#1702 = CARTESIAN_POINT('',(10.,112.48058916783,-210.6873711348));
#1703 = SURFACE_CURVE('',#1704,(#1709,#1720),.PCURVE_S1.);
#1704 = ELLIPSE('',#1705,56.,28.);
#1705 = AXIS2_PLACEMENT_3D('',#1706,#1707,#1708);
#1706 = CARTESIAN_POINT('',(10.,84.5,-208.6025403784));
#1707 = DIRECTION('',(1.,0.,-0.));
#1708 = DIRECTION('',(0.,0.,1.));
#1709 = PCURVE('',#184,#1710);
#1710 = DEFINITIONAL_REPRESENTATION('',(#1711),#1719);
#1711 = ( BOUNDED_CURVE() B_SPLINE_CURVE(2,(#1712,#1713,#1714,#1715,
#1716,#1717,#1718),.UNSPECIFIED.,.T.,.F.) B_SPLINE_CURVE_WITH_KNOTS((1,2
    ,2,2,2,1),(-2.094395102393,0.,2.094395102393,4.188790204786,
6.28318530718,8.377580409573),.UNSPECIFIED.) CURVE() 
GEOMETRIC_REPRESENTATION_ITEM() RATIONAL_B_SPLINE_CURVE((1.,0.5,1.,0.5,
1.,0.5,1.)) REPRESENTATION_ITEM('') );
#1712 = CARTESIAN_POINT('',(20.130183113772,21.534839981862));
#1713 = CARTESIAN_POINT('',(20.130183113772,70.032262593791));
#1714 = CARTESIAN_POINT('',(104.13018311377,45.783551287826));
#1715 = CARTESIAN_POINT('',(188.13018311377,21.534839981862));
#1716 = CARTESIAN_POINT('',(104.13018311377,-2.713871324102));
#1717 = CARTESIAN_POINT('',(20.130183113772,-26.96258263006));
#1718 = CARTESIAN_POINT('',(20.130183113772,21.534839981862));
#1719 = ( GEOMETRIC_REPRESENTATION_CONTEXT(2) 
PARAMETRIC_REPRESENTATION_CONTEXT() REPRESENTATION_CONTEXT('2D SPACE',''
  ) );
#1720 = PCURVE('',#670,#1721);
#1721 = DEFINITIONAL_REPRESENTATION('',(#1722),#1743);
#1722 = B_SPLINE_CURVE_WITH_KNOTS('',10,(#1723,#1724,#1725,#1726,#1727,
    #1728,#1729,#1730,#1731,#1732,#1733,#1734,#1735,#1736,#1737,#1738,
    #1739,#1740,#1741,#1742),.UNSPECIFIED.,.F.,.F.,(11,9,11),(
    4.633781987843,4.654466621118,4.675151254393),.UNSPECIFIED.);
#1723 = CARTESIAN_POINT('',(1.492189334253,-60.41085142472));
#1724 = CARTESIAN_POINT('',(1.494257800251,-60.31084609491));
#1725 = CARTESIAN_POINT('',(1.496326267857,-60.21082260349));
#1726 = CARTESIAN_POINT('',(1.498394736465,-60.11078157215));
#1727 = CARTESIAN_POINT('',(1.500463205471,-60.01072362264));
#1728 = CARTESIAN_POINT('',(1.502531674267,-59.9106493766));
#1729 = CARTESIAN_POINT('',(1.50460014225,-59.8105594558));
#1730 = CARTESIAN_POINT('',(1.506668608811,-59.71045448188));
#1731 = CARTESIAN_POINT('',(1.508737073348,-59.61033507659));
#1732 = CARTESIAN_POINT('',(1.510805535252,-59.51020186162));
#1733 = CARTESIAN_POINT('',(1.514942452588,-59.30990905572));
#1734 = CARTESIAN_POINT('',(1.517011105096,-59.20973985207));
#1735 = CARTESIAN_POINT('',(1.519078596679,-59.10961455774));
#1736 = CARTESIAN_POINT('',(1.521149795448,-59.00929622487));
#1737 = CARTESIAN_POINT('',(1.523213411155,-58.90933603772));
#1738 = CARTESIAN_POINT('',(1.525287705407,-58.80884467966));
#1739 = CARTESIAN_POINT('',(1.527351392437,-58.70885917891));
#1740 = CARTESIAN_POINT('',(1.529422427252,-58.60850660614));
#1741 = CARTESIAN_POINT('',(1.531490135008,-58.50830645534));
#1742 = CARTESIAN_POINT('',(1.533558600803,-58.40806089798));
#1743 = ( GEOMETRIC_REPRESENTATION_CONTEXT(2) 
PARAMETRIC_REPRESENTATION_CONTEXT() REPRESENTATION_CONTEXT('2D SPACE',''
  ) );
#1744 = ORIENTED_EDGE('',*,*,#1745,.T.);
#1745 = EDGE_CURVE('',#1699,#1746,#1748,.T.);
#1746 = VERTEX_POINT('',#1747);
#1747 = CARTESIAN_POINT('',(10.,127.5,-213.));
#1748 = SURFACE_CURVE('',#1749,(#1753,#1760),.PCURVE_S1.);
#1749 = LINE('',#1750,#1751);
#1750 = CARTESIAN_POINT('',(10.,159.38622425772,-213.));
#1751 = VECTOR('',#1752,1.);
#1752 = DIRECTION('',(0.,1.,0.));
#1753 = PCURVE('',#184,#1754);
#1754 = DEFINITIONAL_REPRESENTATION('',(#1755),#1759);
#1755 = LINE('',#1756,#1757);
#1756 = CARTESIAN_POINT('',(80.527642735328,-53.35138427586));
#1757 = VECTOR('',#1758,1.);
#1758 = DIRECTION('',(0.,-1.));
#1759 = ( GEOMETRIC_REPRESENTATION_CONTEXT(2) 
PARAMETRIC_REPRESENTATION_CONTEXT() REPRESENTATION_CONTEXT('2D SPACE',''
  ) );
#1760 = PCURVE('',#1761,#1766);
#1761 = PLANE('',#1762);
#1762 = AXIS2_PLACEMENT_3D('',#1763,#1764,#1765);
#1763 = CARTESIAN_POINT('',(21.066378901895,111.177668809,-213.));
#1764 = DIRECTION('',(0.,0.,1.));
#1765 = DIRECTION('',(1.,0.,0.));
#1766 = DEFINITIONAL_REPRESENTATION('',(#1767),#1771);
#1767 = LINE('',#1768,#1769);
#1768 = CARTESIAN_POINT('',(-11.06637890189,48.208555448727));
#1769 = VECTOR('',#1770,1.);
#1770 = DIRECTION('',(0.,1.));
#1771 = ( GEOMETRIC_REPRESENTATION_CONTEXT(2) 
PARAMETRIC_REPRESENTATION_CONTEXT() REPRESENTATION_CONTEXT('2D SPACE',''
  ) );
#1772 = ORIENTED_EDGE('',*,*,#1773,.T.);
#1773 = EDGE_CURVE('',#1746,#1774,#1776,.T.);
#1774 = VERTEX_POINT('',#1775);
#1775 = CARTESIAN_POINT('',(10.,127.5,-212.3012488751));
#1776 = SURFACE_CURVE('',#1777,(#1781,#1788),.PCURVE_S1.);
#1777 = LINE('',#1778,#1779);
#1778 = CARTESIAN_POINT('',(10.,127.5,-271.0118510267));
#1779 = VECTOR('',#1780,1.);
#1780 = DIRECTION('',(0.,0.,1.));
#1781 = PCURVE('',#184,#1782);
#1782 = DEFINITIONAL_REPRESENTATION('',(#1783),#1787);
#1783 = LINE('',#1784,#1785);
#1784 = CARTESIAN_POINT('',(138.5394937621,-21.46516001813));
#1785 = VECTOR('',#1786,1.);
#1786 = DIRECTION('',(-1.,0.));
#1787 = ( GEOMETRIC_REPRESENTATION_CONTEXT(2) 
PARAMETRIC_REPRESENTATION_CONTEXT() REPRESENTATION_CONTEXT('2D SPACE',''
  ) );
#1788 = PCURVE('',#1789,#1794);
#1789 = PLANE('',#1790);
#1790 = AXIS2_PLACEMENT_3D('',#1791,#1792,#1793);
#1791 = CARTESIAN_POINT('',(25.789028273065,127.5,-185.7316552497));
#1792 = DIRECTION('',(-0.,-1.,-0.));
#1793 = DIRECTION('',(0.,0.,-1.));
#1794 = DEFINITIONAL_REPRESENTATION('',(#1795),#1799);
#1795 = LINE('',#1796,#1797);
#1796 = CARTESIAN_POINT('',(85.280195776989,-15.78902827306));
#1797 = VECTOR('',#1798,1.);
#1798 = DIRECTION('',(-1.,0.));
#1799 = ( GEOMETRIC_REPRESENTATION_CONTEXT(2) 
PARAMETRIC_REPRESENTATION_CONTEXT() REPRESENTATION_CONTEXT('2D SPACE',''
  ) );
#1800 = ORIENTED_EDGE('',*,*,#1801,.F.);
#1801 = EDGE_CURVE('',#1802,#1774,#1804,.T.);
#1802 = VERTEX_POINT('',#1803);
#1803 = CARTESIAN_POINT('',(10.,119.96560437921,-197.3442101292));
#1804 = SURFACE_CURVE('',#1805,(#1810,#1817),.PCURVE_S1.);
#1805 = ELLIPSE('',#1806,15.069208724626,7.534604362313);
#1806 = AXIS2_PLACEMENT_3D('',#1807,#1808,#1809);
#1807 = CARTESIAN_POINT('',(10.,119.96560437921,-212.4134188538));
#1808 = DIRECTION('',(-1.,0.,0.));
#1809 = DIRECTION('',(0.,0.,1.));
#1810 = PCURVE('',#184,#1811);
#1811 = DEFINITIONAL_REPRESENTATION('',(#1812),#1816);
#1812 = ELLIPSE('',#1813,15.069208724626,7.534604362313);
#1813 = AXIS2_PLACEMENT_2D('',#1814,#1815);
#1814 = CARTESIAN_POINT('',(79.9410615892,-13.93076439735));
#1815 = DIRECTION('',(-1.,0.));
#1816 = ( GEOMETRIC_REPRESENTATION_CONTEXT(2) 
PARAMETRIC_REPRESENTATION_CONTEXT() REPRESENTATION_CONTEXT('2D SPACE',''
  ) );
#1817 = PCURVE('',#1818,#1823);
#1818 = CYLINDRICAL_SURFACE('',#1819,7.534604362313);
#1819 = AXIS2_PLACEMENT_3D('',#1820,#1821,#1822);
#1820 = CARTESIAN_POINT('',(32.45142897445,119.96560437921,
    -173.5264031676));
#1821 = DIRECTION('',(0.5,0.,0.866025403784));
#1822 = DIRECTION('',(0.866025403784,0.,-0.5));
#1823 = DEFINITIONAL_REPRESENTATION('',(#1824),#1850);
#1824 = B_SPLINE_CURVE_WITH_KNOTS('',3,(#1825,#1826,#1827,#1828,#1829,
    #1830,#1831,#1832,#1833,#1834,#1835,#1836,#1837,#1838,#1839,#1840,
    #1841,#1842,#1843,#1844,#1845,#1846,#1847,#1848,#1849),
  .UNSPECIFIED.,.F.,.F.,(4,1,1,1,1,1,1,1,1,1,1,1,1,1,1,1,1,1,1,1,1,1,4),
  (0.,7.106148199367E-02,0.142122963987,0.213184445981,0.284245927975,
    0.355307409968,0.426368891962,0.497430373956,0.568491855949,
    0.639553337943,0.710614819937,0.78167630193,0.852737783924,
    0.923799265918,0.994860747911,1.065922229905,1.136983711899,
    1.208045193892,1.279106675886,1.35016815788,1.421229639873,
    1.492291121867,1.563352603861),.QUASI_UNIFORM_KNOTS.);
#1825 = CARTESIAN_POINT('',(3.14159265359,-31.85254037844));
#1826 = CARTESIAN_POINT('',(3.117905492925,-31.85251276329));
#1827 = CARTESIAN_POINT('',(3.070531171596,-31.87452931856));
#1828 = CARTESIAN_POINT('',(2.999469689602,-31.97323923535));
#1829 = CARTESIAN_POINT('',(2.928408207609,-32.13723340691));
#1830 = CARTESIAN_POINT('',(2.857346725615,-32.36565795106));
#1831 = CARTESIAN_POINT('',(2.786285243621,-32.65736686433));
#1832 = CARTESIAN_POINT('',(2.715223761628,-33.01088583985));
#1833 = CARTESIAN_POINT('',(2.644162279634,-33.42443095403));
#1834 = CARTESIAN_POINT('',(2.57310079764,-33.89591465803));
#1835 = CARTESIAN_POINT('',(2.502039315647,-34.42295712222));
#1836 = CARTESIAN_POINT('',(2.430977833653,-35.00289803234));
#1837 = CARTESIAN_POINT('',(2.359916351659,-35.6328100757));
#1838 = CARTESIAN_POINT('',(2.288854869666,-36.3095137015));
#1839 = CARTESIAN_POINT('',(2.217793387672,-37.02959317427));
#1840 = CARTESIAN_POINT('',(2.146731905678,-37.78941381367));
#1841 = CARTESIAN_POINT('',(2.075670423685,-38.58514034267));
#1842 = CARTESIAN_POINT('',(2.004608941691,-39.412756241));
#1843 = CARTESIAN_POINT('',(1.933547459697,-40.26808403942));
#1844 = CARTESIAN_POINT('',(1.862485977704,-41.14680632967));
#1845 = CARTESIAN_POINT('',(1.79142449571,-42.04448784181));
#1846 = CARTESIAN_POINT('',(1.720363013716,-42.956596769));
#1847 = CARTESIAN_POINT('',(1.649301531723,-43.87853160844));
#1848 = CARTESIAN_POINT('',(1.601927210394,-44.49659692688));
#1849 = CARTESIAN_POINT('',(1.578240049729,-44.80571589779));
#1850 = ( GEOMETRIC_REPRESENTATION_CONTEXT(2) 
PARAMETRIC_REPRESENTATION_CONTEXT() REPRESENTATION_CONTEXT('2D SPACE',''
  ) );
#1851 = ORIENTED_EDGE('',*,*,#1852,.F.);
#1852 = EDGE_CURVE('',#1701,#1802,#1853,.T.);
#1853 = SURFACE_CURVE('',#1854,(#1859,#1866),.PCURVE_S1.);
#1854 = ELLIPSE('',#1855,15.069208724626,7.534604362313);
#1855 = AXIS2_PLACEMENT_3D('',#1856,#1857,#1858);
#1856 = CARTESIAN_POINT('',(10.,119.96560437921,-212.4134188538));
#1857 = DIRECTION('',(-1.,0.,0.));
#1858 = DIRECTION('',(0.,0.,1.));
#1859 = PCURVE('',#184,#1860);
#1860 = DEFINITIONAL_REPRESENTATION('',(#1861),#1865);
#1861 = ELLIPSE('',#1862,15.069208724626,7.534604362313);
#1862 = AXIS2_PLACEMENT_2D('',#1863,#1864);
#1863 = CARTESIAN_POINT('',(79.9410615892,-13.93076439735));
#1864 = DIRECTION('',(-1.,0.));
#1865 = ( GEOMETRIC_REPRESENTATION_CONTEXT(2) 
PARAMETRIC_REPRESENTATION_CONTEXT() REPRESENTATION_CONTEXT('2D SPACE',''
  ) );
#1866 = PCURVE('',#1818,#1867);
#1867 = DEFINITIONAL_REPRESENTATION('',(#1868),#1894);
#1868 = B_SPLINE_CURVE_WITH_KNOTS('',3,(#1869,#1870,#1871,#1872,#1873,
    #1874,#1875,#1876,#1877,#1878,#1879,#1880,#1881,#1882,#1883,#1884,
    #1885,#1886,#1887,#1888,#1889,#1890,#1891,#1892,#1893),
  .UNSPECIFIED.,.F.,.F.,(4,1,1,1,1,1,1,1,1,1,1,1,1,1,1,1,1,1,1,1,1,1,4),
  (4.827182293046,4.893364248234,4.959546203422,5.025728158609,
    5.091910113797,5.158092068985,5.224274024173,5.290455979361,
    5.356637934549,5.422819889737,5.489001844925,5.555183800113,
    5.621365755301,5.687547710488,5.753729665676,5.819911620864,
    5.886093576052,5.95227553124,6.018457486428,6.084639441616,
    6.150821396804,6.217003351992,6.28318530718),.QUASI_UNIFORM_KNOTS.);
#1869 = CARTESIAN_POINT('',(4.597595667724,-43.4080567761));
#1870 = CARTESIAN_POINT('',(4.575535015994,-43.1220490505));
#1871 = CARTESIAN_POINT('',(4.531413712536,-42.55223087847));
#1872 = CARTESIAN_POINT('',(4.465231757348,-41.70778444625));
#1873 = CARTESIAN_POINT('',(4.39904980216,-40.87733051563));
#1874 = CARTESIAN_POINT('',(4.332867846972,-40.0645013563));
#1875 = CARTESIAN_POINT('',(4.266685891784,-39.27285692947));
#1876 = CARTESIAN_POINT('',(4.200503936596,-38.50586313758));
#1877 = CARTESIAN_POINT('',(4.134321981408,-37.7668783004));
#1878 = CARTESIAN_POINT('',(4.06814002622,-37.05913800832));
#1879 = CARTESIAN_POINT('',(4.001958071033,-36.38574107403));
#1880 = CARTESIAN_POINT('',(3.935776115845,-35.7496359327));
#1881 = CARTESIAN_POINT('',(3.869594160657,-35.15360774104));
#1882 = CARTESIAN_POINT('',(3.803412205469,-34.60026618002));
#1883 = CARTESIAN_POINT('',(3.737230250281,-34.09203403005));
#1884 = CARTESIAN_POINT('',(3.671048295093,-33.6311365596));
#1885 = CARTESIAN_POINT('',(3.604866339905,-33.2195917937));
#1886 = CARTESIAN_POINT('',(3.538684384717,-32.8592016345));
#1887 = CARTESIAN_POINT('',(3.472502429529,-32.55154413457));
#1888 = CARTESIAN_POINT('',(3.406320474341,-32.29796597964));
#1889 = CARTESIAN_POINT('',(3.340138519153,-32.09957886064));
#1890 = CARTESIAN_POINT('',(3.273956563966,-31.95724614037));
#1891 = CARTESIAN_POINT('',(3.207774608778,-31.8716106682));
#1892 = CARTESIAN_POINT('',(3.163653305319,-31.85251959049));
#1893 = CARTESIAN_POINT('',(3.14159265359,-31.85254037844));
#1894 = ( GEOMETRIC_REPRESENTATION_CONTEXT(2) 
PARAMETRIC_REPRESENTATION_CONTEXT() REPRESENTATION_CONTEXT('2D SPACE',''
  ) );
#1895 = FACE_BOUND('',#1896,.T.);
#1896 = EDGE_LOOP('',(#1897));
#1897 = ORIENTED_EDGE('',*,*,#1898,.F.);
#1898 = EDGE_CURVE('',#1899,#1899,#1901,.T.);
#1899 = VERTEX_POINT('',#1900);
#1900 = CARTESIAN_POINT('',(10.,82.,-155.9063879557));
#1901 = SURFACE_CURVE('',#1902,(#1907,#1914),.PCURVE_S1.);
#1902 = CIRCLE('',#1903,2.5);
#1903 = AXIS2_PLACEMENT_3D('',#1904,#1905,#1906);
#1904 = CARTESIAN_POINT('',(10.,84.5,-155.9063879557));
#1905 = DIRECTION('',(-1.,0.,0.));
#1906 = DIRECTION('',(0.,-1.,0.));
#1907 = PCURVE('',#184,#1908);
#1908 = DEFINITIONAL_REPRESENTATION('',(#1909),#1913);
#1909 = CIRCLE('',#1910,2.5);
#1910 = AXIS2_PLACEMENT_2D('',#1911,#1912);
#1911 = CARTESIAN_POINT('',(23.434030691065,21.534839981862));
#1912 = DIRECTION('',(0.,1.));
#1913 = ( GEOMETRIC_REPRESENTATION_CONTEXT(2) 
PARAMETRIC_REPRESENTATION_CONTEXT() REPRESENTATION_CONTEXT('2D SPACE',''
  ) );
#1914 = PCURVE('',#1915,#1920);
#1915 = CYLINDRICAL_SURFACE('',#1916,2.5);
#1916 = AXIS2_PLACEMENT_3D('',#1917,#1918,#1919);
#1917 = CARTESIAN_POINT('',(10.,84.5,-155.9063879557));
#1918 = DIRECTION('',(-1.,0.,0.));
#1919 = DIRECTION('',(0.,-1.,0.));
#1920 = DEFINITIONAL_REPRESENTATION('',(#1921),#1925);
#1921 = LINE('',#1922,#1923);
#1922 = CARTESIAN_POINT('',(0.,0.));
#1923 = VECTOR('',#1924,1.);
#1924 = DIRECTION('',(1.,0.));
#1925 = ( GEOMETRIC_REPRESENTATION_CONTEXT(2) 
PARAMETRIC_REPRESENTATION_CONTEXT() REPRESENTATION_CONTEXT('2D SPACE',''
  ) );
#1926 = FACE_BOUND('',#1927,.T.);
#1927 = EDGE_LOOP('',(#1928));
#1928 = ORIENTED_EDGE('',*,*,#1929,.F.);
#1929 = EDGE_CURVE('',#1930,#1930,#1932,.T.);
#1930 = VERTEX_POINT('',#1931);
#1931 = CARTESIAN_POINT('',(10.,134.,-70.69134295109));
#1932 = SURFACE_CURVE('',#1933,(#1938,#1945),.PCURVE_S1.);
#1933 = CIRCLE('',#1934,2.5);
#1934 = AXIS2_PLACEMENT_3D('',#1935,#1936,#1937);
#1935 = CARTESIAN_POINT('',(10.,136.5,-70.69134295109));
#1936 = DIRECTION('',(-1.,0.,0.));
#1937 = DIRECTION('',(0.,-1.,0.));
#1938 = PCURVE('',#184,#1939);
#1939 = DEFINITIONAL_REPRESENTATION('',(#1940),#1944);
#1940 = CIRCLE('',#1941,2.5);
#1941 = AXIS2_PLACEMENT_2D('',#1942,#1943);
#1942 = CARTESIAN_POINT('',(-61.78101431358,-30.46516001813));
#1943 = DIRECTION('',(0.,1.));
#1944 = ( GEOMETRIC_REPRESENTATION_CONTEXT(2) 
PARAMETRIC_REPRESENTATION_CONTEXT() REPRESENTATION_CONTEXT('2D SPACE',''
  ) );
#1945 = PCURVE('',#1946,#1951);
#1946 = CYLINDRICAL_SURFACE('',#1947,2.5);
#1947 = AXIS2_PLACEMENT_3D('',#1948,#1949,#1950);
#1948 = CARTESIAN_POINT('',(10.,136.5,-70.69134295109));
#1949 = DIRECTION('',(-1.,0.,0.));
#1950 = DIRECTION('',(0.,-1.,0.));
#1951 = DEFINITIONAL_REPRESENTATION('',(#1952),#1956);
#1952 = LINE('',#1953,#1954);
#1953 = CARTESIAN_POINT('',(0.,0.));
#1954 = VECTOR('',#1955,1.);
#1955 = DIRECTION('',(1.,0.));
#1956 = ( GEOMETRIC_REPRESENTATION_CONTEXT(2) 
PARAMETRIC_REPRESENTATION_CONTEXT() REPRESENTATION_CONTEXT('2D SPACE',''
  ) );
#1957 = FACE_BOUND('',#1958,.T.);
#1958 = EDGE_LOOP('',(#1959));
#1959 = ORIENTED_EDGE('',*,*,#1960,.F.);
#1960 = EDGE_CURVE('',#1961,#1961,#1963,.T.);
#1961 = VERTEX_POINT('',#1962);
#1962 = CARTESIAN_POINT('',(10.,42.75,-88.5));
#1963 = SURFACE_CURVE('',#1964,(#1969,#1976),.PCURVE_S1.);
#1964 = CIRCLE('',#1965,2.5);
#1965 = AXIS2_PLACEMENT_3D('',#1966,#1967,#1968);
#1966 = CARTESIAN_POINT('',(10.,45.25,-88.5));
#1967 = DIRECTION('',(-1.,0.,0.));
#1968 = DIRECTION('',(0.,-1.,0.));
#1969 = PCURVE('',#184,#1970);
#1970 = DEFINITIONAL_REPRESENTATION('',(#1971),#1975);
#1971 = CIRCLE('',#1972,2.5);
#1972 = AXIS2_PLACEMENT_2D('',#1973,#1974);
#1973 = CARTESIAN_POINT('',(-43.97235726467,60.784839981862));
#1974 = DIRECTION('',(0.,1.));
#1975 = ( GEOMETRIC_REPRESENTATION_CONTEXT(2) 
PARAMETRIC_REPRESENTATION_CONTEXT() REPRESENTATION_CONTEXT('2D SPACE',''
  ) );
#1976 = PCURVE('',#1977,#1982);
#1977 = CYLINDRICAL_SURFACE('',#1978,2.5);
#1978 = AXIS2_PLACEMENT_3D('',#1979,#1980,#1981);
#1979 = CARTESIAN_POINT('',(10.,45.25,-88.5));
#1980 = DIRECTION('',(-1.,0.,0.));
#1981 = DIRECTION('',(0.,-1.,0.));
#1982 = DEFINITIONAL_REPRESENTATION('',(#1983),#1987);
#1983 = LINE('',#1984,#1985);
#1984 = CARTESIAN_POINT('',(0.,0.));
#1985 = VECTOR('',#1986,1.);
#1986 = DIRECTION('',(1.,0.));
#1987 = ( GEOMETRIC_REPRESENTATION_CONTEXT(2) 
PARAMETRIC_REPRESENTATION_CONTEXT() REPRESENTATION_CONTEXT('2D SPACE',''
  ) );
#1988 = ADVANCED_FACE('',(#1989),#156,.T.);
#1989 = FACE_BOUND('',#1990,.F.);
#1990 = EDGE_LOOP('',(#1991,#1992,#2015,#2036));
#1991 = ORIENTED_EDGE('',*,*,#788,.F.);
#1992 = ORIENTED_EDGE('',*,*,#1993,.T.);
#1993 = EDGE_CURVE('',#789,#1994,#1996,.T.);
#1994 = VERTEX_POINT('',#1995);
#1995 = CARTESIAN_POINT('',(39.,33.648876558412,-97.56367082243));
#1996 = SURFACE_CURVE('',#1997,(#2001,#2008),.PCURVE_S1.);
#1997 = LINE('',#1998,#1999);
#1998 = CARTESIAN_POINT('',(10.,33.648876558412,-97.56367082243));
#1999 = VECTOR('',#2000,1.);
#2000 = DIRECTION('',(1.,0.,0.));
#2001 = PCURVE('',#156,#2002);
#2002 = DEFINITIONAL_REPRESENTATION('',(#2003),#2007);
#2003 = LINE('',#2004,#2005);
#2004 = CARTESIAN_POINT('',(7.703719777549E-34,-0.883764910367));
#2005 = VECTOR('',#2006,1.);
#2006 = DIRECTION('',(-1.,-3.08148791102E-33));
#2007 = ( GEOMETRIC_REPRESENTATION_CONTEXT(2) 
PARAMETRIC_REPRESENTATION_CONTEXT() REPRESENTATION_CONTEXT('2D SPACE',''
  ) );
#2008 = PCURVE('',#827,#2009);
#2009 = DEFINITIONAL_REPRESENTATION('',(#2010),#2014);
#2010 = LINE('',#2011,#2012);
#2011 = CARTESIAN_POINT('',(9.680004681647,-15.));
#2012 = VECTOR('',#2013,1.);
#2013 = DIRECTION('',(0.,1.));
#2014 = ( GEOMETRIC_REPRESENTATION_CONTEXT(2) 
PARAMETRIC_REPRESENTATION_CONTEXT() REPRESENTATION_CONTEXT('2D SPACE',''
  ) );
#2015 = ORIENTED_EDGE('',*,*,#2016,.T.);
#2016 = EDGE_CURVE('',#1994,#113,#2017,.T.);
#2017 = SURFACE_CURVE('',#2018,(#2022,#2029),.PCURVE_S1.);
#2018 = LINE('',#2019,#2020);
#2019 = CARTESIAN_POINT('',(39.,34.154713800651,-98.01188869378));
#2020 = VECTOR('',#2021,1.);
#2021 = DIRECTION('',(7.712020847945E-15,0.748448187796,-0.663193267596)
  );
#2022 = PCURVE('',#156,#2023);
#2023 = DEFINITIONAL_REPRESENTATION('',(#2024),#2028);
#2024 = LINE('',#2025,#2026);
#2025 = CARTESIAN_POINT('',(-29.,-0.207916868396));
#2026 = VECTOR('',#2027,1.);
#2027 = DIRECTION('',(-7.712020847945E-15,1.));
#2028 = ( GEOMETRIC_REPRESENTATION_CONTEXT(2) 
PARAMETRIC_REPRESENTATION_CONTEXT() REPRESENTATION_CONTEXT('2D SPACE',''
  ) );
#2029 = PCURVE('',#746,#2030);
#2030 = DEFINITIONAL_REPRESENTATION('',(#2031),#2035);
#2031 = LINE('',#2032,#2033);
#2032 = CARTESIAN_POINT('',(0.207916868396,1.334556262132));
#2033 = VECTOR('',#2034,1.);
#2034 = DIRECTION('',(1.,-4.940492459582E-15));
#2035 = ( GEOMETRIC_REPRESENTATION_CONTEXT(2) 
PARAMETRIC_REPRESENTATION_CONTEXT() REPRESENTATION_CONTEXT('2D SPACE',''
  ) );
#2036 = ORIENTED_EDGE('',*,*,#140,.F.);
#2037 = ADVANCED_FACE('',(#2038),#270,.F.);
#2038 = FACE_BOUND('',#2039,.F.);
#2039 = EDGE_LOOP('',(#2040,#2066,#2067));
#2040 = ORIENTED_EDGE('',*,*,#2041,.F.);
#2041 = EDGE_CURVE('',#440,#255,#2042,.T.);
#2042 = SURFACE_CURVE('',#2043,(#2047,#2054),.PCURVE_S1.);
#2043 = LINE('',#2044,#2045);
#2044 = CARTESIAN_POINT('',(38.523811963433,51.523811963433,
    -101.7674598901));
#2045 = VECTOR('',#2046,1.);
#2046 = DIRECTION('',(-0.69916976178,-0.69916976178,0.149409800302));
#2047 = PCURVE('',#270,#2048);
#2048 = DEFINITIONAL_REPRESENTATION('',(#2049),#2053);
#2049 = LINE('',#2050,#2051);
#2050 = CARTESIAN_POINT('',(-1.160421218619,1.763858559569));
#2051 = VECTOR('',#2052,1.);
#2052 = DIRECTION('',(-0.549612520145,0.835419701527));
#2053 = ( GEOMETRIC_REPRESENTATION_CONTEXT(2) 
PARAMETRIC_REPRESENTATION_CONTEXT() REPRESENTATION_CONTEXT('2D SPACE',''
  ) );
#2054 = PCURVE('',#2055,#2060);
#2055 = PLANE('',#2056);
#2056 = AXIS2_PLACEMENT_3D('',#2057,#2058,#2059);
#2057 = CARTESIAN_POINT('',(39.5,52.5,-78.5));
#2058 = DIRECTION('',(0.707106781187,-0.707106781187,0.));
#2059 = DIRECTION('',(0.,0.,-1.));
#2060 = DEFINITIONAL_REPRESENTATION('',(#2061),#2065);
#2061 = LINE('',#2062,#2063);
#2062 = CARTESIAN_POINT('',(23.267459890126,-1.38053836074));
#2063 = VECTOR('',#2064,1.);
#2064 = DIRECTION('',(-0.149409800302,-0.98877535951));
#2065 = ( GEOMETRIC_REPRESENTATION_CONTEXT(2) 
PARAMETRIC_REPRESENTATION_CONTEXT() REPRESENTATION_CONTEXT('2D SPACE',''
  ) );
#2066 = ORIENTED_EDGE('',*,*,#439,.T.);
#2067 = ORIENTED_EDGE('',*,*,#254,.F.);
#2068 = ADVANCED_FACE('',(#2069),#298,.T.);
#2069 = FACE_BOUND('',#2070,.T.);
#2070 = EDGE_LOOP('',(#2071,#2094,#2095,#2096,#2119,#2147,#2175));
#2071 = ORIENTED_EDGE('',*,*,#2072,.T.);
#2072 = EDGE_CURVE('',#2073,#388,#2075,.T.);
#2073 = VERTEX_POINT('',#2074);
#2074 = CARTESIAN_POINT('',(13.,52.,-98.5));
#2075 = SURFACE_CURVE('',#2076,(#2080,#2087),.PCURVE_S1.);
#2076 = LINE('',#2077,#2078);
#2077 = CARTESIAN_POINT('',(13.,52.,-98.5));
#2078 = VECTOR('',#2079,1.);
#2079 = DIRECTION('',(0.,0.,-1.));
#2080 = PCURVE('',#298,#2081);
#2081 = DEFINITIONAL_REPRESENTATION('',(#2082),#2086);
#2082 = LINE('',#2083,#2084);
#2083 = CARTESIAN_POINT('',(3.143331771221,-18.17205853795));
#2084 = VECTOR('',#2085,1.);
#2085 = DIRECTION('',(1.,0.));
#2086 = ( GEOMETRIC_REPRESENTATION_CONTEXT(2) 
PARAMETRIC_REPRESENTATION_CONTEXT() REPRESENTATION_CONTEXT('2D SPACE',''
  ) );
#2087 = PCURVE('',#403,#2088);
#2088 = DEFINITIONAL_REPRESENTATION('',(#2089),#2093);
#2089 = LINE('',#2090,#2091);
#2090 = CARTESIAN_POINT('',(-10.08791828143,-6.245653581042));
#2091 = VECTOR('',#2092,1.);
#2092 = DIRECTION('',(-1.,0.));
#2093 = ( GEOMETRIC_REPRESENTATION_CONTEXT(2) 
PARAMETRIC_REPRESENTATION_CONTEXT() REPRESENTATION_CONTEXT('2D SPACE',''
  ) );
#2094 = ORIENTED_EDGE('',*,*,#415,.F.);
#2095 = ORIENTED_EDGE('',*,*,#282,.T.);
#2096 = ORIENTED_EDGE('',*,*,#2097,.F.);
#2097 = EDGE_CURVE('',#2098,#255,#2100,.T.);
#2098 = VERTEX_POINT('',#2099);
#2099 = CARTESIAN_POINT('',(39.,52.,-78.5));
#2100 = SURFACE_CURVE('',#2101,(#2105,#2112),.PCURVE_S1.);
#2101 = LINE('',#2102,#2103);
#2102 = CARTESIAN_POINT('',(39.,52.,-78.5));
#2103 = VECTOR('',#2104,1.);
#2104 = DIRECTION('',(0.,0.,-1.));
#2105 = PCURVE('',#298,#2106);
#2106 = DEFINITIONAL_REPRESENTATION('',(#2107),#2111);
#2107 = LINE('',#2108,#2109);
#2108 = CARTESIAN_POINT('',(-16.85666822877,7.827941462048));
#2109 = VECTOR('',#2110,1.);
#2110 = DIRECTION('',(1.,0.));
#2111 = ( GEOMETRIC_REPRESENTATION_CONTEXT(2) 
PARAMETRIC_REPRESENTATION_CONTEXT() REPRESENTATION_CONTEXT('2D SPACE',''
  ) );
#2112 = PCURVE('',#2055,#2113);
#2113 = DEFINITIONAL_REPRESENTATION('',(#2114),#2118);
#2114 = LINE('',#2115,#2116);
#2115 = CARTESIAN_POINT('',(-0.,-0.707106781187));
#2116 = VECTOR('',#2117,1.);
#2117 = DIRECTION('',(1.,0.));
#2118 = ( GEOMETRIC_REPRESENTATION_CONTEXT(2) 
PARAMETRIC_REPRESENTATION_CONTEXT() REPRESENTATION_CONTEXT('2D SPACE',''
  ) );
#2119 = ORIENTED_EDGE('',*,*,#2120,.T.);
#2120 = EDGE_CURVE('',#2098,#2121,#2123,.T.);
#2121 = VERTEX_POINT('',#2122);
#2122 = CARTESIAN_POINT('',(37.,52.,-78.5));
#2123 = SURFACE_CURVE('',#2124,(#2128,#2135),.PCURVE_S1.);
#2124 = LINE('',#2125,#2126);
#2125 = CARTESIAN_POINT('',(40.,52.,-78.5));
#2126 = VECTOR('',#2127,1.);
#2127 = DIRECTION('',(-1.,-0.,-0.));
#2128 = PCURVE('',#298,#2129);
#2129 = DEFINITIONAL_REPRESENTATION('',(#2130),#2134);
#2130 = LINE('',#2131,#2132);
#2131 = CARTESIAN_POINT('',(-16.85666822877,8.827941462048));
#2132 = VECTOR('',#2133,1.);
#2133 = DIRECTION('',(0.,-1.));
#2134 = ( GEOMETRIC_REPRESENTATION_CONTEXT(2) 
PARAMETRIC_REPRESENTATION_CONTEXT() REPRESENTATION_CONTEXT('2D SPACE',''
  ) );
#2135 = PCURVE('',#2136,#2141);
#2136 = PLANE('',#2137);
#2137 = AXIS2_PLACEMENT_3D('',#2138,#2139,#2140);
#2138 = CARTESIAN_POINT('',(40.,52.,-78.5));
#2139 = DIRECTION('',(0.,0.,-1.));
#2140 = DIRECTION('',(0.,1.,0.));
#2141 = DEFINITIONAL_REPRESENTATION('',(#2142),#2146);
#2142 = LINE('',#2143,#2144);
#2143 = CARTESIAN_POINT('',(0.,0.));
#2144 = VECTOR('',#2145,1.);
#2145 = DIRECTION('',(0.,-1.));
#2146 = ( GEOMETRIC_REPRESENTATION_CONTEXT(2) 
PARAMETRIC_REPRESENTATION_CONTEXT() REPRESENTATION_CONTEXT('2D SPACE',''
  ) );
#2147 = ORIENTED_EDGE('',*,*,#2148,.T.);
#2148 = EDGE_CURVE('',#2121,#2149,#2151,.T.);
#2149 = VERTEX_POINT('',#2150);
#2150 = CARTESIAN_POINT('',(37.,52.,-98.5));
#2151 = SURFACE_CURVE('',#2152,(#2156,#2163),.PCURVE_S1.);
#2152 = LINE('',#2153,#2154);
#2153 = CARTESIAN_POINT('',(37.,52.,-78.5));
#2154 = VECTOR('',#2155,1.);
#2155 = DIRECTION('',(0.,0.,-1.));
#2156 = PCURVE('',#298,#2157);
#2157 = DEFINITIONAL_REPRESENTATION('',(#2158),#2162);
#2158 = LINE('',#2159,#2160);
#2159 = CARTESIAN_POINT('',(-16.85666822877,5.827941462048));
#2160 = VECTOR('',#2161,1.);
#2161 = DIRECTION('',(1.,0.));
#2162 = ( GEOMETRIC_REPRESENTATION_CONTEXT(2) 
PARAMETRIC_REPRESENTATION_CONTEXT() REPRESENTATION_CONTEXT('2D SPACE',''
  ) );
#2163 = PCURVE('',#2164,#2169);
#2164 = PLANE('',#2165);
#2165 = AXIS2_PLACEMENT_3D('',#2166,#2167,#2168);
#2166 = CARTESIAN_POINT('',(37.,43.176053138548,-87.77787412633));
#2167 = DIRECTION('',(1.,0.,0.));
#2168 = DIRECTION('',(0.,0.,1.));
#2169 = DEFINITIONAL_REPRESENTATION('',(#2170),#2174);
#2170 = LINE('',#2171,#2172);
#2171 = CARTESIAN_POINT('',(9.277874126338,-8.823946861452));
#2172 = VECTOR('',#2173,1.);
#2173 = DIRECTION('',(-1.,0.));
#2174 = ( GEOMETRIC_REPRESENTATION_CONTEXT(2) 
PARAMETRIC_REPRESENTATION_CONTEXT() REPRESENTATION_CONTEXT('2D SPACE',''
  ) );
#2175 = ORIENTED_EDGE('',*,*,#2176,.F.);
#2176 = EDGE_CURVE('',#2073,#2149,#2177,.T.);
#2177 = SURFACE_CURVE('',#2178,(#2182,#2189),.PCURVE_S1.);
#2178 = LINE('',#2179,#2180);
#2179 = CARTESIAN_POINT('',(10.,52.,-98.5));
#2180 = VECTOR('',#2181,1.);
#2181 = DIRECTION('',(1.,0.,0.));
#2182 = PCURVE('',#298,#2183);
#2183 = DEFINITIONAL_REPRESENTATION('',(#2184),#2188);
#2184 = LINE('',#2185,#2186);
#2185 = CARTESIAN_POINT('',(3.143331771221,-21.17205853795));
#2186 = VECTOR('',#2187,1.);
#2187 = DIRECTION('',(0.,1.));
#2188 = ( GEOMETRIC_REPRESENTATION_CONTEXT(2) 
PARAMETRIC_REPRESENTATION_CONTEXT() REPRESENTATION_CONTEXT('2D SPACE',''
  ) );
#2189 = PCURVE('',#2190,#2195);
#2190 = PLANE('',#2191);
#2191 = AXIS2_PLACEMENT_3D('',#2192,#2193,#2194);
#2192 = CARTESIAN_POINT('',(24.800276647489,55.361676147976,
    -89.53553027206));
#2193 = DIRECTION('',(0.,-0.936329177569,0.351123441588));
#2194 = DIRECTION('',(0.,-0.351123441588,-0.936329177569));
#2195 = DEFINITIONAL_REPRESENTATION('',(#2196),#2200);
#2196 = LINE('',#2197,#2198);
#2197 = CARTESIAN_POINT('',(9.574057866284,-14.80027664748));
#2198 = VECTOR('',#2199,1.);
#2199 = DIRECTION('',(0.,1.));
#2200 = ( GEOMETRIC_REPRESENTATION_CONTEXT(2) 
PARAMETRIC_REPRESENTATION_CONTEXT() REPRESENTATION_CONTEXT('2D SPACE',''
  ) );
#2201 = ADVANCED_FACE('',(#2202,#2273),#403,.T.);
#2202 = FACE_BOUND('',#2203,.T.);
#2203 = EDGE_LOOP('',(#2204,#2227,#2228,#2229,#2252));
#2204 = ORIENTED_EDGE('',*,*,#2205,.T.);
#2205 = EDGE_CURVE('',#2206,#360,#2208,.T.);
#2206 = VERTEX_POINT('',#2207);
#2207 = CARTESIAN_POINT('',(13.,29.5,-78.5));
#2208 = SURFACE_CURVE('',#2209,(#2213,#2220),.PCURVE_S1.);
#2209 = LINE('',#2210,#2211);
#2210 = CARTESIAN_POINT('',(13.,35.881363554905,-95.51696947974));
#2211 = VECTOR('',#2212,1.);
#2212 = DIRECTION('',(0.,0.351123441588,-0.936329177569));
#2213 = PCURVE('',#403,#2214);
#2214 = DEFINITIONAL_REPRESENTATION('',(#2215),#2219);
#2215 = LINE('',#2216,#2217);
#2216 = CARTESIAN_POINT('',(-7.104887761183,9.872982864053));
#2217 = VECTOR('',#2218,1.);
#2218 = DIRECTION('',(-0.936329177569,-0.351123441588));
#2219 = ( GEOMETRIC_REPRESENTATION_CONTEXT(2) 
PARAMETRIC_REPRESENTATION_CONTEXT() REPRESENTATION_CONTEXT('2D SPACE',''
  ) );
#2220 = PCURVE('',#375,#2221);
#2221 = DEFINITIONAL_REPRESENTATION('',(#2222),#2226);
#2222 = LINE('',#2223,#2224);
#2223 = CARTESIAN_POINT('',(-7.494126689468,-13.5));
#2224 = VECTOR('',#2225,1.);
#2225 = DIRECTION('',(-1.,6.162975822039E-33));
#2226 = ( GEOMETRIC_REPRESENTATION_CONTEXT(2) 
PARAMETRIC_REPRESENTATION_CONTEXT() REPRESENTATION_CONTEXT('2D SPACE',''
  ) );
#2227 = ORIENTED_EDGE('',*,*,#387,.F.);
#2228 = ORIENTED_EDGE('',*,*,#2072,.F.);
#2229 = ORIENTED_EDGE('',*,*,#2230,.F.);
#2230 = EDGE_CURVE('',#2231,#2073,#2233,.T.);
#2231 = VERTEX_POINT('',#2232);
#2232 = CARTESIAN_POINT('',(13.,59.5,-78.5));
#2233 = SURFACE_CURVE('',#2234,(#2238,#2245),.PCURVE_S1.);
#2234 = LINE('',#2235,#2236);
#2235 = CARTESIAN_POINT('',(13.,53.273281894007,-95.10458161598));
#2236 = VECTOR('',#2237,1.);
#2237 = DIRECTION('',(0.,-0.351123441588,-0.936329177569));
#2238 = PCURVE('',#403,#2239);
#2239 = DEFINITIONAL_REPRESENTATION('',(#2240),#2244);
#2240 = LINE('',#2241,#2242);
#2241 = CARTESIAN_POINT('',(-6.692499897416,-7.518935475049));
#2242 = VECTOR('',#2243,1.);
#2243 = DIRECTION('',(-0.936329177569,0.351123441588));
#2244 = ( GEOMETRIC_REPRESENTATION_CONTEXT(2) 
PARAMETRIC_REPRESENTATION_CONTEXT() REPRESENTATION_CONTEXT('2D SPACE',''
  ) );
#2245 = PCURVE('',#2190,#2246);
#2246 = DEFINITIONAL_REPRESENTATION('',(#2247),#2251);
#2247 = LINE('',#2248,#2249);
#2248 = CARTESIAN_POINT('',(5.947749442537,-11.80027664748));
#2249 = VECTOR('',#2250,1.);
#2250 = DIRECTION('',(1.,0.));
#2251 = ( GEOMETRIC_REPRESENTATION_CONTEXT(2) 
PARAMETRIC_REPRESENTATION_CONTEXT() REPRESENTATION_CONTEXT('2D SPACE',''
  ) );
#2252 = ORIENTED_EDGE('',*,*,#2253,.T.);
#2253 = EDGE_CURVE('',#2231,#2206,#2254,.T.);
#2254 = SURFACE_CURVE('',#2255,(#2259,#2266),.PCURVE_S1.);
#2255 = LINE('',#2256,#2257);
#2256 = CARTESIAN_POINT('',(13.,64.,-78.5));
#2257 = VECTOR('',#2258,1.);
#2258 = DIRECTION('',(0.,-1.,4.168517383126E-15));
#2259 = PCURVE('',#403,#2260);
#2260 = DEFINITIONAL_REPRESENTATION('',(#2261),#2265);
#2261 = LINE('',#2262,#2263);
#2262 = CARTESIAN_POINT('',(9.912081718564,-18.24565358104));
#2263 = VECTOR('',#2264,1.);
#2264 = DIRECTION('',(4.168517383126E-15,1.));
#2265 = ( GEOMETRIC_REPRESENTATION_CONTEXT(2) 
PARAMETRIC_REPRESENTATION_CONTEXT() REPRESENTATION_CONTEXT('2D SPACE',''
  ) );
#2266 = PCURVE('',#883,#2267);
#2267 = DEFINITIONAL_REPRESENTATION('',(#2268),#2272);
#2268 = LINE('',#2269,#2270);
#2269 = CARTESIAN_POINT('',(4.022808427821,6.0288147638));
#2270 = VECTOR('',#2271,1.);
#2271 = DIRECTION('',(-1.,5.668433961764E-32));
#2272 = ( GEOMETRIC_REPRESENTATION_CONTEXT(2) 
PARAMETRIC_REPRESENTATION_CONTEXT() REPRESENTATION_CONTEXT('2D SPACE',''
  ) );
#2273 = FACE_BOUND('',#2274,.T.);
#2274 = EDGE_LOOP('',(#2275));
#2275 = ORIENTED_EDGE('',*,*,#2276,.T.);
#2276 = EDGE_CURVE('',#2277,#2277,#2279,.T.);
#2277 = VERTEX_POINT('',#2278);
#2278 = CARTESIAN_POINT('',(13.,41.05,-88.5));
#2279 = SURFACE_CURVE('',#2280,(#2285,#2296),.PCURVE_S1.);
#2280 = CIRCLE('',#2281,4.2);
#2281 = AXIS2_PLACEMENT_3D('',#2282,#2283,#2284);
#2282 = CARTESIAN_POINT('',(13.,45.25,-88.5));
#2283 = DIRECTION('',(-1.,0.,0.));
#2284 = DIRECTION('',(0.,-1.,0.));
#2285 = PCURVE('',#403,#2286);
#2286 = DEFINITIONAL_REPRESENTATION('',(#2287),#2295);
#2287 = ( BOUNDED_CURVE() B_SPLINE_CURVE(2,(#2288,#2289,#2290,#2291,
#2292,#2293,#2294),.UNSPECIFIED.,.T.,.F.) B_SPLINE_CURVE_WITH_KNOTS((1,2
    ,2,2,2,1),(-2.094395102393,0.,2.094395102393,4.188790204786,
6.28318530718,8.377580409573),.UNSPECIFIED.) CURVE() 
GEOMETRIC_REPRESENTATION_ITEM() RATIONAL_B_SPLINE_CURVE((1.,0.5,1.,0.5,
1.,0.5,1.)) REPRESENTATION_ITEM('') );
#2288 = CARTESIAN_POINT('',(-8.791828143535E-02,4.704346418958));
#2289 = CARTESIAN_POINT('',(7.186695110354,4.704346418958));
#2290 = CARTESIAN_POINT('',(3.549388414459,-1.595653581042));
#2291 = CARTESIAN_POINT('',(-8.791828143535E-02,-7.895653581042));
#2292 = CARTESIAN_POINT('',(-3.72522497733,-1.595653581042));
#2293 = CARTESIAN_POINT('',(-7.362531673225,4.704346418958));
#2294 = CARTESIAN_POINT('',(-8.791828143535E-02,4.704346418958));
#2295 = ( GEOMETRIC_REPRESENTATION_CONTEXT(2) 
PARAMETRIC_REPRESENTATION_CONTEXT() REPRESENTATION_CONTEXT('2D SPACE',''
  ) );
#2296 = PCURVE('',#2297,#2302);
#2297 = CONICAL_SURFACE('',#2298,2.5,0.785398163397);
#2298 = AXIS2_PLACEMENT_3D('',#2299,#2300,#2301);
#2299 = CARTESIAN_POINT('',(11.3,45.25,-88.5));
#2300 = DIRECTION('',(1.,0.,0.));
#2301 = DIRECTION('',(0.,-1.,0.));
#2302 = DEFINITIONAL_REPRESENTATION('',(#2303),#2307);
#2303 = LINE('',#2304,#2305);
#2304 = CARTESIAN_POINT('',(0.,1.7));
#2305 = VECTOR('',#2306,1.);
#2306 = DIRECTION('',(-1.,-0.));
#2307 = ( GEOMETRIC_REPRESENTATION_CONTEXT(2) 
PARAMETRIC_REPRESENTATION_CONTEXT() REPRESENTATION_CONTEXT('2D SPACE',''
  ) );
#2308 = ADVANCED_FACE('',(#2309),#375,.T.);
#2309 = FACE_BOUND('',#2310,.T.);
#2310 = EDGE_LOOP('',(#2311,#2312,#2335,#2356,#2357));
#2311 = ORIENTED_EDGE('',*,*,#2205,.F.);
#2312 = ORIENTED_EDGE('',*,*,#2313,.T.);
#2313 = EDGE_CURVE('',#2206,#2314,#2316,.T.);
#2314 = VERTEX_POINT('',#2315);
#2315 = CARTESIAN_POINT('',(37.,29.5,-78.5));
#2316 = SURFACE_CURVE('',#2317,(#2321,#2328),.PCURVE_S1.);
#2317 = LINE('',#2318,#2319);
#2318 = CARTESIAN_POINT('',(24.700217866475,29.5,-78.5));
#2319 = VECTOR('',#2320,1.);
#2320 = DIRECTION('',(1.,0.,0.));
#2321 = PCURVE('',#375,#2322);
#2322 = DEFINITIONAL_REPRESENTATION('',(#2323),#2327);
#2323 = LINE('',#2324,#2325);
#2324 = CARTESIAN_POINT('',(10.680004681647,-1.799782133525));
#2325 = VECTOR('',#2326,1.);
#2326 = DIRECTION('',(0.,1.));
#2327 = ( GEOMETRIC_REPRESENTATION_CONTEXT(2) 
PARAMETRIC_REPRESENTATION_CONTEXT() REPRESENTATION_CONTEXT('2D SPACE',''
  ) );
#2328 = PCURVE('',#883,#2329);
#2329 = DEFINITIONAL_REPRESENTATION('',(#2330),#2334);
#2330 = LINE('',#2331,#2332);
#2331 = CARTESIAN_POINT('',(-30.47719157218,-5.671403102675));
#2332 = VECTOR('',#2333,1.);
#2333 = DIRECTION('',(0.,-1.));
#2334 = ( GEOMETRIC_REPRESENTATION_CONTEXT(2) 
PARAMETRIC_REPRESENTATION_CONTEXT() REPRESENTATION_CONTEXT('2D SPACE',''
  ) );
#2335 = ORIENTED_EDGE('',*,*,#2336,.T.);
#2336 = EDGE_CURVE('',#2314,#578,#2337,.T.);
#2337 = SURFACE_CURVE('',#2338,(#2342,#2349),.PCURVE_S1.);
#2338 = LINE('',#2339,#2340);
#2339 = CARTESIAN_POINT('',(37.,33.743174364925,-89.8151316398));
#2340 = VECTOR('',#2341,1.);
#2341 = DIRECTION('',(0.,0.351123441588,-0.936329177569));
#2342 = PCURVE('',#375,#2343);
#2343 = DEFINITIONAL_REPRESENTATION('',(#2344),#2348);
#2344 = LINE('',#2345,#2346);
#2345 = CARTESIAN_POINT('',(-1.404561207004,10.5));
#2346 = VECTOR('',#2347,1.);
#2347 = DIRECTION('',(-1.,0.));
#2348 = ( GEOMETRIC_REPRESENTATION_CONTEXT(2) 
PARAMETRIC_REPRESENTATION_CONTEXT() REPRESENTATION_CONTEXT('2D SPACE',''
  ) );
#2349 = PCURVE('',#593,#2350);
#2350 = DEFINITIONAL_REPRESENTATION('',(#2351),#2355);
#2351 = LINE('',#2352,#2353);
#2352 = CARTESIAN_POINT('',(-2.037257513462,9.432878773623));
#2353 = VECTOR('',#2354,1.);
#2354 = DIRECTION('',(-0.936329177569,-0.351123441588));
#2355 = ( GEOMETRIC_REPRESENTATION_CONTEXT(2) 
PARAMETRIC_REPRESENTATION_CONTEXT() REPRESENTATION_CONTEXT('2D SPACE',''
  ) );
#2356 = ORIENTED_EDGE('',*,*,#605,.F.);
#2357 = ORIENTED_EDGE('',*,*,#359,.T.);
#2358 = ADVANCED_FACE('',(#2359,#3729,#3843),#505,.T.);
#2359 = FACE_BOUND('',#2360,.T.);
#2360 = EDGE_LOOP('',(#2361,#2391,#2425,#2691,#2725,#2748,#2780,#2811,
    #2857,#2903,#2949,#2972,#3000,#3028,#3062,#3288,#3322,#3345,#3373,
    #3401,#3429,#3457,#3485,#3508,#3531,#3559,#3587,#3615,#3636,#3637,
    #3660,#3702));
#2361 = ORIENTED_EDGE('',*,*,#2362,.T.);
#2362 = EDGE_CURVE('',#2363,#2365,#2367,.T.);
#2363 = VERTEX_POINT('',#2364);
#2364 = CARTESIAN_POINT('',(40.,57.571345694472,-160.5640646055));
#2365 = VERTEX_POINT('',#2366);
#2366 = CARTESIAN_POINT('',(40.,58.574097456277,-160.5640646055));
#2367 = SURFACE_CURVE('',#2368,(#2372,#2379),.PCURVE_S1.);
#2368 = LINE('',#2369,#2370);
#2369 = CARTESIAN_POINT('',(40.,83.344850421417,-160.5640646055));
#2370 = VECTOR('',#2371,1.);
#2371 = DIRECTION('',(-7.4E-16,1.,4.3E-16));
#2372 = PCURVE('',#505,#2373);
#2373 = DEFINITIONAL_REPRESENTATION('',(#2374),#2378);
#2374 = LINE('',#2375,#2376);
#2375 = CARTESIAN_POINT('',(-27.02907597956,-53.11823461152));
#2376 = VECTOR('',#2377,1.);
#2377 = DIRECTION('',(1.,4.3E-16));
#2378 = ( GEOMETRIC_REPRESENTATION_CONTEXT(2) 
PARAMETRIC_REPRESENTATION_CONTEXT() REPRESENTATION_CONTEXT('2D SPACE',''
  ) );
#2379 = PCURVE('',#2380,#2385);
#2380 = PLANE('',#2381);
#2381 = AXIS2_PLACEMENT_3D('',#2382,#2383,#2384);
#2382 = CARTESIAN_POINT('',(35.659718535679,84.500000000001,
    -158.0582019337));
#2383 = DIRECTION('',(0.5,0.,0.866025403784));
#2384 = DIRECTION('',(0.866025403784,0.,-0.5));
#2385 = DEFINITIONAL_REPRESENTATION('',(#2386),#2390);
#2386 = LINE('',#2387,#2388);
#2387 = CARTESIAN_POINT('',(5.011725343569,-1.155149578583));
#2388 = VECTOR('',#2389,1.);
#2389 = DIRECTION('',(-8.558587988005E-16,1.));
#2390 = ( GEOMETRIC_REPRESENTATION_CONTEXT(2) 
PARAMETRIC_REPRESENTATION_CONTEXT() REPRESENTATION_CONTEXT('2D SPACE',''
  ) );
#2391 = ORIENTED_EDGE('',*,*,#2392,.F.);
#2392 = EDGE_CURVE('',#2393,#2365,#2395,.T.);
#2393 = VERTEX_POINT('',#2394);
#2394 = CARTESIAN_POINT('',(40.000000000001,58.576409610356,
    -160.5666156782));
#2395 = SURFACE_CURVE('',#2396,(#2402,#2411),.PCURVE_S1.);
#2396 = B_SPLINE_CURVE_WITH_KNOTS('',4,(#2397,#2398,#2399,#2400,#2401),
  .UNSPECIFIED.,.F.,.F.,(5,5),(0.,1.),.PIECEWISE_BEZIER_KNOTS.);
#2397 = CARTESIAN_POINT('',(40.,58.57642845874,-160.5666364739));
#2398 = CARTESIAN_POINT('',(40.,58.575845701151,-160.5659935104));
#2399 = CARTESIAN_POINT('',(40.,58.575262948212,-160.5653505445));
#2400 = CARTESIAN_POINT('',(40.,58.57468019992,-160.5647075762));
#2401 = CARTESIAN_POINT('',(40.,58.574097456277,-160.5640646055));
#2402 = PCURVE('',#505,#2403);
#2403 = DEFINITIONAL_REPRESENTATION('',(#2404),#2410);
#2404 = B_SPLINE_CURVE_WITH_KNOTS('',4,(#2405,#2406,#2407,#2408,#2409),
  .UNSPECIFIED.,.F.,.F.,(5,5),(0.,1.),.PIECEWISE_BEZIER_KNOTS.);
#2405 = CARTESIAN_POINT('',(-51.79749794223,-53.12080647996));
#2406 = CARTESIAN_POINT('',(-51.79808069982,-53.12016351647));
#2407 = CARTESIAN_POINT('',(-51.79866345276,-53.11952055056));
#2408 = CARTESIAN_POINT('',(-51.79924620105,-53.11887758225));
#2409 = CARTESIAN_POINT('',(-51.7998289447,-53.11823461152));
#2410 = ( GEOMETRIC_REPRESENTATION_CONTEXT(2) 
PARAMETRIC_REPRESENTATION_CONTEXT() REPRESENTATION_CONTEXT('2D SPACE',''
  ) );
#2411 = PCURVE('',#2412,#2417);
#2412 = CONICAL_SURFACE('',#2413,25.,0.785398163397);
#2413 = AXIS2_PLACEMENT_3D('',#2414,#2415,#2416);
#2414 = CARTESIAN_POINT('',(37.801270189222,84.5,-160.4493278957));
#2415 = DIRECTION('',(0.5,0.,0.866025403784));
#2416 = DIRECTION('',(0.866025403784,0.,-0.5));
#2417 = DEFINITIONAL_REPRESENTATION('',(#2418),#2424);
#2418 = B_SPLINE_CURVE_WITH_KNOTS('',4,(#2419,#2420,#2421,#2422,#2423),
  .UNSPECIFIED.,.F.,.F.,(5,5),(0.,1.),.PIECEWISE_BEZIER_KNOTS.);
#2419 = CARTESIAN_POINT('',(-1.495225250232,0.997772696599));
#2420 = CARTESIAN_POINT('',(-1.495239273045,0.998329519316));
#2421 = CARTESIAN_POINT('',(-1.49525329509,0.998886344121));
#2422 = CARTESIAN_POINT('',(-1.495267316367,0.999443171016));
#2423 = CARTESIAN_POINT('',(-1.495281336876,1.));
#2424 = ( GEOMETRIC_REPRESENTATION_CONTEXT(2) 
PARAMETRIC_REPRESENTATION_CONTEXT() REPRESENTATION_CONTEXT('2D SPACE',''
  ) );
#2425 = ORIENTED_EDGE('',*,*,#2426,.F.);
#2426 = EDGE_CURVE('',#2427,#2393,#2429,.T.);
#2427 = VERTEX_POINT('',#2428);
#2428 = CARTESIAN_POINT('',(39.999999999999,110.42359676773,
    -160.5666086412));
#2429 = SURFACE_CURVE('',#2430,(#2493,#2559),.PCURVE_S1.);
#2430 = B_SPLINE_CURVE_WITH_KNOTS('',13,(#2431,#2432,#2433,#2434,#2435,
    #2436,#2437,#2438,#2439,#2440,#2441,#2442,#2443,#2444,#2445,#2446,
    #2447,#2448,#2449,#2450,#2451,#2452,#2453,#2454,#2455,#2456,#2457,
    #2458,#2459,#2460,#2461,#2462,#2463,#2464,#2465,#2466,#2467,#2468,
    #2469,#2470,#2471,#2472,#2473,#2474,#2475,#2476,#2477,#2478,#2479,
    #2480,#2481,#2482,#2483,#2484,#2485,#2486,#2487,#2488,#2489,#2490,
    #2491,#2492),.UNSPECIFIED.,.F.,.F.,(14,12,12,12,12,14),(
    -2.673510866649,0.,64.476859582126,97.39370784133,130.31055610053,
    131.62723003092),.UNSPECIFIED.);
#2431 = CARTESIAN_POINT('',(40.,110.22840256196,-164.0346114367));
#2432 = CARTESIAN_POINT('',(40.,110.24770162426,-163.7718027337));
#2433 = CARTESIAN_POINT('',(40.000000000001,110.26628904014,
    -163.508773146));
#2434 = CARTESIAN_POINT('',(40.,110.28415736575,-163.2455307901));
#2435 = CARTESIAN_POINT('',(39.999999999993,110.30129986197,
    -162.9820840561));
#2436 = CARTESIAN_POINT('',(40.000000000023,110.3177104915,
    -162.7184416066));
#2437 = CARTESIAN_POINT('',(39.999999999956,110.33338392383,
    -162.4546123778));
#2438 = CARTESIAN_POINT('',(40.000000000059,110.3483155284,
    -162.1906055796));
#2439 = CARTESIAN_POINT('',(39.999999999942,110.3625013823,
    -161.9264306935));
#2440 = CARTESIAN_POINT('',(40.000000000042,110.37593826313,
    -161.6620974766));
#2441 = CARTESIAN_POINT('',(39.999999999978,110.38862365448,
    -161.3976159567));
#2442 = CARTESIAN_POINT('',(40.000000000007,110.40055574245,
    -161.1329964368));
#2443 = CARTESIAN_POINT('',(39.999999999999,110.41173341744,
    -160.8682494917));
#2444 = CARTESIAN_POINT('',(40.000000000006,110.67352350436,
    -154.2156924334));
#2445 = CARTESIAN_POINT('',(39.999999999978,110.4857032644,
    -147.7602213674));
#2446 = CARTESIAN_POINT('',(40.000000000054,109.85541079132,
    -141.3672610027));
#2447 = CARTESIAN_POINT('',(39.9999999999,108.78020282276,-135.159369361
    ));
#2448 = CARTESIAN_POINT('',(40.000000000144,107.30014518999,
    -129.2918150754));
#2449 = CARTESIAN_POINT('',(39.999999999832,105.38646603306,
    -123.8179484186));
#2450 = CARTESIAN_POINT('',(40.000000000159,103.1618251391,
    -118.980193551));
#2451 = CARTESIAN_POINT('',(39.999999999875,100.5653719647,
    -114.676027368));
#2452 = CARTESIAN_POINT('',(40.000000000081,97.717271248401,
    -111.2270443402));
#2453 = CARTESIAN_POINT('',(39.999999999956,94.662488113575,
    -108.4653395262));
#2454 = CARTESIAN_POINT('',(40.000000000019,91.350684014441,
    -106.582665678));
#2455 = CARTESIAN_POINT('',(39.999999999994,87.925551555923,
    -105.6410161513));
#2456 = CARTESIAN_POINT('',(40.000000000006,82.751180943041,
    -105.6410161513));
#2457 = CARTESIAN_POINT('',(39.999999999964,81.00243130404,
    -105.8863684797));
#2458 = CARTESIAN_POINT('',(40.000000000102,79.268971897528,
    -106.3774200327));
#2459 = CARTESIAN_POINT('',(39.999999999802,77.567561941648,
    -107.108862567));
#2460 = CARTESIAN_POINT('',(40.000000000294,75.909805694968,
    -108.0711575911));
#2461 = CARTESIAN_POINT('',(39.999999999655,74.30289281265,
    -109.2540148612));
#2462 = CARTESIAN_POINT('',(40.000000000325,72.752196512042,
    -110.6483322097));
#2463 = CARTESIAN_POINT('',(39.99999999975,71.263071183287,
    -112.2459178022));
#2464 = CARTESIAN_POINT('',(40.000000000155,69.841248119498,
    -114.0380524464));
#2465 = CARTESIAN_POINT('',(39.999999999925,68.492423965456,
    -116.0145083141));
#2466 = CARTESIAN_POINT('',(40.000000000025,67.221971978068,
    -118.1640224647));
#2467 = CARTESIAN_POINT('',(39.999999999997,66.03518058883,
    -120.4754278154));
#2468 = CARTESIAN_POINT('',(40.,63.838894654862,-125.3959153649));
#2469 = CARTESIAN_POINT('',(40.000000000012,62.8293299957,
    -128.0050258631));
#2470 = CARTESIAN_POINT('',(39.99999999995,61.913845130616,
    -130.7505894429));
#2471 = CARTESIAN_POINT('',(40.000000000121,61.094890889706,
    -133.6176899059));
#2472 = CARTESIAN_POINT('',(39.999999999787,60.382119119517,
    -136.5950184617));
#2473 = CARTESIAN_POINT('',(40.000000000285,59.77053741642,
    -139.662008511));
#2474 = CARTESIAN_POINT('',(39.999999999704,59.271742102527,
    -142.8080079727));
#2475 = CARTESIAN_POINT('',(40.000000000239,58.885749732527,
    -146.0147155386));
#2476 = CARTESIAN_POINT('',(39.999999999851,58.607676165603,
    -149.2612394483));
#2477 = CARTESIAN_POINT('',(40.000000000068,58.45194523557,
    -152.5389850868));
#2478 = CARTESIAN_POINT('',(39.999999999981,58.405393183732,
    -155.8213437918));
#2479 = CARTESIAN_POINT('',(40.,58.477133328595,-159.0979899174));
#2480 = CARTESIAN_POINT('',(40.000000000003,58.669109731561,
    -162.4781329153));
#2481 = CARTESIAN_POINT('',(39.999999999969,58.676673592319,
    -162.6080970917));
#2482 = CARTESIAN_POINT('',(40.0000000001,58.684417093011,
    -162.7380181913));
#2483 = CARTESIAN_POINT('',(39.999999999789,58.692339690706,
    -162.8678946741));
#2484 = CARTESIAN_POINT('',(40.000000000333,58.700440814357,
    -162.9977252193));
#2485 = CARTESIAN_POINT('',(39.999999999584,58.708719861426,
    -163.1275087142));
#2486 = CARTESIAN_POINT('',(40.000000000419,58.717176202918,
    -163.2572442709));
#2487 = CARTESIAN_POINT('',(39.999999999658,58.725809177228,
    -163.3869312057));
#2488 = CARTESIAN_POINT('',(40.000000000224,58.734618096422,
    -163.5165690602));
#2489 = CARTESIAN_POINT('',(39.999999999887,58.743602240825,
    -163.6461575831));
#2490 = CARTESIAN_POINT('',(40.000000000042,58.752760862969,
    -163.7756967435));
#2491 = CARTESIAN_POINT('',(39.999999999991,58.762093185166,
    -163.9051867227));
#2492 = CARTESIAN_POINT('',(40.,58.771598400741,-164.0346279185));
#2493 = PCURVE('',#505,#2494);
#2494 = DEFINITIONAL_REPRESENTATION('',(#2495),#2558);
#2495 = B_SPLINE_CURVE_WITH_KNOTS('',13,(#2496,#2497,#2498,#2499,#2500,
    #2501,#2502,#2503,#2504,#2505,#2506,#2507,#2508,#2509,#2510,#2511,
    #2512,#2513,#2514,#2515,#2516,#2517,#2518,#2519,#2520,#2521,#2522,
    #2523,#2524,#2525,#2526,#2527,#2528,#2529,#2530,#2531,#2532,#2533,
    #2534,#2535,#2536,#2537,#2538,#2539,#2540,#2541,#2542,#2543,#2544,
    #2545,#2546,#2547,#2548,#2549,#2550,#2551,#2552,#2553,#2554,#2555,
    #2556,#2557),.UNSPECIFIED.,.F.,.F.,(14,12,12,12,12,14),(
    -2.673510866649,0.,64.476859582126,97.39370784133,130.31055610053,
    131.62723003092),.UNSPECIFIED.);
#2496 = CARTESIAN_POINT('',(-0.145523839016,-56.58878144274));
#2497 = CARTESIAN_POINT('',(-0.126224776716,-56.32597273973));
#2498 = CARTESIAN_POINT('',(-0.107637360837,-56.06294315206));
#2499 = CARTESIAN_POINT('',(-8.976903522388E-02,-55.7997007962));
#2500 = CARTESIAN_POINT('',(-7.262653900852E-02,-55.53625406215));
#2501 = CARTESIAN_POINT('',(-5.621590947183E-02,-55.27261161262));
#2502 = CARTESIAN_POINT('',(-4.054247715003E-02,-55.00878238388));
#2503 = CARTESIAN_POINT('',(-2.561087257915E-02,-54.74477558563));
#2504 = CARTESIAN_POINT('',(-1.142501867125E-02,-54.48060069959));
#2505 = CARTESIAN_POINT('',(2.011862157801E-03,-54.21626748271));
#2506 = CARTESIAN_POINT('',(1.469725350701E-02,-53.9517859628));
#2507 = CARTESIAN_POINT('',(2.662934147182E-02,-53.68716644284));
#2508 = CARTESIAN_POINT('',(3.780701646542E-02,-53.42241949777));
#2509 = CARTESIAN_POINT('',(0.299597103389,-46.76986243943));
#2510 = CARTESIAN_POINT('',(0.111776863426,-40.31439137342));
#2511 = CARTESIAN_POINT('',(-0.518515609654,-33.92143100875));
#2512 = CARTESIAN_POINT('',(-1.593723578213,-27.71353936709));
#2513 = CARTESIAN_POINT('',(-3.073781210984,-21.8459850815));
#2514 = CARTESIAN_POINT('',(-4.987460367911,-16.37211842468));
#2515 = CARTESIAN_POINT('',(-7.212101261874,-11.5343635571));
#2516 = CARTESIAN_POINT('',(-9.808554436276,-7.230197374067));
#2517 = CARTESIAN_POINT('',(-12.65665515257,-3.781214346225));
#2518 = CARTESIAN_POINT('',(-15.7114382874,-1.019509532289));
#2519 = CARTESIAN_POINT('',(-19.02324238653,0.863164315931));
#2520 = CARTESIAN_POINT('',(-22.44837484505,1.804813842632));
#2521 = CARTESIAN_POINT('',(-27.62274545793,1.804813842588));
#2522 = CARTESIAN_POINT('',(-29.37149509693,1.559461514246));
#2523 = CARTESIAN_POINT('',(-31.10495450345,1.068409961195));
#2524 = CARTESIAN_POINT('',(-32.80636445933,0.336967426931));
#2525 = CARTESIAN_POINT('',(-34.46412070601,-0.62532759719));
#2526 = CARTESIAN_POINT('',(-36.07103358833,-1.808184867231));
#2527 = CARTESIAN_POINT('',(-37.62172988893,-3.202502215759));
#2528 = CARTESIAN_POINT('',(-39.11085521769,-4.800087808286));
#2529 = CARTESIAN_POINT('',(-40.53267828148,-6.592222452499));
#2530 = CARTESIAN_POINT('',(-41.88150243552,-8.568678320194));
#2531 = CARTESIAN_POINT('',(-43.15195442291,-10.71819247072));
#2532 = CARTESIAN_POINT('',(-44.33874581215,-13.02959782145));
#2533 = CARTESIAN_POINT('',(-46.53503174611,-17.95008537093));
#2534 = CARTESIAN_POINT('',(-47.54459640528,-20.55919586917));
#2535 = CARTESIAN_POINT('',(-48.46008127036,-23.30475944895));
#2536 = CARTESIAN_POINT('',(-49.27903551127,-26.17185991199));
#2537 = CARTESIAN_POINT('',(-49.99180728146,-29.14918846781));
#2538 = CARTESIAN_POINT('',(-50.60338898456,-32.21617851703));
#2539 = CARTESIAN_POINT('',(-51.10218429845,-35.36217797873));
#2540 = CARTESIAN_POINT('',(-51.48817666845,-38.56888554471));
#2541 = CARTESIAN_POINT('',(-51.76625023537,-41.81540945437));
#2542 = CARTESIAN_POINT('',(-51.92198116541,-45.0931550929));
#2543 = CARTESIAN_POINT('',(-51.96853321724,-48.37551379783));
#2544 = CARTESIAN_POINT('',(-51.89679307238,-51.65215992343));
#2545 = CARTESIAN_POINT('',(-51.70481666941,-55.03230292136));
#2546 = CARTESIAN_POINT('',(-51.69725280866,-55.16226709777));
#2547 = CARTESIAN_POINT('',(-51.68950930796,-55.29218819734));
#2548 = CARTESIAN_POINT('',(-51.68158671027,-55.42206468014));
#2549 = CARTESIAN_POINT('',(-51.67348558662,-55.55189522534));
#2550 = CARTESIAN_POINT('',(-51.66520653955,-55.68167872023));
#2551 = CARTESIAN_POINT('',(-51.65675019806,-55.81141427699));
#2552 = CARTESIAN_POINT('',(-51.64811722375,-55.94110121171));
#2553 = CARTESIAN_POINT('',(-51.63930830455,-56.07073906625));
#2554 = CARTESIAN_POINT('',(-51.63032416015,-56.20032758912));
#2555 = CARTESIAN_POINT('',(-51.62116553801,-56.32986674953));
#2556 = CARTESIAN_POINT('',(-51.61183321581,-56.45935672878));
#2557 = CARTESIAN_POINT('',(-51.60232800023,-56.58879792457));
#2558 = ( GEOMETRIC_REPRESENTATION_CONTEXT(2) 
PARAMETRIC_REPRESENTATION_CONTEXT() REPRESENTATION_CONTEXT('2D SPACE',''
  ) );
#2559 = PCURVE('',#2560,#2685);
#2560 = B_SPLINE_SURFACE_WITH_KNOTS('',1,13,(
    (#2561,#2562,#2563,#2564,#2565,#2566,#2567,#2568,#2569,#2570,#2571
      ,#2572,#2573,#2574,#2575,#2576,#2577,#2578,#2579,#2580,#2581,#2582
      ,#2583,#2584,#2585,#2586,#2587,#2588,#2589,#2590,#2591,#2592,#2593
      ,#2594,#2595,#2596,#2597,#2598,#2599,#2600,#2601,#2602,#2603,#2604
      ,#2605,#2606,#2607,#2608,#2609,#2610,#2611,#2612,#2613,#2614,#2615
      ,#2616,#2617,#2618,#2619,#2620,#2621,#2622)
    ,(#2623,#2624,#2625,#2626,#2627,#2628,#2629,#2630,#2631,#2632,#2633
      ,#2634,#2635,#2636,#2637,#2638,#2639,#2640,#2641,#2642,#2643,#2644
      ,#2645,#2646,#2647,#2648,#2649,#2650,#2651,#2652,#2653,#2654,#2655
      ,#2656,#2657,#2658,#2659,#2660,#2661,#2662,#2663,#2664,#2665,#2666
      ,#2667,#2668,#2669,#2670,#2671,#2672,#2673,#2674,#2675,#2676,#2677
      ,#2678,#2679,#2680,#2681,#2682,#2683,#2684
  )),.UNSPECIFIED.,.F.,.F.,.F.,(2,2),(14,12,12,12,12,14),(0.,
    134.30074089756),(-2.673510866649,0.,64.476859582126,97.39370784133,
    130.31055610053,131.62723003092),.UNSPECIFIED.);
#2561 = CARTESIAN_POINT('',(39.006236278065,109.34229487776,
    -163.9695411128));
#2562 = CARTESIAN_POINT('',(39.005745212968,109.35706376819,
    -163.7086651837));
#2563 = CARTESIAN_POINT('',(39.005271048383,109.37108498978,
    -163.4476065839));
#2564 = CARTESIAN_POINT('',(39.00481493855,109.38435816471,
    -163.1863727662));
#2565 = CARTESIAN_POINT('',(39.004377904685,109.39688294834,
    -162.9249713412));
#2566 = CARTESIAN_POINT('',(39.003960833642,109.40865902419,
    -162.6634100697));
#2567 = CARTESIAN_POINT('',(39.003564480316,109.41968611312,
    -162.4016968771));
#2568 = CARTESIAN_POINT('',(39.003189464109,109.42996395956,
    -162.1398398321));
#2569 = CARTESIAN_POINT('',(39.002836273255,109.43949234877,
    -161.8778471725));
#2570 = CARTESIAN_POINT('',(39.002505260381,109.4482710886,
    -161.6157272792));
#2571 = CARTESIAN_POINT('',(39.002196646338,109.45630002576,
    -161.3534886978));
#2572 = CARTESIAN_POINT('',(39.001910517427,109.46357903363,
    -161.091140124));
#2573 = CARTESIAN_POINT('',(39.001646827067,109.47010801985,
    -160.8286904117));
#2574 = CARTESIAN_POINT('',(38.995582795684,109.61525628073,
    -154.2344467872));
#2575 = CARTESIAN_POINT('',(39.002799869961,109.31849712112,
    -147.8495320161));
#2576 = CARTESIAN_POINT('',(39.023333092771,108.58286164008,
    -141.5402811964));
#2577 = CARTESIAN_POINT('',(39.05635048358,107.42571814696,
    -135.446339634));
#2578 = CARTESIAN_POINT('',(39.102327939607,105.84273389342,
    -129.6714864054));
#2579 = CARTESIAN_POINT('',(39.156608547326,103.92102317269,
    -124.4055202804));
#2580 = CARTESIAN_POINT('',(39.221981875814,101.61194686445,
    -119.6353284976));
#2581 = CARTESIAN_POINT('',(39.289934920333,99.075053439229,
    -115.6556649835));
#2582 = CARTESIAN_POINT('',(39.359595140137,96.29240986524,
    -112.3138526365));
#2583 = CARTESIAN_POINT('',(39.427146293772,93.34532035216,
    -109.9000317441));
#2584 = CARTESIAN_POINT('',(39.475639337327,90.404543429647,
    -108.3044464059));
#2585 = CARTESIAN_POINT('',(39.499999999994,87.452065073467,
    -107.5070415551));
#2586 = CARTESIAN_POINT('',(39.500000000005,82.992906157275,
    -107.5070415551));
#2587 = CARTESIAN_POINT('',(39.493654078302,81.485741811509,
    -107.7149436537));
#2588 = CARTESIAN_POINT('',(39.480975824629,79.979936608341,
    -108.1304210883));
#2589 = CARTESIAN_POINT('',(39.462357537441,78.475376379498,
    -108.7559392885));
#2590 = CARTESIAN_POINT('',(39.438707742939,76.97701472024,
    -109.5954196166));
#2591 = CARTESIAN_POINT('',(39.411200677692,75.494106012724,
    -110.6507566116));
#2592 = CARTESIAN_POINT('',(39.381002909906,74.037525185956,
    -111.9198650082));
#2593 = CARTESIAN_POINT('',(39.349127701419,72.617814180831,
    -113.3969830948));
#2594 = CARTESIAN_POINT('',(39.316421792084,71.244593760508,
    -115.074194132));
#2595 = CARTESIAN_POINT('',(39.283611887767,69.926801407503,
    -116.9425469041));
#2596 = CARTESIAN_POINT('',(39.251329393533,68.672862212519,
    -118.9917607588));
#2597 = CARTESIAN_POINT('',(39.220091726446,67.49036927105,
    -121.2092890012));
#2598 = CARTESIAN_POINT('',(39.160602209409,65.281918089167,
    -125.9556866578));
#2599 = CARTESIAN_POINT('',(39.132344322323,64.255969954189,
    -128.4845137171));
#2600 = CARTESIAN_POINT('',(39.106069034013,63.315149676074,
    -131.1558244885));
#2601 = CARTESIAN_POINT('',(39.081939129485,62.4655997986,
    -133.9563102827));
#2602 = CARTESIAN_POINT('',(39.060756997551,61.712675763431,
    -136.8693023536));
#2603 = CARTESIAN_POINT('',(39.04196674938,61.061129065494,
    -139.8819698004));
#2604 = CARTESIAN_POINT('',(39.026543748618,60.514850047422,
    -142.9752871449));
#2605 = CARTESIAN_POINT('',(39.014419512172,60.077084425572,
    -146.1332703527));
#2606 = CARTESIAN_POINT('',(39.005087315655,59.750374014873,
    -149.3409539265));
#2607 = CARTESIAN_POINT('',(38.999835625279,59.536357895469,
    -152.5766604349));
#2608 = CARTESIAN_POINT('',(38.997465964328,59.436146804567,
    -155.8272925427));
#2609 = CARTESIAN_POINT('',(38.998815434266,59.449935694997,
    -159.0723990255));
#2610 = CARTESIAN_POINT('',(39.003631063326,59.582400640983,
    -162.4250758486));
#2611 = CARTESIAN_POINT('',(39.003821460342,59.587677227888,
    -162.5539916859));
#2612 = CARTESIAN_POINT('',(39.00401698951,59.593135531161,
    -162.6828726195));
#2613 = CARTESIAN_POINT('',(39.004217591405,59.598775495662,
    -162.8117172316));
#2614 = CARTESIAN_POINT('',(39.004423196979,59.604597078249,
    -162.940524329));
#2615 = CARTESIAN_POINT('',(39.004633724828,59.610600243574,
    -163.0692929248));
#2616 = CARTESIAN_POINT('',(39.004849085331,59.616784970426,
    -163.1980222666));
#2617 = CARTESIAN_POINT('',(39.005069175477,59.623151243885,-163.3267118
    ));
#2618 = CARTESIAN_POINT('',(39.005293884304,59.629699063407,
    -163.4553612084));
#2619 = CARTESIAN_POINT('',(39.005523088042,59.636428435831,
    -163.5839703763));
#2620 = CARTESIAN_POINT('',(39.005756653799,59.643339380461,
    -163.7125394177));
#2621 = CARTESIAN_POINT('',(39.005994437205,59.65043192598,
    -163.8410686579));
#2622 = CARTESIAN_POINT('',(39.006236283654,59.657706111995,
    -163.9695586431));
#2623 = CARTESIAN_POINT('',(40.,110.22840256196,-164.0346114367));
#2624 = CARTESIAN_POINT('',(40.,110.24770162426,-163.7718027337));
#2625 = CARTESIAN_POINT('',(40.000000000001,110.26628904014,
    -163.508773146));
#2626 = CARTESIAN_POINT('',(40.,110.28415736575,-163.2455307901));
#2627 = CARTESIAN_POINT('',(39.999999999993,110.30129986197,
    -162.9820840561));
#2628 = CARTESIAN_POINT('',(40.000000000023,110.3177104915,
    -162.7184416066));
#2629 = CARTESIAN_POINT('',(39.999999999956,110.33338392383,
    -162.4546123778));
#2630 = CARTESIAN_POINT('',(40.000000000059,110.3483155284,
    -162.1906055796));
#2631 = CARTESIAN_POINT('',(39.999999999942,110.3625013823,
    -161.9264306935));
#2632 = CARTESIAN_POINT('',(40.000000000042,110.37593826313,
    -161.6620974766));
#2633 = CARTESIAN_POINT('',(39.999999999978,110.38862365448,
    -161.3976159567));
#2634 = CARTESIAN_POINT('',(40.000000000007,110.40055574245,
    -161.1329964368));
#2635 = CARTESIAN_POINT('',(39.999999999999,110.41173341744,
    -160.8682494917));
#2636 = CARTESIAN_POINT('',(40.000000000006,110.67352350436,
    -154.2156924334));
#2637 = CARTESIAN_POINT('',(39.999999999978,110.4857032644,
    -147.7602213674));
#2638 = CARTESIAN_POINT('',(40.000000000054,109.85541079132,
    -141.3672610027));
#2639 = CARTESIAN_POINT('',(39.9999999999,108.78020282276,-135.159369361
    ));
#2640 = CARTESIAN_POINT('',(40.000000000144,107.30014518999,
    -129.2918150754));
#2641 = CARTESIAN_POINT('',(39.999999999832,105.38646603306,
    -123.8179484186));
#2642 = CARTESIAN_POINT('',(40.000000000159,103.1618251391,
    -118.980193551));
#2643 = CARTESIAN_POINT('',(39.999999999875,100.5653719647,
    -114.676027368));
#2644 = CARTESIAN_POINT('',(40.000000000081,97.717271248401,
    -111.2270443402));
#2645 = CARTESIAN_POINT('',(39.999999999956,94.662488113575,
    -108.4653395262));
#2646 = CARTESIAN_POINT('',(40.000000000019,91.350684014441,
    -106.582665678));
#2647 = CARTESIAN_POINT('',(39.999999999994,87.925551555923,
    -105.6410161513));
#2648 = CARTESIAN_POINT('',(40.000000000006,82.751180943041,
    -105.6410161513));
#2649 = CARTESIAN_POINT('',(39.999999999964,81.00243130404,
    -105.8863684797));
#2650 = CARTESIAN_POINT('',(40.000000000102,79.268971897528,
    -106.3774200327));
#2651 = CARTESIAN_POINT('',(39.999999999802,77.567561941648,
    -107.108862567));
#2652 = CARTESIAN_POINT('',(40.000000000294,75.909805694968,
    -108.0711575911));
#2653 = CARTESIAN_POINT('',(39.999999999655,74.30289281265,
    -109.2540148612));
#2654 = CARTESIAN_POINT('',(40.000000000325,72.752196512042,
    -110.6483322097));
#2655 = CARTESIAN_POINT('',(39.99999999975,71.263071183287,
    -112.2459178022));
#2656 = CARTESIAN_POINT('',(40.000000000155,69.841248119498,
    -114.0380524464));
#2657 = CARTESIAN_POINT('',(39.999999999925,68.492423965456,
    -116.0145083141));
#2658 = CARTESIAN_POINT('',(40.000000000025,67.221971978068,
    -118.1640224647));
#2659 = CARTESIAN_POINT('',(39.999999999997,66.03518058883,
    -120.4754278154));
#2660 = CARTESIAN_POINT('',(40.,63.838894654862,-125.3959153649));
#2661 = CARTESIAN_POINT('',(40.000000000012,62.8293299957,
    -128.0050258631));
#2662 = CARTESIAN_POINT('',(39.99999999995,61.913845130616,
    -130.7505894429));
#2663 = CARTESIAN_POINT('',(40.000000000121,61.094890889706,
    -133.6176899059));
#2664 = CARTESIAN_POINT('',(39.999999999787,60.382119119517,
    -136.5950184617));
#2665 = CARTESIAN_POINT('',(40.000000000285,59.77053741642,
    -139.662008511));
#2666 = CARTESIAN_POINT('',(39.999999999704,59.271742102527,
    -142.8080079727));
#2667 = CARTESIAN_POINT('',(40.000000000239,58.885749732527,
    -146.0147155386));
#2668 = CARTESIAN_POINT('',(39.999999999851,58.607676165603,
    -149.2612394483));
#2669 = CARTESIAN_POINT('',(40.000000000068,58.45194523557,
    -152.5389850868));
#2670 = CARTESIAN_POINT('',(39.999999999981,58.405393183732,
    -155.8213437918));
#2671 = CARTESIAN_POINT('',(40.,58.477133328595,-159.0979899174));
#2672 = CARTESIAN_POINT('',(40.000000000003,58.669109731561,
    -162.4781329153));
#2673 = CARTESIAN_POINT('',(39.999999999969,58.676673592319,
    -162.6080970917));
#2674 = CARTESIAN_POINT('',(40.0000000001,58.684417093011,
    -162.7380181913));
#2675 = CARTESIAN_POINT('',(39.999999999789,58.692339690706,
    -162.8678946741));
#2676 = CARTESIAN_POINT('',(40.000000000333,58.700440814357,
    -162.9977252193));
#2677 = CARTESIAN_POINT('',(39.999999999584,58.708719861426,
    -163.1275087142));
#2678 = CARTESIAN_POINT('',(40.000000000419,58.717176202918,
    -163.2572442709));
#2679 = CARTESIAN_POINT('',(39.999999999658,58.725809177228,
    -163.3869312057));
#2680 = CARTESIAN_POINT('',(40.000000000224,58.734618096422,
    -163.5165690602));
#2681 = CARTESIAN_POINT('',(39.999999999887,58.743602240825,
    -163.6461575831));
#2682 = CARTESIAN_POINT('',(40.000000000042,58.752760862969,
    -163.7756967435));
#2683 = CARTESIAN_POINT('',(39.999999999991,58.762093185166,
    -163.9051867227));
#2684 = CARTESIAN_POINT('',(40.,58.771598400741,-164.0346279185));
#2685 = DEFINITIONAL_REPRESENTATION('',(#2686),#2690);
#2686 = LINE('',#2687,#2688);
#2687 = CARTESIAN_POINT('',(134.30074089756,0.));
#2688 = VECTOR('',#2689,1.);
#2689 = DIRECTION('',(0.,1.));
#2690 = ( GEOMETRIC_REPRESENTATION_CONTEXT(2) 
PARAMETRIC_REPRESENTATION_CONTEXT() REPRESENTATION_CONTEXT('2D SPACE',''
  ) );
#2691 = ORIENTED_EDGE('',*,*,#2692,.T.);
#2692 = EDGE_CURVE('',#2427,#2693,#2695,.T.);
#2693 = VERTEX_POINT('',#2694);
#2694 = CARTESIAN_POINT('',(40.,110.42590254372,-160.5640646055));
#2695 = SURFACE_CURVE('',#2696,(#2702,#2711),.PCURVE_S1.);
#2696 = B_SPLINE_CURVE_WITH_KNOTS('',4,(#2697,#2698,#2699,#2700,#2701),
  .UNSPECIFIED.,.F.,.F.,(5,5),(0.,1.),.PIECEWISE_BEZIER_KNOTS.);
#2697 = CARTESIAN_POINT('',(40.,110.42359676773,-160.5666086412));
#2698 = CARTESIAN_POINT('',(40.,110.42417321855,-160.5659726358));
#2699 = CARTESIAN_POINT('',(40.,110.42474966482,-160.5653366281));
#2700 = CARTESIAN_POINT('',(40.,110.42532610654,-160.5647006179));
#2701 = CARTESIAN_POINT('',(40.,110.42590254372,-160.5640646055));
#2702 = PCURVE('',#505,#2703);
#2703 = DEFINITIONAL_REPRESENTATION('',(#2704),#2710);
#2704 = B_SPLINE_CURVE_WITH_KNOTS('',4,(#2705,#2706,#2707,#2708,#2709),
  .UNSPECIFIED.,.F.,.F.,(5,5),(0.,1.),.PIECEWISE_BEZIER_KNOTS.);
#2705 = CARTESIAN_POINT('',(4.967036675151E-02,-53.12077864728));
#2706 = CARTESIAN_POINT('',(5.024681757246E-02,-53.12014264188));
#2707 = CARTESIAN_POINT('',(5.082326384439E-02,-53.11950663412));
#2708 = CARTESIAN_POINT('',(5.139970556796E-02,-53.118870624));
#2709 = CARTESIAN_POINT('',(5.197614274356E-02,-53.11823461152));
#2710 = ( GEOMETRIC_REPRESENTATION_CONTEXT(2) 
PARAMETRIC_REPRESENTATION_CONTEXT() REPRESENTATION_CONTEXT('2D SPACE',''
  ) );
#2711 = PCURVE('',#2712,#2717);
#2712 = CONICAL_SURFACE('',#2713,25.,0.785398163397);
#2713 = AXIS2_PLACEMENT_3D('',#2714,#2715,#2716);
#2714 = CARTESIAN_POINT('',(37.801270189222,84.5,-160.4493278957));
#2715 = DIRECTION('',(0.5,0.,0.866025403784));
#2716 = DIRECTION('',(6.794919243112E-02,0.996917186295,
    -3.923048454132E-02));
#2717 = DEFINITIONAL_REPRESENTATION('',(#2718),#2724);
#2718 = B_SPLINE_CURVE_WITH_KNOTS('',4,(#2719,#2720,#2721,#2722,#2723),
  .UNSPECIFIED.,.F.,.F.,(5,5),(0.,1.),.PIECEWISE_BEZIER_KNOTS.);
#2719 = CARTESIAN_POINT('',(2.97122594544E-03,0.997796800404));
#2720 = CARTESIAN_POINT('',(2.9850969785E-03,0.998347597237));
#2721 = CARTESIAN_POINT('',(2.998967259956E-03,0.998898396114));
#2722 = CARTESIAN_POINT('',(3.012836789894E-03,0.999449197035));
#2723 = CARTESIAN_POINT('',(3.026705568409E-03,1.));
#2724 = ( GEOMETRIC_REPRESENTATION_CONTEXT(2) 
PARAMETRIC_REPRESENTATION_CONTEXT() REPRESENTATION_CONTEXT('2D SPACE',''
  ) );
#2725 = ORIENTED_EDGE('',*,*,#2726,.T.);
#2726 = EDGE_CURVE('',#2693,#2727,#2729,.T.);
#2727 = VERTEX_POINT('',#2728);
#2728 = CARTESIAN_POINT('',(40.,111.42865430552,-160.5640646055));
#2729 = SURFACE_CURVE('',#2730,(#2734,#2741),.PCURVE_S1.);
#2730 = LINE('',#2731,#2732);
#2731 = CARTESIAN_POINT('',(40.,83.344850421417,-160.5640646055));
#2732 = VECTOR('',#2733,1.);
#2733 = DIRECTION('',(-7.4E-16,1.,4.3E-16));
#2734 = PCURVE('',#505,#2735);
#2735 = DEFINITIONAL_REPRESENTATION('',(#2736),#2740);
#2736 = LINE('',#2737,#2738);
#2737 = CARTESIAN_POINT('',(-27.02907597956,-53.11823461152));
#2738 = VECTOR('',#2739,1.);
#2739 = DIRECTION('',(1.,4.3E-16));
#2740 = ( GEOMETRIC_REPRESENTATION_CONTEXT(2) 
PARAMETRIC_REPRESENTATION_CONTEXT() REPRESENTATION_CONTEXT('2D SPACE',''
  ) );
#2741 = PCURVE('',#2380,#2742);
#2742 = DEFINITIONAL_REPRESENTATION('',(#2743),#2747);
#2743 = LINE('',#2744,#2745);
#2744 = CARTESIAN_POINT('',(5.011725343569,-1.155149578583));
#2745 = VECTOR('',#2746,1.);
#2746 = DIRECTION('',(-8.558587988005E-16,1.));
#2747 = ( GEOMETRIC_REPRESENTATION_CONTEXT(2) 
PARAMETRIC_REPRESENTATION_CONTEXT() REPRESENTATION_CONTEXT('2D SPACE',''
  ) );
#2748 = ORIENTED_EDGE('',*,*,#2749,.F.);
#2749 = EDGE_CURVE('',#2750,#2727,#2752,.T.);
#2750 = VERTEX_POINT('',#2751);
#2751 = CARTESIAN_POINT('',(40.,112.38465736372,-161.7187651438));
#2752 = SURFACE_CURVE('',#2753,(#2758,#2765),.PCURVE_S1.);
#2753 = HYPERBOLA('',#2754,23.602540378445,16.689516354827);
#2754 = AXIS2_PLACEMENT_3D('',#2755,#2756,#2757);
#2755 = CARTESIAN_POINT('',(40.,84.5,-115.7602170282));
#2756 = DIRECTION('',(-1.,-6.705796870064E-16,0.));
#2757 = DIRECTION('',(-2.596212043322E-31,3.871593628063E-16,-1.));
#2758 = PCURVE('',#505,#2759);
#2759 = DEFINITIONAL_REPRESENTATION('',(#2760),#2764);
#2760 = HYPERBOLA('',#2761,23.602540378445,16.689516354827);
#2761 = AXIS2_PLACEMENT_2D('',#2762,#2763);
#2762 = CARTESIAN_POINT('',(-25.87392640098,-8.314387034231));
#2763 = DIRECTION('',(3.871593628063E-16,-1.));
#2764 = ( GEOMETRIC_REPRESENTATION_CONTEXT(2) 
PARAMETRIC_REPRESENTATION_CONTEXT() REPRESENTATION_CONTEXT('2D SPACE',''
  ) );
#2765 = PCURVE('',#2766,#2771);
#2766 = CONICAL_SURFACE('',#2767,28.,0.785398163397);
#2767 = AXIS2_PLACEMENT_3D('',#2768,#2769,#2770);
#2768 = CARTESIAN_POINT('',(37.801270189222,84.5,-160.4493278957));
#2769 = DIRECTION('',(-0.5,-0.,-0.866025403784));
#2770 = DIRECTION('',(6.06689218135E-02,0.997543169944,
    -3.502721834047E-02));
#2771 = DEFINITIONAL_REPRESENTATION('',(#2772),#2779);
#2772 = B_SPLINE_CURVE_WITH_KNOTS('',5,(#2773,#2774,#2775,#2776,#2777,
    #2778),.UNSPECIFIED.,.F.,.F.,(6,6),(-1.285914567411,-1.256120455187)
  ,.PIECEWISE_BEZIER_KNOTS.);
#2773 = CARTESIAN_POINT('',(2.068693794177E-02,1.7763568394E-14));
#2774 = CARTESIAN_POINT('',(1.713515706146E-02,-0.203503267555));
#2775 = CARTESIAN_POINT('',(1.355110836777E-02,-0.405239977378));
#2776 = CARTESIAN_POINT('',(9.93438360107E-03,-0.605225183435));
#2777 = CARTESIAN_POINT('',(6.284567825688E-03,-0.803473678355));
#2778 = CARTESIAN_POINT('',(2.601239505359E-03,-1.));
#2779 = ( GEOMETRIC_REPRESENTATION_CONTEXT(2) 
PARAMETRIC_REPRESENTATION_CONTEXT() REPRESENTATION_CONTEXT('2D SPACE',''
  ) );
#2780 = ORIENTED_EDGE('',*,*,#2781,.F.);
#2781 = EDGE_CURVE('',#2782,#2750,#2784,.T.);
#2782 = VERTEX_POINT('',#2783);
#2783 = CARTESIAN_POINT('',(40.,112.43120875842,-160.5640646055));
#2784 = SURFACE_CURVE('',#2785,(#2790,#2801),.PCURVE_S1.);
#2785 = ELLIPSE('',#2786,56.,28.);
#2786 = AXIS2_PLACEMENT_3D('',#2787,#2788,#2789);
#2787 = CARTESIAN_POINT('',(40.,84.5,-156.6410161513));
#2788 = DIRECTION('',(-1.,-6.705796870064E-16,0.));
#2789 = DIRECTION('',(2.596212043322E-31,-3.871593628063E-16,1.));
#2790 = PCURVE('',#505,#2791);
#2791 = DEFINITIONAL_REPRESENTATION('',(#2792),#2800);
#2792 = ( BOUNDED_CURVE() B_SPLINE_CURVE(2,(#2793,#2794,#2795,#2796,
#2797,#2798,#2799),.UNSPECIFIED.,.T.,.F.) B_SPLINE_CURVE_WITH_KNOTS((1,2
    ,2,2,2,1),(-2.094395102393,0.,2.094395102393,4.188790204786,
6.28318530718,8.377580409573),.UNSPECIFIED.) CURVE() 
GEOMETRIC_REPRESENTATION_ITEM() RATIONAL_B_SPLINE_CURVE((1.,0.5,1.,0.5,
1.,0.5,1.)) REPRESENTATION_ITEM('') );
#2793 = CARTESIAN_POINT('',(-25.87392640098,6.804813842608));
#2794 = CARTESIAN_POINT('',(22.623496210949,6.804813842608));
#2795 = CARTESIAN_POINT('',(-1.625215095015,-77.19518615739));
#2796 = CARTESIAN_POINT('',(-25.87392640098,-161.1951861573));
#2797 = CARTESIAN_POINT('',(-50.12263770694,-77.19518615739));
#2798 = CARTESIAN_POINT('',(-74.3713490129,6.804813842608));
#2799 = CARTESIAN_POINT('',(-25.87392640098,6.804813842608));
#2800 = ( GEOMETRIC_REPRESENTATION_CONTEXT(2) 
PARAMETRIC_REPRESENTATION_CONTEXT() REPRESENTATION_CONTEXT('2D SPACE',''
  ) );
#2801 = PCURVE('',#670,#2802);
#2802 = DEFINITIONAL_REPRESENTATION('',(#2803),#2810);
#2803 = B_SPLINE_CURVE_WITH_KNOTS('',5,(#2804,#2805,#2806,#2807,#2808,
    #2809),.UNSPECIFIED.,.F.,.F.,(6,6),(1.64090819053,1.661595128472),
  .PIECEWISE_BEZIER_KNOTS.);
#2804 = CARTESIAN_POINT('',(1.500684463059,2.84217094304E-14));
#2805 = CARTESIAN_POINT('',(1.496547075471,-0.200159664959));
#2806 = CARTESIAN_POINT('',(1.492409687883,-0.400246632877));
#2807 = CARTESIAN_POINT('',(1.488272300294,-0.60025376557));
#2808 = CARTESIAN_POINT('',(1.484134912706,-0.800173930041));
#2809 = CARTESIAN_POINT('',(1.479997525118,-1.));
#2810 = ( GEOMETRIC_REPRESENTATION_CONTEXT(2) 
PARAMETRIC_REPRESENTATION_CONTEXT() REPRESENTATION_CONTEXT('2D SPACE',''
  ) );
#2811 = ORIENTED_EDGE('',*,*,#2812,.T.);
#2812 = EDGE_CURVE('',#2782,#2813,#2815,.T.);
#2813 = VERTEX_POINT('',#2814);
#2814 = CARTESIAN_POINT('',(40.,112.48058916783,-158.7258469077));
#2815 = SURFACE_CURVE('',#2816,(#2821,#2828),.PCURVE_S1.);
#2816 = ELLIPSE('',#2817,56.,28.);
#2817 = AXIS2_PLACEMENT_3D('',#2818,#2819,#2820);
#2818 = CARTESIAN_POINT('',(40.,84.5,-156.6410161513));
#2819 = DIRECTION('',(1.,7.4E-16,0.));
#2820 = DIRECTION('',(-3.182E-31,4.3E-16,-1.));
#2821 = PCURVE('',#505,#2822);
#2822 = DEFINITIONAL_REPRESENTATION('',(#2823),#2827);
#2823 = ELLIPSE('',#2824,56.,28.);
#2824 = AXIS2_PLACEMENT_2D('',#2825,#2826);
#2825 = CARTESIAN_POINT('',(-25.87392640098,-49.19518615739));
#2826 = DIRECTION('',(4.3E-16,-1.));
#2827 = ( GEOMETRIC_REPRESENTATION_CONTEXT(2) 
PARAMETRIC_REPRESENTATION_CONTEXT() REPRESENTATION_CONTEXT('2D SPACE',''
  ) );
#2828 = PCURVE('',#670,#2829);
#2829 = DEFINITIONAL_REPRESENTATION('',(#2830),#2856);
#2830 = B_SPLINE_CURVE_WITH_KNOTS('',3,(#2831,#2832,#2833,#2834,#2835,
    #2836,#2837,#2838,#2839,#2840,#2841,#2842,#2843,#2844,#2845,#2846,
    #2847,#2848,#2849,#2850,#2851,#2852,#2853,#2854,#2855),
  .UNSPECIFIED.,.F.,.F.,(4,1,1,1,1,1,1,1,1,1,1,1,1,1,1,1,1,1,1,1,1,1,4),
  (1.500684463059,1.503871365956,1.507058268854,1.510245171751,
    1.513432074648,1.516618977545,1.519805880442,1.522992783339,
    1.526179686236,1.529366589133,1.53255349203,1.535740394927,
    1.538927297824,1.542114200721,1.545301103618,1.548488006515,
    1.551674909412,1.554861812309,1.558048715206,1.561235618104,
    1.564422521001,1.567609423898,1.570796326795),
  .QUASI_UNIFORM_KNOTS.);
#2831 = CARTESIAN_POINT('',(1.500684463059,2.842E-14));
#2832 = CARTESIAN_POINT('',(1.501746764025,5.139228576543E-02));
#2833 = CARTESIAN_POINT('',(1.503871365956,0.154188359331));
#2834 = CARTESIAN_POINT('',(1.507058268854,0.308415409374));
#2835 = CARTESIAN_POINT('',(1.510245171751,0.462673832825));
#2836 = CARTESIAN_POINT('',(1.513432074648,0.616962062957));
#2837 = CARTESIAN_POINT('',(1.516618977545,0.771278532773));
#2838 = CARTESIAN_POINT('',(1.519805880442,0.925621674981));
#2839 = CARTESIAN_POINT('',(1.522992783339,1.079989922019));
#2840 = CARTESIAN_POINT('',(1.526179686236,1.23438170607));
#2841 = CARTESIAN_POINT('',(1.529366589133,1.38879545908));
#2842 = CARTESIAN_POINT('',(1.53255349203,1.543229612769));
#2843 = CARTESIAN_POINT('',(1.535740394927,1.697682598651));
#2844 = CARTESIAN_POINT('',(1.538927297824,1.852152848049));
#2845 = CARTESIAN_POINT('',(1.542114200721,2.00663879211));
#2846 = CARTESIAN_POINT('',(1.545301103618,2.161138861822));
#2847 = CARTESIAN_POINT('',(1.548488006515,2.315651488031));
#2848 = CARTESIAN_POINT('',(1.551674909412,2.470175101452));
#2849 = CARTESIAN_POINT('',(1.554861812309,2.624708132691));
#2850 = CARTESIAN_POINT('',(1.558048715206,2.779249012258));
#2851 = CARTESIAN_POINT('',(1.561235618104,2.933796170584));
#2852 = CARTESIAN_POINT('',(1.564422521001,3.088348038033));
#2853 = CARTESIAN_POINT('',(1.567609423898,3.242903044926));
#2854 = CARTESIAN_POINT('',(1.569734025829,3.345940762672));
#2855 = CARTESIAN_POINT('',(1.570796326795,3.397459621548));
#2856 = ( GEOMETRIC_REPRESENTATION_CONTEXT(2) 
PARAMETRIC_REPRESENTATION_CONTEXT() REPRESENTATION_CONTEXT('2D SPACE',''
  ) );
#2857 = ORIENTED_EDGE('',*,*,#2858,.F.);
#2858 = EDGE_CURVE('',#2859,#2813,#2861,.T.);
#2859 = VERTEX_POINT('',#2860);
#2860 = CARTESIAN_POINT('',(40.,119.96560437921,-145.3826859021));
#2861 = SURFACE_CURVE('',#2862,(#2867,#2874),.PCURVE_S1.);
#2862 = ELLIPSE('',#2863,15.069208724626,7.534604362313);
#2863 = AXIS2_PLACEMENT_3D('',#2864,#2865,#2866);
#2864 = CARTESIAN_POINT('',(40.,119.96560437921,-160.4518946268));
#2865 = DIRECTION('',(1.,6.6E-16,0.));
#2866 = DIRECTION('',(-2.508E-31,3.8E-16,-1.));
#2867 = PCURVE('',#505,#2868);
#2868 = DEFINITIONAL_REPRESENTATION('',(#2869),#2873);
#2869 = ELLIPSE('',#2870,15.069208724626,7.534604362313);
#2870 = AXIS2_PLACEMENT_2D('',#2871,#2872);
#2871 = CARTESIAN_POINT('',(9.591677978232,-53.00606463282));
#2872 = DIRECTION('',(3.8E-16,-1.));
#2873 = ( GEOMETRIC_REPRESENTATION_CONTEXT(2) 
PARAMETRIC_REPRESENTATION_CONTEXT() REPRESENTATION_CONTEXT('2D SPACE',''
  ) );
#2874 = PCURVE('',#1818,#2875);
#2875 = DEFINITIONAL_REPRESENTATION('',(#2876),#2902);
#2876 = B_SPLINE_CURVE_WITH_KNOTS('',3,(#2877,#2878,#2879,#2880,#2881,
    #2882,#2883,#2884,#2885,#2886,#2887,#2888,#2889,#2890,#2891,#2892,
    #2893,#2894,#2895,#2896,#2897,#2898,#2899,#2900,#2901),
  .UNSPECIFIED.,.F.,.F.,(4,1,1,1,1,1,1,1,1,1,1,1,1,1,1,1,1,1,1,1,1,1,4),
  (3.14159265359,3.207774608778,3.273956563966,3.340138519153,
    3.406320474341,3.472502429529,3.538684384717,3.604866339905,
    3.671048295093,3.737230250281,3.803412205469,3.869594160657,
    3.935776115844,4.001958071032,4.06814002622,4.134321981408,
    4.200503936596,4.266685891784,4.332867846972,4.39904980216,
    4.465231757348,4.531413712535,4.597595667723),
  .QUASI_UNIFORM_KNOTS.);
#2877 = CARTESIAN_POINT('',(3.14159265359,28.147459621556));
#2878 = CARTESIAN_POINT('',(3.163653305319,28.147480409504));
#2879 = CARTESIAN_POINT('',(3.207774608778,28.128389331799));
#2880 = CARTESIAN_POINT('',(3.273956563966,28.042753859629));
#2881 = CARTESIAN_POINT('',(3.340138519153,27.900421139357));
#2882 = CARTESIAN_POINT('',(3.406320474341,27.702034020357));
#2883 = CARTESIAN_POINT('',(3.472502429529,27.448455865428));
#2884 = CARTESIAN_POINT('',(3.538684384717,27.140798365495));
#2885 = CARTESIAN_POINT('',(3.604866339905,26.780408206298));
#2886 = CARTESIAN_POINT('',(3.671048295093,26.368863440401));
#2887 = CARTESIAN_POINT('',(3.737230250281,25.907965969945));
#2888 = CARTESIAN_POINT('',(3.803412205469,25.399733819976));
#2889 = CARTESIAN_POINT('',(3.869594160657,24.84639225896));
#2890 = CARTESIAN_POINT('',(3.935776115844,24.250364067292));
#2891 = CARTESIAN_POINT('',(4.001958071032,23.614258925969));
#2892 = CARTESIAN_POINT('',(4.06814002622,22.940861991674));
#2893 = CARTESIAN_POINT('',(4.134321981408,22.233121699597));
#2894 = CARTESIAN_POINT('',(4.200503936596,21.494136862419));
#2895 = CARTESIAN_POINT('',(4.266685891784,20.727143070525));
#2896 = CARTESIAN_POINT('',(4.332867846972,19.935498643696));
#2897 = CARTESIAN_POINT('',(4.39904980216,19.122669484364));
#2898 = CARTESIAN_POINT('',(4.465231757348,18.292215553744));
#2899 = CARTESIAN_POINT('',(4.531413712535,17.447769121527));
#2900 = CARTESIAN_POINT('',(4.575535015994,16.877950949501));
#2901 = CARTESIAN_POINT('',(4.597595667723,16.591943223904));
#2902 = ( GEOMETRIC_REPRESENTATION_CONTEXT(2) 
PARAMETRIC_REPRESENTATION_CONTEXT() REPRESENTATION_CONTEXT('2D SPACE',''
  ) );
#2903 = ORIENTED_EDGE('',*,*,#2904,.F.);
#2904 = EDGE_CURVE('',#2905,#2859,#2907,.T.);
#2905 = VERTEX_POINT('',#2906);
#2906 = CARTESIAN_POINT('',(40.,127.5,-160.3397246481));
#2907 = SURFACE_CURVE('',#2908,(#2913,#2920),.PCURVE_S1.);
#2908 = ELLIPSE('',#2909,15.069208724626,7.534604362313);
#2909 = AXIS2_PLACEMENT_3D('',#2910,#2911,#2912);
#2910 = CARTESIAN_POINT('',(40.,119.96560437921,-160.4518946268));
#2911 = DIRECTION('',(1.,6.6E-16,0.));
#2912 = DIRECTION('',(-2.508E-31,3.8E-16,-1.));
#2913 = PCURVE('',#505,#2914);
#2914 = DEFINITIONAL_REPRESENTATION('',(#2915),#2919);
#2915 = ELLIPSE('',#2916,15.069208724626,7.534604362313);
#2916 = AXIS2_PLACEMENT_2D('',#2917,#2918);
#2917 = CARTESIAN_POINT('',(9.591677978232,-53.00606463282));
#2918 = DIRECTION('',(3.8E-16,-1.));
#2919 = ( GEOMETRIC_REPRESENTATION_CONTEXT(2) 
PARAMETRIC_REPRESENTATION_CONTEXT() REPRESENTATION_CONTEXT('2D SPACE',''
  ) );
#2920 = PCURVE('',#1818,#2921);
#2921 = DEFINITIONAL_REPRESENTATION('',(#2922),#2948);
#2922 = B_SPLINE_CURVE_WITH_KNOTS('',3,(#2923,#2924,#2925,#2926,#2927,
    #2928,#2929,#2930,#2931,#2932,#2933,#2934,#2935,#2936,#2937,#2938,
    #2939,#2940,#2941,#2942,#2943,#2944,#2945,#2946,#2947),
  .UNSPECIFIED.,.F.,.F.,(4,1,1,1,1,1,1,1,1,1,1,1,1,1,1,1,1,1,1,1,1,1,4),
  (1.578240049729,1.649301531723,1.720363013716,1.79142449571,
    1.862485977704,1.933547459697,2.004608941691,2.075670423685,
    2.146731905678,2.217793387672,2.288854869666,2.359916351659,
    2.430977833653,2.502039315647,2.57310079764,2.644162279634,
    2.715223761628,2.786285243621,2.857346725615,2.928408207609,
    2.999469689602,3.070531171596,3.14159265359),.QUASI_UNIFORM_KNOTS.);
#2923 = CARTESIAN_POINT('',(1.578240049729,15.1942841022));
#2924 = CARTESIAN_POINT('',(1.601927210394,15.50340307312));
#2925 = CARTESIAN_POINT('',(1.649301531723,16.121468391552));
#2926 = CARTESIAN_POINT('',(1.720363013716,17.043403230997));
#2927 = CARTESIAN_POINT('',(1.79142449571,17.955512158185));
#2928 = CARTESIAN_POINT('',(1.862485977704,18.853193670326));
#2929 = CARTESIAN_POINT('',(1.933547459697,19.731915960579));
#2930 = CARTESIAN_POINT('',(2.004608941691,20.587243759));
#2931 = CARTESIAN_POINT('',(2.075670423685,21.414859657328));
#2932 = CARTESIAN_POINT('',(2.146731905678,22.210586186328));
#2933 = CARTESIAN_POINT('',(2.217793387672,22.970406825727));
#2934 = CARTESIAN_POINT('',(2.288854869666,23.6904862985));
#2935 = CARTESIAN_POINT('',(2.359916351659,24.367189924296));
#2936 = CARTESIAN_POINT('',(2.430977833653,24.997101967651));
#2937 = CARTESIAN_POINT('',(2.502039315647,25.577042877779));
#2938 = CARTESIAN_POINT('',(2.57310079764,26.10408534197));
#2939 = CARTESIAN_POINT('',(2.644162279634,26.575569045962));
#2940 = CARTESIAN_POINT('',(2.715223761628,26.989114160142));
#2941 = CARTESIAN_POINT('',(2.786285243621,27.342633135664));
#2942 = CARTESIAN_POINT('',(2.857346725615,27.634342048934));
#2943 = CARTESIAN_POINT('',(2.928408207609,27.862766593087));
#2944 = CARTESIAN_POINT('',(2.999469689602,28.026760764642));
#2945 = CARTESIAN_POINT('',(3.070531171596,28.125470681436));
#2946 = CARTESIAN_POINT('',(3.117905492925,28.147487236709));
#2947 = CARTESIAN_POINT('',(3.14159265359,28.147459621556));
#2948 = ( GEOMETRIC_REPRESENTATION_CONTEXT(2) 
PARAMETRIC_REPRESENTATION_CONTEXT() REPRESENTATION_CONTEXT('2D SPACE',''
  ) );
#2949 = ORIENTED_EDGE('',*,*,#2950,.T.);
#2950 = EDGE_CURVE('',#2905,#2951,#2953,.T.);
#2951 = VERTEX_POINT('',#2952);
#2952 = CARTESIAN_POINT('',(40.,127.5,-161.7187651438));
#2953 = SURFACE_CURVE('',#2954,(#2958,#2965),.PCURVE_S1.);
#2954 = LINE('',#2955,#2956);
#2955 = CARTESIAN_POINT('',(40.,127.5,-146.6072772372));
#2956 = VECTOR('',#2957,1.);
#2957 = DIRECTION('',(0.,0.,-1.));
#2958 = PCURVE('',#505,#2959);
#2959 = DEFINITIONAL_REPRESENTATION('',(#2960),#2964);
#2960 = LINE('',#2961,#2962);
#2961 = CARTESIAN_POINT('',(17.126073599021,-39.16144724322));
#2962 = VECTOR('',#2963,1.);
#2963 = DIRECTION('',(0.,-1.));
#2964 = ( GEOMETRIC_REPRESENTATION_CONTEXT(2) 
PARAMETRIC_REPRESENTATION_CONTEXT() REPRESENTATION_CONTEXT('2D SPACE',''
  ) );
#2965 = PCURVE('',#1789,#2966);
#2966 = DEFINITIONAL_REPRESENTATION('',(#2967),#2971);
#2967 = LINE('',#2968,#2969);
#2968 = CARTESIAN_POINT('',(-39.12437801258,14.210971726935));
#2969 = VECTOR('',#2970,1.);
#2970 = DIRECTION('',(1.,0.));
#2971 = ( GEOMETRIC_REPRESENTATION_CONTEXT(2) 
PARAMETRIC_REPRESENTATION_CONTEXT() REPRESENTATION_CONTEXT('2D SPACE',''
  ) );
#2972 = ORIENTED_EDGE('',*,*,#2973,.F.);
#2973 = EDGE_CURVE('',#2974,#2951,#2976,.T.);
#2974 = VERTEX_POINT('',#2975);
#2975 = CARTESIAN_POINT('',(40.,128.5,-160.5640646055));
#2976 = SURFACE_CURVE('',#2977,(#2981,#2988),.PCURVE_S1.);
#2977 = LINE('',#2978,#2979);
#2978 = CARTESIAN_POINT('',(40.,136.62824564442,-151.1783749838));
#2979 = VECTOR('',#2980,1.);
#2980 = DIRECTION('',(4.38997453601E-16,-0.654653670708,-0.755928946018)
  );
#2981 = PCURVE('',#505,#2982);
#2982 = DEFINITIONAL_REPRESENTATION('',(#2983),#2987);
#2983 = LINE('',#2984,#2985);
#2984 = CARTESIAN_POINT('',(26.254319243449,-43.73254498982));
#2985 = VECTOR('',#2986,1.);
#2986 = DIRECTION('',(-0.654653670708,-0.755928946018));
#2987 = ( GEOMETRIC_REPRESENTATION_CONTEXT(2) 
PARAMETRIC_REPRESENTATION_CONTEXT() REPRESENTATION_CONTEXT('2D SPACE',''
  ) );
#2988 = PCURVE('',#2989,#2994);
#2989 = PLANE('',#2990);
#2990 = AXIS2_PLACEMENT_3D('',#2991,#2992,#2993);
#2991 = CARTESIAN_POINT('',(46.166651245992,128.,-164.7017326315));
#2992 = DIRECTION('',(0.353553390593,-0.707106781187,0.612372435696));
#2993 = DIRECTION('',(-0.866025403784,-5.551115123126E-17,0.5));
#2994 = DEFINITIONAL_REPRESENTATION('',(#2995),#2999);
#2995 = LINE('',#2996,#2997);
#2996 = CARTESIAN_POINT('',(12.102155459189,-12.20218200983));
#2997 = VECTOR('',#2998,1.);
#2998 = DIRECTION('',(-0.377964473009,0.925820099773));
#2999 = ( GEOMETRIC_REPRESENTATION_CONTEXT(2) 
PARAMETRIC_REPRESENTATION_CONTEXT() REPRESENTATION_CONTEXT('2D SPACE',''
  ) );
#3000 = ORIENTED_EDGE('',*,*,#3001,.F.);
#3001 = EDGE_CURVE('',#3002,#2974,#3004,.T.);
#3002 = VERTEX_POINT('',#3003);
#3003 = CARTESIAN_POINT('',(40.,131.31895223488,-160.5640646055));
#3004 = SURFACE_CURVE('',#3005,(#3009,#3016),.PCURVE_S1.);
#3005 = LINE('',#3006,#3007);
#3006 = CARTESIAN_POINT('',(40.,99.073950852096,-160.5640646055));
#3007 = VECTOR('',#3008,1.);
#3008 = DIRECTION('',(6.6E-16,-1.,-3.8E-16));
#3009 = PCURVE('',#505,#3010);
#3010 = DEFINITIONAL_REPRESENTATION('',(#3011),#3015);
#3011 = LINE('',#3012,#3013);
#3012 = CARTESIAN_POINT('',(-11.29997554888,-53.11823461152));
#3013 = VECTOR('',#3014,1.);
#3014 = DIRECTION('',(-1.,-3.8E-16));
#3015 = ( GEOMETRIC_REPRESENTATION_CONTEXT(2) 
PARAMETRIC_REPRESENTATION_CONTEXT() REPRESENTATION_CONTEXT('2D SPACE',''
  ) );
#3016 = PCURVE('',#3017,#3022);
#3017 = PLANE('',#3018);
#3018 = AXIS2_PLACEMENT_3D('',#3019,#3020,#3021);
#3019 = CARTESIAN_POINT('',(35.659718535679,84.500000000001,
    -158.0582019337));
#3020 = DIRECTION('',(0.5,0.,0.866025403784));
#3021 = DIRECTION('',(0.866025403784,0.,-0.5));
#3022 = DEFINITIONAL_REPRESENTATION('',(#3023),#3027);
#3023 = LINE('',#3024,#3025);
#3024 = CARTESIAN_POINT('',(5.011725343569,14.573950852095));
#3025 = VECTOR('',#3026,1.);
#3026 = DIRECTION('',(7.615767664977E-16,-1.));
#3027 = ( GEOMETRIC_REPRESENTATION_CONTEXT(2) 
PARAMETRIC_REPRESENTATION_CONTEXT() REPRESENTATION_CONTEXT('2D SPACE',''
  ) );
#3028 = ORIENTED_EDGE('',*,*,#3029,.F.);
#3029 = EDGE_CURVE('',#3030,#3002,#3032,.T.);
#3030 = VERTEX_POINT('',#3031);
#3031 = CARTESIAN_POINT('',(40.,131.39118449618,-160.6649600428));
#3032 = SURFACE_CURVE('',#3033,(#3039,#3048),.PCURVE_S1.);
#3033 = B_SPLINE_CURVE_WITH_KNOTS('',4,(#3034,#3035,#3036,#3037,#3038),
  .UNSPECIFIED.,.F.,.F.,(5,5),(0.,1.),.PIECEWISE_BEZIER_KNOTS.);
#3034 = CARTESIAN_POINT('',(40.,131.39118449618,-160.6649600428));
#3035 = CARTESIAN_POINT('',(40.,131.37312555781,-160.6397365425));
#3036 = CARTESIAN_POINT('',(40.,131.35506720443,-160.6145128016));
#3037 = CARTESIAN_POINT('',(40.,131.33700943157,-160.589288822));
#3038 = CARTESIAN_POINT('',(40.,131.31895223488,-160.5640646055));
#3039 = PCURVE('',#505,#3040);
#3040 = DEFINITIONAL_REPRESENTATION('',(#3041),#3047);
#3041 = B_SPLINE_CURVE_WITH_KNOTS('',4,(#3042,#3043,#3044,#3045,#3046),
  .UNSPECIFIED.,.F.,.F.,(5,5),(0.,1.),.PIECEWISE_BEZIER_KNOTS.);
#3042 = CARTESIAN_POINT('',(21.017258095202,-53.21913004881));
#3043 = CARTESIAN_POINT('',(20.999199156837,-53.19390654853));
#3044 = CARTESIAN_POINT('',(20.981140803454,-53.16868280766));
#3045 = CARTESIAN_POINT('',(20.963083030599,-53.14345882805));
#3046 = CARTESIAN_POINT('',(20.945025833906,-53.11823461152));
#3047 = ( GEOMETRIC_REPRESENTATION_CONTEXT(2) 
PARAMETRIC_REPRESENTATION_CONTEXT() REPRESENTATION_CONTEXT('2D SPACE',''
  ) );
#3048 = PCURVE('',#3049,#3054);
#3049 = CONICAL_SURFACE('',#3050,15.,0.785398163397);
#3050 = AXIS2_PLACEMENT_3D('',#3051,#3052,#3053);
#3051 = CARTESIAN_POINT('',(45.916651245989,145.5,-165.1347453334));
#3052 = DIRECTION('',(0.5,0.,0.866025403784));
#3053 = DIRECTION('',(0.866025403784,0.,-0.5));
#3054 = DEFINITIONAL_REPRESENTATION('',(#3055),#3061);
#3055 = B_SPLINE_CURVE_WITH_KNOTS('',4,(#3056,#3057,#3058,#3059,#3060),
  .UNSPECIFIED.,.F.,.F.,(5,5),(0.,1.),.PIECEWISE_BEZIER_KNOTS.);
#3056 = CARTESIAN_POINT('',(-2.051557789364,0.912621988182));
#3057 = CARTESIAN_POINT('',(-2.051735678587,0.934466180197));
#3058 = CARTESIAN_POINT('',(-2.051912940316,0.95631058057));
#3059 = CARTESIAN_POINT('',(-2.052089579539,0.978155187695));
#3060 = CARTESIAN_POINT('',(-2.052265601141,1.));
#3061 = ( GEOMETRIC_REPRESENTATION_CONTEXT(2) 
PARAMETRIC_REPRESENTATION_CONTEXT() REPRESENTATION_CONTEXT('2D SPACE',''
  ) );
#3062 = ORIENTED_EDGE('',*,*,#3063,.F.);
#3063 = EDGE_CURVE('',#3064,#3030,#3066,.T.);
#3064 = VERTEX_POINT('',#3065);
#3065 = CARTESIAN_POINT('',(40.,159.60881707178,-160.6649578527));
#3066 = SURFACE_CURVE('',#3067,(#3120,#3176),.PCURVE_S1.);
#3067 = B_SPLINE_CURVE_WITH_KNOTS('',11,(#3068,#3069,#3070,#3071,#3072,
    #3073,#3074,#3075,#3076,#3077,#3078,#3079,#3080,#3081,#3082,#3083,
    #3084,#3085,#3086,#3087,#3088,#3089,#3090,#3091,#3092,#3093,#3094,
    #3095,#3096,#3097,#3098,#3099,#3100,#3101,#3102,#3103,#3104,#3105,
    #3106,#3107,#3108,#3109,#3110,#3111,#3112,#3113,#3114,#3115,#3116,
    #3117,#3118,#3119),.UNSPECIFIED.,.F.,.F.,(12,10,10,10,10,12),(
    -1.035839830895,0.,21.337587572014,32.304953945987,43.272320319961,
    43.711014974912),.UNSPECIFIED.);
#3068 = CARTESIAN_POINT('',(40.,159.87416709478,-161.673716925));
#3069 = CARTESIAN_POINT('',(39.999999999997,159.84215589698,
    -161.5464733935));
#3070 = CARTESIAN_POINT('',(40.000000000012,159.80982510071,
    -161.4195138321));
#3071 = CARTESIAN_POINT('',(39.999999999973,159.77717257671,
    -161.2928457157));
#3072 = CARTESIAN_POINT('',(40.000000000043,159.74419665558,
    -161.1664763245));
#3073 = CARTESIAN_POINT('',(39.999999999948,159.71089612536,
    -161.040412739));
#3074 = CARTESIAN_POINT('',(40.000000000047,159.67727023538,
    -160.914661847));
#3075 = CARTESIAN_POINT('',(39.999999999967,159.6433186913,
    -160.7892303353));
#3076 = CARTESIAN_POINT('',(40.000000000017,159.60904166031,
    -160.6641246982));
#3077 = CARTESIAN_POINT('',(39.999999999994,159.57443976669,
    -160.53935123));
#3078 = CARTESIAN_POINT('',(40.000000000001,159.53951409489,
    -160.4149160306));
#3079 = CARTESIAN_POINT('',(40.,158.77818356274,-157.734635223));
#3080 = CARTESIAN_POINT('',(39.999999999995,157.9154064316,
    -155.3246384884));
#3081 = CARTESIAN_POINT('',(40.000000000015,156.92310159928,
    -153.0895755991));
#3082 = CARTESIAN_POINT('',(39.999999999971,155.81063881399,
    -151.061084507));
#3083 = CARTESIAN_POINT('',(40.000000000038,154.58739587887,
    -149.2551975029));
#3084 = CARTESIAN_POINT('',(39.999999999963,153.26173444388,
    -147.7038373319));
#3085 = CARTESIAN_POINT('',(40.000000000026,151.84719538045,
    -146.4208416946));
#3086 = CARTESIAN_POINT('',(39.999999999986,150.34736207414,
    -145.4137417429));
#3087 = CARTESIAN_POINT('',(40.000000000005,148.75811149785,
    -144.7260173911));
#3088 = CARTESIAN_POINT('',(39.999999999999,147.12916391309,
    -144.3826859021));
#3089 = CARTESIAN_POINT('',(40.,144.66262147921,-144.3826859021));
#3090 = CARTESIAN_POINT('',(40.000000000004,143.82523823656,
    -144.4733687446));
#3091 = CARTESIAN_POINT('',(39.99999999999,142.99346714974,
    -144.6549912677));
#3092 = CARTESIAN_POINT('',(40.000000000016,142.17303204329,
    -144.9256609506));
#3093 = CARTESIAN_POINT('',(39.999999999982,141.36850889122,
    -145.2822897021));
#3094 = CARTESIAN_POINT('',(40.000000000017,140.58300027479,
    -145.7213298493));
#3095 = CARTESIAN_POINT('',(39.999999999987,139.81842063282,
    -146.2392844756));
#3096 = CARTESIAN_POINT('',(40.000000000008,139.07607383928,
    -146.8329842656));
#3097 = CARTESIAN_POINT('',(39.999999999995,138.35720464626,
    -147.4996230057));
#3098 = CARTESIAN_POINT('',(40.000000000002,137.66320552726,
    -148.2365438971));
#3099 = CARTESIAN_POINT('',(39.999999999996,136.32711538819,
    -149.8449937665));
#3100 = CARTESIAN_POINT('',(40.000000000022,135.68506557373,
    -150.7166272565));
#3101 = CARTESIAN_POINT('',(39.999999999945,135.07012231916,
    -151.6522354206));
#3102 = CARTESIAN_POINT('',(40.000000000091,134.48391792361,
    -152.6515596308));
#3103 = CARTESIAN_POINT('',(39.999999999889,133.92658200961,
    -153.7043847791));
#3104 = CARTESIAN_POINT('',(40.000000000103,133.40149301595,
    -154.8216328642));
#3105 = CARTESIAN_POINT('',(39.999999999927,132.90706016724,
    -155.9794706869));
#3106 = CARTESIAN_POINT('',(40.00000000004,132.44738778609,
    -157.196826834));
#3107 = CARTESIAN_POINT('',(39.999999999984,132.02147332716,
    -158.4508236259));
#3108 = CARTESIAN_POINT('',(40.000000000004,131.63153749817,
    -159.7499357166));
#3109 = CARTESIAN_POINT('',(40.,131.26400136177,-161.1371791789));
#3110 = CARTESIAN_POINT('',(40.,131.24992369785,-161.1905905348));
#3111 = CARTESIAN_POINT('',(40.000000000001,131.23590427091,
    -161.2440571937));
#3112 = CARTESIAN_POINT('',(39.999999999999,131.22194297633,
    -161.2975786195));
#3113 = CARTESIAN_POINT('',(39.999999999999,131.2080397101,
    -161.3511542779));
#3114 = CARTESIAN_POINT('',(40.000000000004,131.19419436724,
    -161.404783632));
#3115 = CARTESIAN_POINT('',(39.999999999995,131.18040684393,
    -161.4584661482));
#3116 = CARTESIAN_POINT('',(40.000000000004,131.16667703529,
    -161.5122012895));
#3117 = CARTESIAN_POINT('',(39.999999999998,131.15300483717,
    -161.5659885216));
#3118 = CARTESIAN_POINT('',(40.,131.13939014506,-161.6198273084));
#3119 = CARTESIAN_POINT('',(40.,131.12583285456,-161.6737171149));
#3120 = PCURVE('',#505,#3121);
#3121 = DEFINITIONAL_REPRESENTATION('',(#3122),#3175);
#3122 = B_SPLINE_CURVE_WITH_KNOTS('',11,(#3123,#3124,#3125,#3126,#3127,
    #3128,#3129,#3130,#3131,#3132,#3133,#3134,#3135,#3136,#3137,#3138,
    #3139,#3140,#3141,#3142,#3143,#3144,#3145,#3146,#3147,#3148,#3149,
    #3150,#3151,#3152,#3153,#3154,#3155,#3156,#3157,#3158,#3159,#3160,
    #3161,#3162,#3163,#3164,#3165,#3166,#3167,#3168,#3169,#3170,#3171,
    #3172,#3173,#3174),.UNSPECIFIED.,.F.,.F.,(12,10,10,10,10,12),(
    -1.035839830895,0.,21.337587572014,32.304953945987,43.272320319961,
    43.711014974912),.UNSPECIFIED.);
#3123 = CARTESIAN_POINT('',(49.500240693803,-54.22788693104));
#3124 = CARTESIAN_POINT('',(49.468229496003,-54.10064339959));
#3125 = CARTESIAN_POINT('',(49.43589869973,-53.97368383812));
#3126 = CARTESIAN_POINT('',(49.403246175733,-53.8470157218));
#3127 = CARTESIAN_POINT('',(49.370270254604,-53.72064633057));
#3128 = CARTESIAN_POINT('',(49.336969724388,-53.59458274503));
#3129 = CARTESIAN_POINT('',(49.303343834402,-53.4688318531));
#3130 = CARTESIAN_POINT('',(49.269392290322,-53.34340034137));
#3131 = CARTESIAN_POINT('',(49.235115259331,-53.21829470426));
#3132 = CARTESIAN_POINT('',(49.200513365716,-53.0935212361));
#3133 = CARTESIAN_POINT('',(49.165587693917,-52.96908603666));
#3134 = CARTESIAN_POINT('',(48.404257161761,-50.28880522901));
#3135 = CARTESIAN_POINT('',(47.541480030621,-47.87880849442));
#3136 = CARTESIAN_POINT('',(46.549175198306,-45.6437456052));
#3137 = CARTESIAN_POINT('',(45.436712413012,-43.61525451304));
#3138 = CARTESIAN_POINT('',(44.213469477895,-41.80936750899));
#3139 = CARTESIAN_POINT('',(42.887808042904,-40.25800733798));
#3140 = CARTESIAN_POINT('',(41.473268979478,-38.9750117007));
#3141 = CARTESIAN_POINT('',(39.973435673162,-37.96791174892));
#3142 = CARTESIAN_POINT('',(38.384185096872,-37.28018739719));
#3143 = CARTESIAN_POINT('',(36.755237512118,-36.93685590818));
#3144 = CARTESIAN_POINT('',(34.288695078232,-36.93685590819));
#3145 = CARTESIAN_POINT('',(33.451311835581,-37.02753875063));
#3146 = CARTESIAN_POINT('',(32.619540748764,-37.20916127376));
#3147 = CARTESIAN_POINT('',(31.79910564231,-37.47983095664));
#3148 = CARTESIAN_POINT('',(30.994582490241,-37.83645970814));
#3149 = CARTESIAN_POINT('',(30.209073873819,-38.27549985531));
#3150 = CARTESIAN_POINT('',(29.44449423184,-38.79345448163));
#3151 = CARTESIAN_POINT('',(28.7021474383,-39.38715427171));
#3152 = CARTESIAN_POINT('',(27.983278245283,-40.0537930118));
#3153 = CARTESIAN_POINT('',(27.289279126286,-40.79071390314));
#3154 = CARTESIAN_POINT('',(25.95318898721,-42.39916377255));
#3155 = CARTESIAN_POINT('',(25.311139172755,-43.27079726261));
#3156 = CARTESIAN_POINT('',(24.696195918183,-44.20640542664));
#3157 = CARTESIAN_POINT('',(24.10999152263,-45.20572963683));
#3158 = CARTESIAN_POINT('',(23.552655608639,-46.25855478518));
#3159 = CARTESIAN_POINT('',(23.027566614975,-47.37580287022));
#3160 = CARTESIAN_POINT('',(22.533133766265,-48.53364069298));
#3161 = CARTESIAN_POINT('',(22.073461385111,-49.75099684002));
#3162 = CARTESIAN_POINT('',(21.647546926182,-51.00499363196));
#3163 = CARTESIAN_POINT('',(21.257611097197,-52.30410572269));
#3164 = CARTESIAN_POINT('',(20.890074960797,-53.69134918498));
#3165 = CARTESIAN_POINT('',(20.875997296873,-53.74476054088));
#3166 = CARTESIAN_POINT('',(20.861977869938,-53.79822719972));
#3167 = CARTESIAN_POINT('',(20.848016575354,-53.85174862551));
#3168 = CARTESIAN_POINT('',(20.834113309124,-53.90532428396));
#3169 = CARTESIAN_POINT('',(20.820267966266,-53.9589536381));
#3170 = CARTESIAN_POINT('',(20.806480442953,-54.01263615428));
#3171 = CARTESIAN_POINT('',(20.792750634312,-54.06637129556));
#3172 = CARTESIAN_POINT('',(20.779078436198,-54.12015852762));
#3173 = CARTESIAN_POINT('',(20.765463744084,-54.17399731448));
#3174 = CARTESIAN_POINT('',(20.751906453589,-54.22788712097));
#3175 = ( GEOMETRIC_REPRESENTATION_CONTEXT(2) 
PARAMETRIC_REPRESENTATION_CONTEXT() REPRESENTATION_CONTEXT('2D SPACE',''
  ) );
#3176 = PCURVE('',#3177,#3282);
#3177 = B_SPLINE_SURFACE_WITH_KNOTS('',1,11,(
    (#3178,#3179,#3180,#3181,#3182,#3183,#3184,#3185,#3186,#3187,#3188
      ,#3189,#3190,#3191,#3192,#3193,#3194,#3195,#3196,#3197,#3198,#3199
      ,#3200,#3201,#3202,#3203,#3204,#3205,#3206,#3207,#3208,#3209,#3210
      ,#3211,#3212,#3213,#3214,#3215,#3216,#3217,#3218,#3219,#3220,#3221
      ,#3222,#3223,#3224,#3225,#3226,#3227,#3228,#3229)
    ,(#3230,#3231,#3232,#3233,#3234,#3235,#3236,#3237,#3238,#3239,#3240
      ,#3241,#3242,#3243,#3244,#3245,#3246,#3247,#3248,#3249,#3250,#3251
      ,#3252,#3253,#3254,#3255,#3256,#3257,#3258,#3259,#3260,#3261,#3262
      ,#3263,#3264,#3265,#3266,#3267,#3268,#3269,#3270,#3271,#3272,#3273
      ,#3274,#3275,#3276,#3277,#3278,#3279,#3280,#3281
  )),.UNSPECIFIED.,.F.,.F.,.F.,(2,2),(12,10,10,10,10,12),(0.,
    44.746854805807),(-1.035839830895,0.,21.337587572014,32.304953945987
    ,43.272320319961,43.711014974912),.UNSPECIFIED.);
#3178 = CARTESIAN_POINT('',(39.088086018003,158.50640430273,
    -162.0178108429));
#3179 = CARTESIAN_POINT('',(39.089656863617,158.47191210321,
    -161.8950127584));
#3180 = CARTESIAN_POINT('',(39.091246984922,158.43712332159,
    -161.7725603575));
#3181 = CARTESIAN_POINT('',(39.092855061538,158.40203875329,
    -161.6504575967));
#3182 = CARTESIAN_POINT('',(39.09447991949,158.36665920634,
    -161.5287082408));
#3183 = CARTESIAN_POINT('',(39.096120530809,158.33098549808,
    -161.407315859));
#3184 = CARTESIAN_POINT('',(39.097776014166,158.29501846037,
    -161.2862838305));
#3185 = CARTESIAN_POINT('',(39.099445634065,158.25875893297,
    -161.1656153376));
#3186 = CARTESIAN_POINT('',(39.10112880168,158.22220777038,
    -161.0453133727));
#3187 = CARTESIAN_POINT('',(39.102825074144,158.18536583611,
    -160.9253807325));
#3188 = CARTESIAN_POINT('',(39.10453415504,158.14823400651,
    -160.805820022));
#3189 = CARTESIAN_POINT('',(39.141722534432,157.33996966756,
    -158.2314764674));
#3190 = CARTESIAN_POINT('',(39.182584185959,156.44646499388,
    -155.9350309997));
#3191 = CARTESIAN_POINT('',(39.227809540528,155.44180863246,
    -153.8294805176));
#3192 = CARTESIAN_POINT('',(39.276260988002,154.33902185231,
    -151.9396056876));
#3193 = CARTESIAN_POINT('',(39.326047703762,153.1550713335,
    -150.2994105658));
#3194 = CARTESIAN_POINT('',(39.375192167517,151.91018198271,
    -148.9205161104));
#3195 = CARTESIAN_POINT('',(39.421179590653,150.62246890992,
    -147.8242981834));
#3196 = CARTESIAN_POINT('',(39.459875296919,149.32145082291,
    -147.0291703236));
#3197 = CARTESIAN_POINT('',(39.486579845269,148.04323425977,
    -146.5091866683));
#3198 = CARTESIAN_POINT('',(39.5,146.77151001346,-146.2487113059));
#3199 = CARTESIAN_POINT('',(39.5,144.84645300839,-146.2487113059));
#3200 = CARTESIAN_POINT('',(39.49645837984,144.19290903943,
    -146.3175486371));
#3201 = CARTESIAN_POINT('',(39.489378322129,143.53826997233,
    -146.454974757));
#3202 = CARTESIAN_POINT('',(39.478878598983,142.88131906328,
    -146.6622377947));
#3203 = CARTESIAN_POINT('',(39.465217049345,142.22196617223,
    -146.9411650982));
#3204 = CARTESIAN_POINT('',(39.448771548682,141.56156916864,
    -147.2934435388));
#3205 = CARTESIAN_POINT('',(39.42999526374,140.9026448655,
    -147.7201126607));
#3206 = CARTESIAN_POINT('',(39.40936298844,140.24828283432,
    -148.2212857602));
#3207 = CARTESIAN_POINT('',(39.387325353094,139.60157545085,
    -148.7961139858));
#3208 = CARTESIAN_POINT('',(39.364287702885,138.96537752339,
    -149.4430085429));
#3209 = CARTESIAN_POINT('',(39.316973174022,137.72004018477,
    -150.877263642));
#3210 = CARTESIAN_POINT('',(39.292685441673,137.11088160314,
    -151.6645715333));
#3211 = CARTESIAN_POINT('',(39.268229353667,136.51805314057,
    -152.5202192029));
#3212 = CARTESIAN_POINT('',(39.24356669288,135.9446770659,
    -153.4411034052));
#3213 = CARTESIAN_POINT('',(39.220013165411,135.39235845846,
    -154.4259654182));
#3214 = CARTESIAN_POINT('',(39.19585854233,134.86534336366,
    -155.4682493345));
#3215 = CARTESIAN_POINT('',(39.174107761009,134.36306283768,
    -156.5693244498));
#3216 = CARTESIAN_POINT('',(39.151970949078,133.89051705161,
    -157.7199167375));
#3217 = CARTESIAN_POINT('',(39.132047063378,133.44693766088,
    -158.9208902829));
#3218 = CARTESIAN_POINT('',(39.112977037392,133.03562911381,
    -160.1648392956));
#3219 = CARTESIAN_POINT('',(39.094883304387,132.64206219842,
    -161.5005663237));
#3220 = CARTESIAN_POINT('',(39.09419009255,132.62697765289,
    -161.5520049437));
#3221 = CARTESIAN_POINT('',(39.093499662225,132.61194581122,
    -161.6035078002));
#3222 = CARTESIAN_POINT('',(39.09281209388,132.59696673309,
    -161.6550746252));
#3223 = CARTESIAN_POINT('',(39.092127468137,132.58204047954,
    -161.7067051527));
#3224 = CARTESIAN_POINT('',(39.091445865377,132.56716710949,
    -161.7583991137));
#3225 = CARTESIAN_POINT('',(39.090767366276,132.55234668448,
    -161.8101562426));
#3226 = CARTESIAN_POINT('',(39.090092051223,132.53757926344,
    -161.8619762707));
#3227 = CARTESIAN_POINT('',(39.089420000829,132.52286490741,
    -161.9138589316));
#3228 = CARTESIAN_POINT('',(39.088751295568,132.50820367605,
    -161.9658039576));
#3229 = CARTESIAN_POINT('',(39.088086015982,132.49359562972,
    -162.0178110815));
#3230 = CARTESIAN_POINT('',(40.,159.87416709478,-161.673716925));
#3231 = CARTESIAN_POINT('',(39.999999999997,159.84215589698,
    -161.5464733935));
#3232 = CARTESIAN_POINT('',(40.000000000012,159.80982510071,
    -161.4195138321));
#3233 = CARTESIAN_POINT('',(39.999999999973,159.77717257671,
    -161.2928457157));
#3234 = CARTESIAN_POINT('',(40.000000000043,159.74419665558,
    -161.1664763245));
#3235 = CARTESIAN_POINT('',(39.999999999948,159.71089612536,
    -161.040412739));
#3236 = CARTESIAN_POINT('',(40.000000000047,159.67727023538,
    -160.914661847));
#3237 = CARTESIAN_POINT('',(39.999999999967,159.6433186913,
    -160.7892303353));
#3238 = CARTESIAN_POINT('',(40.000000000017,159.60904166031,
    -160.6641246982));
#3239 = CARTESIAN_POINT('',(39.999999999994,159.57443976669,
    -160.53935123));
#3240 = CARTESIAN_POINT('',(40.000000000001,159.53951409489,
    -160.4149160306));
#3241 = CARTESIAN_POINT('',(40.,158.77818356274,-157.734635223));
#3242 = CARTESIAN_POINT('',(39.999999999995,157.9154064316,
    -155.3246384884));
#3243 = CARTESIAN_POINT('',(40.000000000015,156.92310159928,
    -153.0895755991));
#3244 = CARTESIAN_POINT('',(39.999999999971,155.81063881399,
    -151.061084507));
#3245 = CARTESIAN_POINT('',(40.000000000038,154.58739587887,
    -149.2551975029));
#3246 = CARTESIAN_POINT('',(39.999999999963,153.26173444388,
    -147.7038373319));
#3247 = CARTESIAN_POINT('',(40.000000000026,151.84719538045,
    -146.4208416946));
#3248 = CARTESIAN_POINT('',(39.999999999986,150.34736207414,
    -145.4137417429));
#3249 = CARTESIAN_POINT('',(40.000000000005,148.75811149785,
    -144.7260173911));
#3250 = CARTESIAN_POINT('',(39.999999999999,147.12916391309,
    -144.3826859021));
#3251 = CARTESIAN_POINT('',(40.,144.66262147921,-144.3826859021));
#3252 = CARTESIAN_POINT('',(40.000000000004,143.82523823656,
    -144.4733687446));
#3253 = CARTESIAN_POINT('',(39.99999999999,142.99346714974,
    -144.6549912677));
#3254 = CARTESIAN_POINT('',(40.000000000016,142.17303204329,
    -144.9256609506));
#3255 = CARTESIAN_POINT('',(39.999999999982,141.36850889122,
    -145.2822897021));
#3256 = CARTESIAN_POINT('',(40.000000000017,140.58300027479,
    -145.7213298493));
#3257 = CARTESIAN_POINT('',(39.999999999987,139.81842063282,
    -146.2392844756));
#3258 = CARTESIAN_POINT('',(40.000000000008,139.07607383928,
    -146.8329842656));
#3259 = CARTESIAN_POINT('',(39.999999999995,138.35720464626,
    -147.4996230057));
#3260 = CARTESIAN_POINT('',(40.000000000002,137.66320552726,
    -148.2365438971));
#3261 = CARTESIAN_POINT('',(39.999999999996,136.32711538819,
    -149.8449937665));
#3262 = CARTESIAN_POINT('',(40.000000000022,135.68506557373,
    -150.7166272565));
#3263 = CARTESIAN_POINT('',(39.999999999945,135.07012231916,
    -151.6522354206));
#3264 = CARTESIAN_POINT('',(40.000000000091,134.48391792361,
    -152.6515596308));
#3265 = CARTESIAN_POINT('',(39.999999999889,133.92658200961,
    -153.7043847791));
#3266 = CARTESIAN_POINT('',(40.000000000103,133.40149301595,
    -154.8216328642));
#3267 = CARTESIAN_POINT('',(39.999999999927,132.90706016724,
    -155.9794706869));
#3268 = CARTESIAN_POINT('',(40.00000000004,132.44738778609,
    -157.196826834));
#3269 = CARTESIAN_POINT('',(39.999999999984,132.02147332716,
    -158.4508236259));
#3270 = CARTESIAN_POINT('',(40.000000000004,131.63153749817,
    -159.7499357166));
#3271 = CARTESIAN_POINT('',(40.,131.26400136177,-161.1371791789));
#3272 = CARTESIAN_POINT('',(40.,131.24992369785,-161.1905905348));
#3273 = CARTESIAN_POINT('',(40.000000000001,131.23590427091,
    -161.2440571937));
#3274 = CARTESIAN_POINT('',(39.999999999999,131.22194297633,
    -161.2975786195));
#3275 = CARTESIAN_POINT('',(39.999999999999,131.2080397101,
    -161.3511542779));
#3276 = CARTESIAN_POINT('',(40.000000000004,131.19419436724,
    -161.404783632));
#3277 = CARTESIAN_POINT('',(39.999999999995,131.18040684393,
    -161.4584661482));
#3278 = CARTESIAN_POINT('',(40.000000000004,131.16667703529,
    -161.5122012895));
#3279 = CARTESIAN_POINT('',(39.999999999998,131.15300483717,
    -161.5659885216));
#3280 = CARTESIAN_POINT('',(40.,131.13939014506,-161.6198273084));
#3281 = CARTESIAN_POINT('',(40.,131.12583285456,-161.6737171149));
#3282 = DEFINITIONAL_REPRESENTATION('',(#3283),#3287);
#3283 = LINE('',#3284,#3285);
#3284 = CARTESIAN_POINT('',(44.746854805807,0.));
#3285 = VECTOR('',#3286,1.);
#3286 = DIRECTION('',(0.,1.));
#3287 = ( GEOMETRIC_REPRESENTATION_CONTEXT(2) 
PARAMETRIC_REPRESENTATION_CONTEXT() REPRESENTATION_CONTEXT('2D SPACE',''
  ) );
#3288 = ORIENTED_EDGE('',*,*,#3289,.T.);
#3289 = EDGE_CURVE('',#3064,#3290,#3292,.T.);
#3290 = VERTEX_POINT('',#3291);
#3291 = CARTESIAN_POINT('',(40.,159.68104776511,-160.5640646055));
#3292 = SURFACE_CURVE('',#3293,(#3299,#3308),.PCURVE_S1.);
#3293 = B_SPLINE_CURVE_WITH_KNOTS('',4,(#3294,#3295,#3296,#3297,#3298),
  .UNSPECIFIED.,.F.,.F.,(5,5),(0.,1.),.PIECEWISE_BEZIER_KNOTS.);
#3294 = CARTESIAN_POINT('',(40.,159.60881707178,-160.6649578527));
#3295 = CARTESIAN_POINT('',(40.,159.62687561812,-160.6397348999));
#3296 = CARTESIAN_POINT('',(40.,159.6449335795,-160.6145117066));
#3297 = CARTESIAN_POINT('',(40.,159.66299096037,-160.5892882745));
#3298 = CARTESIAN_POINT('',(40.,159.68104776511,-160.5640646055));
#3299 = PCURVE('',#505,#3300);
#3300 = DEFINITIONAL_REPRESENTATION('',(#3301),#3307);
#3301 = B_SPLINE_CURVE_WITH_KNOTS('',4,(#3302,#3303,#3304,#3305,#3306),
  .UNSPECIFIED.,.F.,.F.,(5,5),(0.,1.),.PIECEWISE_BEZIER_KNOTS.);
#3302 = CARTESIAN_POINT('',(49.234890670809,-53.21912785878));
#3303 = CARTESIAN_POINT('',(49.252949217143,-53.19390490599));
#3304 = CARTESIAN_POINT('',(49.271007178521,-53.16868171262));
#3305 = CARTESIAN_POINT('',(49.289064559397,-53.14345828053));
#3306 = CARTESIAN_POINT('',(49.307121364135,-53.11823461152));
#3307 = ( GEOMETRIC_REPRESENTATION_CONTEXT(2) 
PARAMETRIC_REPRESENTATION_CONTEXT() REPRESENTATION_CONTEXT('2D SPACE',''
  ) );
#3308 = PCURVE('',#3309,#3314);
#3309 = CONICAL_SURFACE('',#3310,15.,0.785398163397);
#3310 = AXIS2_PLACEMENT_3D('',#3311,#3312,#3313);
#3311 = CARTESIAN_POINT('',(45.916651245989,145.5,-165.1347453334));
#3312 = DIRECTION('',(0.5,0.,0.866025403784));
#3313 = DIRECTION('',(-0.427776749733,0.869488012099,0.246977021611));
#3314 = DEFINITIONAL_REPRESENTATION('',(#3315),#3321);
#3315 = B_SPLINE_CURVE_WITH_KNOTS('',4,(#3316,#3317,#3318,#3319,#3320),
  .UNSPECIFIED.,.F.,.F.,(5,5),(0.,1.),.PIECEWISE_BEZIER_KNOTS.);
#3316 = CARTESIAN_POINT('',(-3.586998489779E-02,0.912623884807));
#3317 = CARTESIAN_POINT('',(-3.569209957705E-02,0.934467602679));
#3318 = CARTESIAN_POINT('',(-3.55148417225E-02,0.9563115289));
#3319 = CARTESIAN_POINT('',(-3.533820634646E-02,0.978155661865));
#3320 = CARTESIAN_POINT('',(-3.516218856576E-02,1.));
#3321 = ( GEOMETRIC_REPRESENTATION_CONTEXT(2) 
PARAMETRIC_REPRESENTATION_CONTEXT() REPRESENTATION_CONTEXT('2D SPACE',''
  ) );
#3322 = ORIENTED_EDGE('',*,*,#3323,.F.);
#3323 = EDGE_CURVE('',#3324,#3290,#3326,.T.);
#3324 = VERTEX_POINT('',#3325);
#3325 = CARTESIAN_POINT('',(40.,162.5,-160.5640646055));
#3326 = SURFACE_CURVE('',#3327,(#3331,#3338),.PCURVE_S1.);
#3327 = LINE('',#3328,#3329);
#3328 = CARTESIAN_POINT('',(40.,99.073950852096,-160.5640646055));
#3329 = VECTOR('',#3330,1.);
#3330 = DIRECTION('',(6.6E-16,-1.,-3.8E-16));
#3331 = PCURVE('',#505,#3332);
#3332 = DEFINITIONAL_REPRESENTATION('',(#3333),#3337);
#3333 = LINE('',#3334,#3335);
#3334 = CARTESIAN_POINT('',(-11.29997554888,-53.11823461152));
#3335 = VECTOR('',#3336,1.);
#3336 = DIRECTION('',(-1.,-3.8E-16));
#3337 = ( GEOMETRIC_REPRESENTATION_CONTEXT(2) 
PARAMETRIC_REPRESENTATION_CONTEXT() REPRESENTATION_CONTEXT('2D SPACE',''
  ) );
#3338 = PCURVE('',#3017,#3339);
#3339 = DEFINITIONAL_REPRESENTATION('',(#3340),#3344);
#3340 = LINE('',#3341,#3342);
#3341 = CARTESIAN_POINT('',(5.011725343569,14.573950852095));
#3342 = VECTOR('',#3343,1.);
#3343 = DIRECTION('',(7.615767664977E-16,-1.));
#3344 = ( GEOMETRIC_REPRESENTATION_CONTEXT(2) 
PARAMETRIC_REPRESENTATION_CONTEXT() REPRESENTATION_CONTEXT('2D SPACE',''
  ) );
#3345 = ORIENTED_EDGE('',*,*,#3346,.F.);
#3346 = EDGE_CURVE('',#3347,#3324,#3349,.T.);
#3347 = VERTEX_POINT('',#3348);
#3348 = CARTESIAN_POINT('',(40.,162.5,-53.));
#3349 = SURFACE_CURVE('',#3350,(#3354,#3361),.PCURVE_S1.);
#3350 = LINE('',#3351,#3352);
#3351 = CARTESIAN_POINT('',(40.,162.5,-52.));
#3352 = VECTOR('',#3353,1.);
#3353 = DIRECTION('',(0.,0.,-1.));
#3354 = PCURVE('',#505,#3355);
#3355 = DEFINITIONAL_REPRESENTATION('',(#3356),#3360);
#3356 = LINE('',#3357,#3358);
#3357 = CARTESIAN_POINT('',(52.12607359902,55.445829993985));
#3358 = VECTOR('',#3359,1.);
#3359 = DIRECTION('',(0.,-1.));
#3360 = ( GEOMETRIC_REPRESENTATION_CONTEXT(2) 
PARAMETRIC_REPRESENTATION_CONTEXT() REPRESENTATION_CONTEXT('2D SPACE',''
  ) );
#3361 = PCURVE('',#3362,#3367);
#3362 = PLANE('',#3363);
#3363 = AXIS2_PLACEMENT_3D('',#3364,#3365,#3366);
#3364 = CARTESIAN_POINT('',(39.5,163.,-52.));
#3365 = DIRECTION('',(0.707106781187,0.707106781187,0.));
#3366 = DIRECTION('',(0.,0.,1.));
#3367 = DEFINITIONAL_REPRESENTATION('',(#3368),#3372);
#3368 = LINE('',#3369,#3370);
#3369 = CARTESIAN_POINT('',(-0.,0.707106781187));
#3370 = VECTOR('',#3371,1.);
#3371 = DIRECTION('',(-1.,0.));
#3372 = ( GEOMETRIC_REPRESENTATION_CONTEXT(2) 
PARAMETRIC_REPRESENTATION_CONTEXT() REPRESENTATION_CONTEXT('2D SPACE',''
  ) );
#3373 = ORIENTED_EDGE('',*,*,#3374,.F.);
#3374 = EDGE_CURVE('',#3375,#3347,#3377,.T.);
#3375 = VERTEX_POINT('',#3376);
#3376 = CARTESIAN_POINT('',(40.,161.5,-53.));
#3377 = SURFACE_CURVE('',#3378,(#3382,#3389),.PCURVE_S1.);
#3378 = LINE('',#3379,#3380);
#3379 = CARTESIAN_POINT('',(40.,160.5,-53.));
#3380 = VECTOR('',#3381,1.);
#3381 = DIRECTION('',(-6.2E-16,1.,0.));
#3382 = PCURVE('',#505,#3383);
#3383 = DEFINITIONAL_REPRESENTATION('',(#3384),#3388);
#3384 = LINE('',#3385,#3386);
#3385 = CARTESIAN_POINT('',(50.12607359902,54.445829993985));
#3386 = VECTOR('',#3387,1.);
#3387 = DIRECTION('',(1.,0.));
#3388 = ( GEOMETRIC_REPRESENTATION_CONTEXT(2) 
PARAMETRIC_REPRESENTATION_CONTEXT() REPRESENTATION_CONTEXT('2D SPACE',''
  ) );
#3389 = PCURVE('',#3390,#3395);
#3390 = PLANE('',#3391);
#3391 = AXIS2_PLACEMENT_3D('',#3392,#3393,#3394);
#3392 = CARTESIAN_POINT('',(39.5,160.5,-52.5));
#3393 = DIRECTION('',(0.707106781187,5.045716313948E-16,0.707106781187)
  );
#3394 = DIRECTION('',(6.667860221536E-16,-1.,4.678602215364E-17));
#3395 = DEFINITIONAL_REPRESENTATION('',(#3396),#3400);
#3396 = LINE('',#3397,#3398);
#3397 = CARTESIAN_POINT('',(3.1E-16,0.707106781187));
#3398 = VECTOR('',#3399,1.);
#3399 = DIRECTION('',(-1.,7.395570986447E-32));
#3400 = ( GEOMETRIC_REPRESENTATION_CONTEXT(2) 
PARAMETRIC_REPRESENTATION_CONTEXT() REPRESENTATION_CONTEXT('2D SPACE',''
  ) );
#3401 = ORIENTED_EDGE('',*,*,#3402,.F.);
#3402 = EDGE_CURVE('',#3403,#3375,#3405,.T.);
#3403 = VERTEX_POINT('',#3404);
#3404 = CARTESIAN_POINT('',(40.,161.5,-90.38268590218));
#3405 = SURFACE_CURVE('',#3406,(#3410,#3417),.PCURVE_S1.);
#3406 = LINE('',#3407,#3408);
#3407 = CARTESIAN_POINT('',(40.,161.5,-89.38268590218));
#3408 = VECTOR('',#3409,1.);
#3409 = DIRECTION('',(0.,0.,1.));
#3410 = PCURVE('',#505,#3411);
#3411 = DEFINITIONAL_REPRESENTATION('',(#3412),#3416);
#3412 = LINE('',#3413,#3414);
#3413 = CARTESIAN_POINT('',(51.12607359902,18.063144091805));
#3414 = VECTOR('',#3415,1.);
#3415 = DIRECTION('',(0.,1.));
#3416 = ( GEOMETRIC_REPRESENTATION_CONTEXT(2) 
PARAMETRIC_REPRESENTATION_CONTEXT() REPRESENTATION_CONTEXT('2D SPACE',''
  ) );
#3417 = PCURVE('',#3418,#3423);
#3418 = PLANE('',#3419);
#3419 = AXIS2_PLACEMENT_3D('',#3420,#3421,#3422);
#3420 = CARTESIAN_POINT('',(39.5,161.,-89.38268590218));
#3421 = DIRECTION('',(0.707106781187,-0.707106781187,0.));
#3422 = DIRECTION('',(-0.,-0.,-1.));
#3423 = DEFINITIONAL_REPRESENTATION('',(#3424),#3428);
#3424 = LINE('',#3425,#3426);
#3425 = CARTESIAN_POINT('',(-0.,0.707106781187));
#3426 = VECTOR('',#3427,1.);
#3427 = DIRECTION('',(-1.,0.));
#3428 = ( GEOMETRIC_REPRESENTATION_CONTEXT(2) 
PARAMETRIC_REPRESENTATION_CONTEXT() REPRESENTATION_CONTEXT('2D SPACE',''
  ) );
#3429 = ORIENTED_EDGE('',*,*,#3430,.F.);
#3430 = EDGE_CURVE('',#3431,#3403,#3433,.T.);
#3431 = VERTEX_POINT('',#3432);
#3432 = CARTESIAN_POINT('',(40.,111.5,-90.38268590218));
#3433 = SURFACE_CURVE('',#3434,(#3438,#3445),.PCURVE_S1.);
#3434 = LINE('',#3435,#3436);
#3435 = CARTESIAN_POINT('',(40.,112.5,-90.38268590218));
#3436 = VECTOR('',#3437,1.);
#3437 = DIRECTION('',(-7.3E-16,1.,-1.27E-15));
#3438 = PCURVE('',#505,#3439);
#3439 = DEFINITIONAL_REPRESENTATION('',(#3440),#3444);
#3440 = LINE('',#3441,#3442);
#3441 = CARTESIAN_POINT('',(2.12607359902,17.063144091805));
#3442 = VECTOR('',#3443,1.);
#3443 = DIRECTION('',(1.,-1.27E-15));
#3444 = ( GEOMETRIC_REPRESENTATION_CONTEXT(2) 
PARAMETRIC_REPRESENTATION_CONTEXT() REPRESENTATION_CONTEXT('2D SPACE',''
  ) );
#3445 = PCURVE('',#3446,#3451);
#3446 = PLANE('',#3447);
#3447 = AXIS2_PLACEMENT_3D('',#3448,#3449,#3450);
#3448 = CARTESIAN_POINT('',(39.75,112.5,-90.31569860407));
#3449 = DIRECTION('',(0.258819045103,1.554656178939E-15,0.965925826289)
  );
#3450 = DIRECTION('',(7.659739000769E-16,-1.,1.404256422834E-15));
#3451 = DEFINITIONAL_REPRESENTATION('',(#3452),#3456);
#3452 = LINE('',#3453,#3454);
#3453 = CARTESIAN_POINT('',(9.742613140313E-17,0.258819045103));
#3454 = VECTOR('',#3455,1.);
#3455 = DIRECTION('',(-1.,0.));
#3456 = ( GEOMETRIC_REPRESENTATION_CONTEXT(2) 
PARAMETRIC_REPRESENTATION_CONTEXT() REPRESENTATION_CONTEXT('2D SPACE',''
  ) );
#3457 = ORIENTED_EDGE('',*,*,#3458,.T.);
#3458 = EDGE_CURVE('',#3431,#3459,#3461,.T.);
#3459 = VERTEX_POINT('',#3460);
#3460 = CARTESIAN_POINT('',(39.999999999999,111.5,-52.));
#3461 = SURFACE_CURVE('',#3462,(#3466,#3473),.PCURVE_S1.);
#3462 = LINE('',#3463,#3464);
#3463 = CARTESIAN_POINT('',(40.,111.5,-89.38268590218));
#3464 = VECTOR('',#3465,1.);
#3465 = DIRECTION('',(0.,8.704E-14,1.));
#3466 = PCURVE('',#505,#3467);
#3467 = DEFINITIONAL_REPRESENTATION('',(#3468),#3472);
#3468 = LINE('',#3469,#3470);
#3469 = CARTESIAN_POINT('',(1.126073599023,18.063144091805));
#3470 = VECTOR('',#3471,1.);
#3471 = DIRECTION('',(8.704E-14,1.));
#3472 = ( GEOMETRIC_REPRESENTATION_CONTEXT(2) 
PARAMETRIC_REPRESENTATION_CONTEXT() REPRESENTATION_CONTEXT('2D SPACE',''
  ) );
#3473 = PCURVE('',#3474,#3479);
#3474 = PLANE('',#3475);
#3475 = AXIS2_PLACEMENT_3D('',#3476,#3477,#3478);
#3476 = CARTESIAN_POINT('',(39.5,112.,-89.38268590218));
#3477 = DIRECTION('',(0.707106781187,0.707106781187,-7.021955203578E-15)
  );
#3478 = DIRECTION('',(-3.855472785836E-14,4.848527214164E-14,1.));
#3479 = DEFINITIONAL_REPRESENTATION('',(#3480),#3484);
#3480 = LINE('',#3481,#3482);
#3481 = CARTESIAN_POINT('',(-8.874358543949E-16,0.707106781187));
#3482 = VECTOR('',#3483,1.);
#3483 = DIRECTION('',(1.,-1.262177448354E-29));
#3484 = ( GEOMETRIC_REPRESENTATION_CONTEXT(2) 
PARAMETRIC_REPRESENTATION_CONTEXT() REPRESENTATION_CONTEXT('2D SPACE',''
  ) );
#3485 = ORIENTED_EDGE('',*,*,#3486,.F.);
#3486 = EDGE_CURVE('',#3487,#3459,#3489,.T.);
#3487 = VERTEX_POINT('',#3488);
#3488 = CARTESIAN_POINT('',(40.,109.5,-52.));
#3489 = SURFACE_CURVE('',#3490,(#3494,#3501),.PCURVE_S1.);
#3490 = LINE('',#3491,#3492);
#3491 = CARTESIAN_POINT('',(40.,137.36729797651,-52.));
#3492 = VECTOR('',#3493,1.);
#3493 = DIRECTION('',(-6.2E-16,1.,0.));
#3494 = PCURVE('',#505,#3495);
#3495 = DEFINITIONAL_REPRESENTATION('',(#3496),#3500);
#3496 = LINE('',#3497,#3498);
#3497 = CARTESIAN_POINT('',(26.99337157553,55.445829993985));
#3498 = VECTOR('',#3499,1.);
#3499 = DIRECTION('',(1.,0.));
#3500 = ( GEOMETRIC_REPRESENTATION_CONTEXT(2) 
PARAMETRIC_REPRESENTATION_CONTEXT() REPRESENTATION_CONTEXT('2D SPACE',''
  ) );
#3501 = PCURVE('',#939,#3502);
#3502 = DEFINITIONAL_REPRESENTATION('',(#3503),#3507);
#3503 = LINE('',#3504,#3505);
#3504 = CARTESIAN_POINT('',(15.836475727818,51.393567114603));
#3505 = VECTOR('',#3506,1.);
#3506 = DIRECTION('',(-6.2E-16,1.));
#3507 = ( GEOMETRIC_REPRESENTATION_CONTEXT(2) 
PARAMETRIC_REPRESENTATION_CONTEXT() REPRESENTATION_CONTEXT('2D SPACE',''
  ) );
#3508 = ORIENTED_EDGE('',*,*,#3509,.T.);
#3509 = EDGE_CURVE('',#3487,#3510,#3512,.T.);
#3510 = VERTEX_POINT('',#3511);
#3511 = CARTESIAN_POINT('',(40.,109.5,-53.));
#3512 = SURFACE_CURVE('',#3513,(#3517,#3524),.PCURVE_S1.);
#3513 = LINE('',#3514,#3515);
#3514 = CARTESIAN_POINT('',(40.,109.5,-110.3639311483));
#3515 = VECTOR('',#3516,1.);
#3516 = DIRECTION('',(0.,0.,-1.));
#3517 = PCURVE('',#505,#3518);
#3518 = DEFINITIONAL_REPRESENTATION('',(#3519),#3523);
#3519 = LINE('',#3520,#3521);
#3520 = CARTESIAN_POINT('',(-0.87392640098,-2.918101154385));
#3521 = VECTOR('',#3522,1.);
#3522 = DIRECTION('',(0.,-1.));
#3523 = ( GEOMETRIC_REPRESENTATION_CONTEXT(2) 
PARAMETRIC_REPRESENTATION_CONTEXT() REPRESENTATION_CONTEXT('2D SPACE',''
  ) );
#3524 = PCURVE('',#911,#3525);
#3525 = DEFINITIONAL_REPRESENTATION('',(#3526),#3530);
#3526 = LINE('',#3527,#3528);
#3527 = CARTESIAN_POINT('',(-2.918101154385,20.));
#3528 = VECTOR('',#3529,1.);
#3529 = DIRECTION('',(1.,0.));
#3530 = ( GEOMETRIC_REPRESENTATION_CONTEXT(2) 
PARAMETRIC_REPRESENTATION_CONTEXT() REPRESENTATION_CONTEXT('2D SPACE',''
  ) );
#3531 = ORIENTED_EDGE('',*,*,#3532,.F.);
#3532 = EDGE_CURVE('',#3533,#3510,#3535,.T.);
#3533 = VERTEX_POINT('',#3534);
#3534 = CARTESIAN_POINT('',(40.,57.5,-53.));
#3535 = SURFACE_CURVE('',#3536,(#3540,#3547),.PCURVE_S1.);
#3536 = LINE('',#3537,#3538);
#3537 = CARTESIAN_POINT('',(40.,56.5,-53.));
#3538 = VECTOR('',#3539,1.);
#3539 = DIRECTION('',(-6.2E-16,1.,0.));
#3540 = PCURVE('',#505,#3541);
#3541 = DEFINITIONAL_REPRESENTATION('',(#3542),#3546);
#3542 = LINE('',#3543,#3544);
#3543 = CARTESIAN_POINT('',(-53.87392640098,54.445829993985));
#3544 = VECTOR('',#3545,1.);
#3545 = DIRECTION('',(1.,0.));
#3546 = ( GEOMETRIC_REPRESENTATION_CONTEXT(2) 
PARAMETRIC_REPRESENTATION_CONTEXT() REPRESENTATION_CONTEXT('2D SPACE',''
  ) );
#3547 = PCURVE('',#3548,#3553);
#3548 = PLANE('',#3549);
#3549 = AXIS2_PLACEMENT_3D('',#3550,#3551,#3552);
#3550 = CARTESIAN_POINT('',(39.75,56.5,-52.93301270189));
#3551 = DIRECTION('',(0.258819045103,8.685230049936E-16,0.965925826289)
  );
#3552 = DIRECTION('',(8.032581699752E-16,-1.,6.839288012495E-16));
#3553 = DEFINITIONAL_REPRESENTATION('',(#3554),#3558);
#3554 = LINE('',#3555,#3556);
#3555 = CARTESIAN_POINT('',(1.55E-16,0.258819045103));
#3556 = VECTOR('',#3557,1.);
#3557 = DIRECTION('',(-1.,-7.395570986447E-32));
#3558 = ( GEOMETRIC_REPRESENTATION_CONTEXT(2) 
PARAMETRIC_REPRESENTATION_CONTEXT() REPRESENTATION_CONTEXT('2D SPACE',''
  ) );
#3559 = ORIENTED_EDGE('',*,*,#3560,.F.);
#3560 = EDGE_CURVE('',#3561,#3533,#3563,.T.);
#3561 = VERTEX_POINT('',#3562);
#3562 = CARTESIAN_POINT('',(40.,57.5,-79.5));
#3563 = SURFACE_CURVE('',#3564,(#3568,#3575),.PCURVE_S1.);
#3564 = LINE('',#3565,#3566);
#3565 = CARTESIAN_POINT('',(40.,57.5,-78.5));
#3566 = VECTOR('',#3567,1.);
#3567 = DIRECTION('',(0.,0.,1.));
#3568 = PCURVE('',#505,#3569);
#3569 = DEFINITIONAL_REPRESENTATION('',(#3570),#3574);
#3570 = LINE('',#3571,#3572);
#3571 = CARTESIAN_POINT('',(-52.87392640098,28.945829993985));
#3572 = VECTOR('',#3573,1.);
#3573 = DIRECTION('',(0.,1.));
#3574 = ( GEOMETRIC_REPRESENTATION_CONTEXT(2) 
PARAMETRIC_REPRESENTATION_CONTEXT() REPRESENTATION_CONTEXT('2D SPACE',''
  ) );
#3575 = PCURVE('',#3576,#3581);
#3576 = PLANE('',#3577);
#3577 = AXIS2_PLACEMENT_3D('',#3578,#3579,#3580);
#3578 = CARTESIAN_POINT('',(39.5,57.,-78.5));
#3579 = DIRECTION('',(0.707106781187,-0.707106781187,0.));
#3580 = DIRECTION('',(-0.,-0.,-1.));
#3581 = DEFINITIONAL_REPRESENTATION('',(#3582),#3586);
#3582 = LINE('',#3583,#3584);
#3583 = CARTESIAN_POINT('',(-0.,0.707106781187));
#3584 = VECTOR('',#3585,1.);
#3585 = DIRECTION('',(-1.,0.));
#3586 = ( GEOMETRIC_REPRESENTATION_CONTEXT(2) 
PARAMETRIC_REPRESENTATION_CONTEXT() REPRESENTATION_CONTEXT('2D SPACE',''
  ) );
#3587 = ORIENTED_EDGE('',*,*,#3588,.F.);
#3588 = EDGE_CURVE('',#3589,#3561,#3591,.T.);
#3589 = VERTEX_POINT('',#3590);
#3590 = CARTESIAN_POINT('',(40.,53.,-79.5));
#3591 = SURFACE_CURVE('',#3592,(#3596,#3603),.PCURVE_S1.);
#3592 = LINE('',#3593,#3594);
#3593 = CARTESIAN_POINT('',(40.,52.,-79.5));
#3594 = VECTOR('',#3595,1.);
#3595 = DIRECTION('',(0.,1.,0.));
#3596 = PCURVE('',#505,#3597);
#3597 = DEFINITIONAL_REPRESENTATION('',(#3598),#3602);
#3598 = LINE('',#3599,#3600);
#3599 = CARTESIAN_POINT('',(-58.37392640098,27.945829993985));
#3600 = VECTOR('',#3601,1.);
#3601 = DIRECTION('',(1.,0.));
#3602 = ( GEOMETRIC_REPRESENTATION_CONTEXT(2) 
PARAMETRIC_REPRESENTATION_CONTEXT() REPRESENTATION_CONTEXT('2D SPACE',''
  ) );
#3603 = PCURVE('',#3604,#3609);
#3604 = PLANE('',#3605);
#3605 = AXIS2_PLACEMENT_3D('',#3606,#3607,#3608);
#3606 = CARTESIAN_POINT('',(39.5,52.,-79.));
#3607 = DIRECTION('',(-0.707106781187,-5.045716313948E-16,
    -0.707106781187));
#3608 = DIRECTION('',(-3.567860221536E-16,1.,-3.567860221536E-16));
#3609 = DEFINITIONAL_REPRESENTATION('',(#3610),#3614);
#3610 = LINE('',#3611,#3612);
#3611 = CARTESIAN_POINT('',(0.,0.707106781187));
#3612 = VECTOR('',#3613,1.);
#3613 = DIRECTION('',(1.,0.));
#3614 = ( GEOMETRIC_REPRESENTATION_CONTEXT(2) 
PARAMETRIC_REPRESENTATION_CONTEXT() REPRESENTATION_CONTEXT('2D SPACE',''
  ) );
#3615 = ORIENTED_EDGE('',*,*,#3616,.T.);
#3616 = EDGE_CURVE('',#3589,#440,#3617,.T.);
#3617 = SURFACE_CURVE('',#3618,(#3622,#3629),.PCURVE_S1.);
#3618 = LINE('',#3619,#3620);
#3619 = CARTESIAN_POINT('',(40.,53.,-78.5));
#3620 = VECTOR('',#3621,1.);
#3621 = DIRECTION('',(0.,0.,-1.));
#3622 = PCURVE('',#505,#3623);
#3623 = DEFINITIONAL_REPRESENTATION('',(#3624),#3628);
#3624 = LINE('',#3625,#3626);
#3625 = CARTESIAN_POINT('',(-57.37392640098,28.945829993985));
#3626 = VECTOR('',#3627,1.);
#3627 = DIRECTION('',(0.,-1.));
#3628 = ( GEOMETRIC_REPRESENTATION_CONTEXT(2) 
PARAMETRIC_REPRESENTATION_CONTEXT() REPRESENTATION_CONTEXT('2D SPACE',''
  ) );
#3629 = PCURVE('',#2055,#3630);
#3630 = DEFINITIONAL_REPRESENTATION('',(#3631),#3635);
#3631 = LINE('',#3632,#3633);
#3632 = CARTESIAN_POINT('',(0.,0.707106781187));
#3633 = VECTOR('',#3634,1.);
#3634 = DIRECTION('',(1.,0.));
#3635 = ( GEOMETRIC_REPRESENTATION_CONTEXT(2) 
PARAMETRIC_REPRESENTATION_CONTEXT() REPRESENTATION_CONTEXT('2D SPACE',''
  ) );
#3636 = ORIENTED_EDGE('',*,*,#491,.T.);
#3637 = ORIENTED_EDGE('',*,*,#3638,.F.);
#3638 = EDGE_CURVE('',#3639,#464,#3641,.T.);
#3639 = VERTEX_POINT('',#3640);
#3640 = CARTESIAN_POINT('',(40.,57.5,-158.3730669589));
#3641 = SURFACE_CURVE('',#3642,(#3646,#3653),.PCURVE_S1.);
#3642 = LINE('',#3643,#3644);
#3643 = CARTESIAN_POINT('',(40.,57.5,-156.6410161513));
#3644 = VECTOR('',#3645,1.);
#3645 = DIRECTION('',(0.,0.,1.));
#3646 = PCURVE('',#505,#3647);
#3647 = DEFINITIONAL_REPRESENTATION('',(#3648),#3652);
#3648 = LINE('',#3649,#3650);
#3649 = CARTESIAN_POINT('',(-52.87392640098,-49.19518615739));
#3650 = VECTOR('',#3651,1.);
#3651 = DIRECTION('',(0.,1.));
#3652 = ( GEOMETRIC_REPRESENTATION_CONTEXT(2) 
PARAMETRIC_REPRESENTATION_CONTEXT() REPRESENTATION_CONTEXT('2D SPACE',''
  ) );
#3653 = PCURVE('',#479,#3654);
#3654 = DEFINITIONAL_REPRESENTATION('',(#3655),#3659);
#3655 = LINE('',#3656,#3657);
#3656 = CARTESIAN_POINT('',(-0.,0.707106781187));
#3657 = VECTOR('',#3658,1.);
#3658 = DIRECTION('',(-1.,0.));
#3659 = ( GEOMETRIC_REPRESENTATION_CONTEXT(2) 
PARAMETRIC_REPRESENTATION_CONTEXT() REPRESENTATION_CONTEXT('2D SPACE',''
  ) );
#3660 = ORIENTED_EDGE('',*,*,#3661,.F.);
#3661 = EDGE_CURVE('',#3662,#3639,#3664,.T.);
#3662 = VERTEX_POINT('',#3663);
#3663 = CARTESIAN_POINT('',(40.,57.558675859833,-160.5792956127));
#3664 = SURFACE_CURVE('',#3665,(#3672,#3682),.PCURVE_S1.);
#3665 = B_SPLINE_CURVE_WITH_KNOTS('',5,(#3666,#3667,#3668,#3669,#3670,
    #3671),.UNSPECIFIED.,.F.,.F.,(6,6),(-1.772225288126,2.191732994193),
  .PIECEWISE_BEZIER_KNOTS.);
#3666 = CARTESIAN_POINT('',(40.,57.630263701679,-162.2975257751));
#3667 = CARTESIAN_POINT('',(40.,57.602574873546,-161.4954441385));
#3668 = CARTESIAN_POINT('',(40.,57.563002210437,-160.7019593257));
#3669 = CARTESIAN_POINT('',(40.,57.524751809386,-159.9167144512));
#3670 = CARTESIAN_POINT('',(40.,57.49999999999,-159.1405196268));
#3671 = CARTESIAN_POINT('',(40.,57.5,-158.3730669589));
#3672 = PCURVE('',#505,#3673);
#3673 = DEFINITIONAL_REPRESENTATION('',(#3674),#3681);
#3674 = B_SPLINE_CURVE_WITH_KNOTS('',5,(#3675,#3676,#3677,#3678,#3679,
    #3680),.UNSPECIFIED.,.F.,.F.,(6,6),(-1.772225288126,2.191732994193),
  .PIECEWISE_BEZIER_KNOTS.);
#3675 = CARTESIAN_POINT('',(-52.7436626993,-54.85169578114));
#3676 = CARTESIAN_POINT('',(-52.77135152743,-54.04961414455));
#3677 = CARTESIAN_POINT('',(-52.81092419054,-53.25612933177));
#3678 = CARTESIAN_POINT('',(-52.84917459159,-52.47088445723));
#3679 = CARTESIAN_POINT('',(-52.87392640099,-51.69468963289));
#3680 = CARTESIAN_POINT('',(-52.87392640098,-50.92723696497));
#3681 = ( GEOMETRIC_REPRESENTATION_CONTEXT(2) 
PARAMETRIC_REPRESENTATION_CONTEXT() REPRESENTATION_CONTEXT('2D SPACE',''
  ) );
#3682 = PCURVE('',#3683,#3696);
#3683 = B_SPLINE_SURFACE_WITH_KNOTS('',1,5,(
    (#3684,#3685,#3686,#3687,#3688,#3689)
    ,(#3690,#3691,#3692,#3693,#3694,#3695
    )),.UNSPECIFIED.,.F.,.F.,.F.,(2,2),(6,6),(0.,3.96395828232),(
    -1.772225288126,2.191732994193),.PIECEWISE_BEZIER_KNOTS.);
#3684 = CARTESIAN_POINT('',(39.001840897404,56.570245267949,
    -162.3341188917));
#3685 = CARTESIAN_POINT('',(39.001886867693,56.542244586398,
    -161.5449325779));
#3686 = CARTESIAN_POINT('',(39.000606658896,56.52107282935,
    -160.7534148169));
#3687 = CARTESIAN_POINT('',(38.999821194114,56.507011272194,
    -159.9590024962));
#3688 = CARTESIAN_POINT('',(39.,56.5,-159.1662724576));
#3689 = CARTESIAN_POINT('',(39.,56.5,-158.3730669589));
#3690 = CARTESIAN_POINT('',(40.,57.630263701679,-162.2975257751));
#3691 = CARTESIAN_POINT('',(40.,57.602574873546,-161.4954441385));
#3692 = CARTESIAN_POINT('',(40.,57.563002210437,-160.7019593257));
#3693 = CARTESIAN_POINT('',(40.,57.524751809386,-159.9167144512));
#3694 = CARTESIAN_POINT('',(40.,57.49999999999,-159.1405196268));
#3695 = CARTESIAN_POINT('',(40.,57.5,-158.3730669589));
#3696 = DEFINITIONAL_REPRESENTATION('',(#3697),#3701);
#3697 = LINE('',#3698,#3699);
#3698 = CARTESIAN_POINT('',(3.96395828232,0.));
#3699 = VECTOR('',#3700,1.);
#3700 = DIRECTION('',(0.,1.));
#3701 = ( GEOMETRIC_REPRESENTATION_CONTEXT(2) 
PARAMETRIC_REPRESENTATION_CONTEXT() REPRESENTATION_CONTEXT('2D SPACE',''
  ) );
#3702 = ORIENTED_EDGE('',*,*,#3703,.T.);
#3703 = EDGE_CURVE('',#3662,#2363,#3704,.T.);
#3704 = SURFACE_CURVE('',#3705,(#3711,#3720),.PCURVE_S1.);
#3705 = B_SPLINE_CURVE_WITH_KNOTS('',4,(#3706,#3707,#3708,#3709,#3710),
  .UNSPECIFIED.,.F.,.F.,(5,5),(0.,1.),.PIECEWISE_BEZIER_KNOTS.);
#3706 = CARTESIAN_POINT('',(40.,57.558675859762,-160.5792956128));
#3707 = CARTESIAN_POINT('',(40.,57.561843170443,-160.5754877905));
#3708 = CARTESIAN_POINT('',(40.,57.565010579747,-160.5716800151));
#3709 = CARTESIAN_POINT('',(40.,57.568178087736,-160.5678722868));
#3710 = CARTESIAN_POINT('',(40.,57.571345694472,-160.5640646055));
#3711 = PCURVE('',#505,#3712);
#3712 = DEFINITIONAL_REPRESENTATION('',(#3713),#3719);
#3713 = B_SPLINE_CURVE_WITH_KNOTS('',4,(#3714,#3715,#3716,#3717,#3718),
  .UNSPECIFIED.,.F.,.F.,(5,5),(0.,1.),.PIECEWISE_BEZIER_KNOTS.);
#3714 = CARTESIAN_POINT('',(-52.81525054121,-53.13346561885));
#3715 = CARTESIAN_POINT('',(-52.81208323053,-53.12965779654));
#3716 = CARTESIAN_POINT('',(-52.80891582123,-53.12585002119));
#3717 = CARTESIAN_POINT('',(-52.80574831324,-53.12204229284));
#3718 = CARTESIAN_POINT('',(-52.8025807065,-53.11823461152));
#3719 = ( GEOMETRIC_REPRESENTATION_CONTEXT(2) 
PARAMETRIC_REPRESENTATION_CONTEXT() REPRESENTATION_CONTEXT('2D SPACE',''
  ) );
#3720 = PCURVE('',#2766,#3721);
#3721 = DEFINITIONAL_REPRESENTATION('',(#3722),#3728);
#3722 = B_SPLINE_CURVE_WITH_KNOTS('',4,(#3723,#3724,#3725,#3726,#3727),
  .UNSPECIFIED.,.F.,.F.,(5,5),(0.,1.),.PIECEWISE_BEZIER_KNOTS.);
#3723 = CARTESIAN_POINT('',(2.998520587742,-0.986809560726));
#3724 = CARTESIAN_POINT('',(2.998582333995,-0.990107231581));
#3725 = CARTESIAN_POINT('',(2.998644099216,-0.993404861764));
#3726 = CARTESIAN_POINT('',(2.998705883418,-0.996702451246));
#3727 = CARTESIAN_POINT('',(2.998767686613,-1.));
#3728 = ( GEOMETRIC_REPRESENTATION_CONTEXT(2) 
PARAMETRIC_REPRESENTATION_CONTEXT() REPRESENTATION_CONTEXT('2D SPACE',''
  ) );
#3729 = FACE_BOUND('',#3730,.T.);
#3730 = EDGE_LOOP('',(#3731,#3761,#3789,#3817));
#3731 = ORIENTED_EDGE('',*,*,#3732,.T.);
#3732 = EDGE_CURVE('',#3733,#3735,#3737,.T.);
#3733 = VERTEX_POINT('',#3734);
#3734 = CARTESIAN_POINT('',(40.,58.5,-55.64101615137));
#3735 = VERTEX_POINT('',#3736);
#3736 = CARTESIAN_POINT('',(40.,110.5,-55.64101615137));
#3737 = SURFACE_CURVE('',#3738,(#3742,#3749),.PCURVE_S1.);
#3738 = LINE('',#3739,#3740);
#3739 = CARTESIAN_POINT('',(40.,59.5,-55.64101615137));
#3740 = VECTOR('',#3741,1.);
#3741 = DIRECTION('',(-7.3E-16,1.,-1.26E-15));
#3742 = PCURVE('',#505,#3743);
#3743 = DEFINITIONAL_REPRESENTATION('',(#3744),#3748);
#3744 = LINE('',#3745,#3746);
#3745 = CARTESIAN_POINT('',(-50.87392640098,51.804813842608));
#3746 = VECTOR('',#3747,1.);
#3747 = DIRECTION('',(1.,-1.26E-15));
#3748 = ( GEOMETRIC_REPRESENTATION_CONTEXT(2) 
PARAMETRIC_REPRESENTATION_CONTEXT() REPRESENTATION_CONTEXT('2D SPACE',''
  ) );
#3749 = PCURVE('',#3750,#3755);
#3750 = PLANE('',#3751);
#3751 = AXIS2_PLACEMENT_3D('',#3752,#3753,#3754);
#3752 = CARTESIAN_POINT('',(39.75,59.5,-56.57402885327));
#3753 = DIRECTION('',(0.965925826289,3.250907114083E-16,-0.258819045103)
  );
#3754 = DIRECTION('',(-6.779142416546E-16,1.,-1.273956336886E-15));
#3755 = DEFINITIONAL_REPRESENTATION('',(#3756),#3760);
#3756 = LINE('',#3757,#3758);
#3757 = CARTESIAN_POINT('',(-1.358096004384E-15,0.965925826289));
#3758 = VECTOR('',#3759,1.);
#3759 = DIRECTION('',(1.,-1.972152263053E-31));
#3760 = ( GEOMETRIC_REPRESENTATION_CONTEXT(2) 
PARAMETRIC_REPRESENTATION_CONTEXT() REPRESENTATION_CONTEXT('2D SPACE',''
  ) );
#3761 = ORIENTED_EDGE('',*,*,#3762,.F.);
#3762 = EDGE_CURVE('',#3763,#3735,#3765,.T.);
#3763 = VERTEX_POINT('',#3764);
#3764 = CARTESIAN_POINT('',(40.,110.5,-101.6410161513));
#3765 = SURFACE_CURVE('',#3766,(#3770,#3777),.PCURVE_S1.);
#3766 = LINE('',#3767,#3768);
#3767 = CARTESIAN_POINT('',(40.,110.5,-100.6410161513));
#3768 = VECTOR('',#3769,1.);
#3769 = DIRECTION('',(0.,0.,1.));
#3770 = PCURVE('',#505,#3771);
#3771 = DEFINITIONAL_REPRESENTATION('',(#3772),#3776);
#3772 = LINE('',#3773,#3774);
#3773 = CARTESIAN_POINT('',(0.12607359902,6.804813842608));
#3774 = VECTOR('',#3775,1.);
#3775 = DIRECTION('',(0.,1.));
#3776 = ( GEOMETRIC_REPRESENTATION_CONTEXT(2) 
PARAMETRIC_REPRESENTATION_CONTEXT() REPRESENTATION_CONTEXT('2D SPACE',''
  ) );
#3777 = PCURVE('',#3778,#3783);
#3778 = PLANE('',#3779);
#3779 = AXIS2_PLACEMENT_3D('',#3780,#3781,#3782);
#3780 = CARTESIAN_POINT('',(39.5,110.,-100.6410161513));
#3781 = DIRECTION('',(0.707106781187,-0.707106781187,0.));
#3782 = DIRECTION('',(-0.,-0.,-1.));
#3783 = DEFINITIONAL_REPRESENTATION('',(#3784),#3788);
#3784 = LINE('',#3785,#3786);
#3785 = CARTESIAN_POINT('',(-0.,0.707106781187));
#3786 = VECTOR('',#3787,1.);
#3787 = DIRECTION('',(-1.,0.));
#3788 = ( GEOMETRIC_REPRESENTATION_CONTEXT(2) 
PARAMETRIC_REPRESENTATION_CONTEXT() REPRESENTATION_CONTEXT('2D SPACE',''
  ) );
#3789 = ORIENTED_EDGE('',*,*,#3790,.F.);
#3790 = EDGE_CURVE('',#3791,#3763,#3793,.T.);
#3791 = VERTEX_POINT('',#3792);
#3792 = CARTESIAN_POINT('',(40.,58.5,-101.6410161513));
#3793 = SURFACE_CURVE('',#3794,(#3798,#3805),.PCURVE_S1.);
#3794 = LINE('',#3795,#3796);
#3795 = CARTESIAN_POINT('',(40.,59.5,-101.6410161513));
#3796 = VECTOR('',#3797,1.);
#3797 = DIRECTION('',(-7.3E-16,1.,-1.26E-15));
#3798 = PCURVE('',#505,#3799);
#3799 = DEFINITIONAL_REPRESENTATION('',(#3800),#3804);
#3800 = LINE('',#3801,#3802);
#3801 = CARTESIAN_POINT('',(-50.87392640098,5.804813842608));
#3802 = VECTOR('',#3803,1.);
#3803 = DIRECTION('',(1.,-1.26E-15));
#3804 = ( GEOMETRIC_REPRESENTATION_CONTEXT(2) 
PARAMETRIC_REPRESENTATION_CONTEXT() REPRESENTATION_CONTEXT('2D SPACE',''
  ) );
#3805 = PCURVE('',#3806,#3811);
#3806 = PLANE('',#3807);
#3807 = AXIS2_PLACEMENT_3D('',#3808,#3809,#3810);
#3808 = CARTESIAN_POINT('',(39.75,59.5,-101.5740288532));
#3809 = DIRECTION('',(0.258819045103,1.554656178939E-15,0.965925826289)
  );
#3810 = DIRECTION('',(7.684739000769E-16,-1.,1.403586549852E-15));
#3811 = DEFINITIONAL_REPRESENTATION('',(#3812),#3816);
#3812 = LINE('',#3813,#3814);
#3813 = CARTESIAN_POINT('',(9.80960043842E-17,0.258819045103));
#3814 = VECTOR('',#3815,1.);
#3815 = DIRECTION('',(-1.,-4.930380657631E-32));
#3816 = ( GEOMETRIC_REPRESENTATION_CONTEXT(2) 
PARAMETRIC_REPRESENTATION_CONTEXT() REPRESENTATION_CONTEXT('2D SPACE',''
  ) );
#3817 = ORIENTED_EDGE('',*,*,#3818,.T.);
#3818 = EDGE_CURVE('',#3791,#3733,#3819,.T.);
#3819 = SURFACE_CURVE('',#3820,(#3824,#3831),.PCURVE_S1.);
#3820 = LINE('',#3821,#3822);
#3821 = CARTESIAN_POINT('',(40.,58.5,-100.6410161513));
#3822 = VECTOR('',#3823,1.);
#3823 = DIRECTION('',(0.,0.,1.));
#3824 = PCURVE('',#505,#3825);
#3825 = DEFINITIONAL_REPRESENTATION('',(#3826),#3830);
#3826 = LINE('',#3827,#3828);
#3827 = CARTESIAN_POINT('',(-51.87392640098,6.804813842608));
#3828 = VECTOR('',#3829,1.);
#3829 = DIRECTION('',(0.,1.));
#3830 = ( GEOMETRIC_REPRESENTATION_CONTEXT(2) 
PARAMETRIC_REPRESENTATION_CONTEXT() REPRESENTATION_CONTEXT('2D SPACE',''
  ) );
#3831 = PCURVE('',#3832,#3837);
#3832 = PLANE('',#3833);
#3833 = AXIS2_PLACEMENT_3D('',#3834,#3835,#3836);
#3834 = CARTESIAN_POINT('',(39.5,59.,-100.6410161513));
#3835 = DIRECTION('',(0.707106781187,0.707106781187,0.));
#3836 = DIRECTION('',(0.,0.,1.));
#3837 = DEFINITIONAL_REPRESENTATION('',(#3838),#3842);
#3838 = LINE('',#3839,#3840);
#3839 = CARTESIAN_POINT('',(0.,0.707106781187));
#3840 = VECTOR('',#3841,1.);
#3841 = DIRECTION('',(1.,0.));
#3842 = ( GEOMETRIC_REPRESENTATION_CONTEXT(2) 
PARAMETRIC_REPRESENTATION_CONTEXT() REPRESENTATION_CONTEXT('2D SPACE',''
  ) );
#3843 = FACE_BOUND('',#3844,.T.);
#3844 = EDGE_LOOP('',(#3845,#3875,#3903,#3931));
#3845 = ORIENTED_EDGE('',*,*,#3846,.F.);
#3846 = EDGE_CURVE('',#3847,#3849,#3851,.T.);
#3847 = VERTEX_POINT('',#3848);
#3848 = CARTESIAN_POINT('',(40.,161.5,-94.38268590218));
#3849 = VERTEX_POINT('',#3850);
#3850 = CARTESIAN_POINT('',(40.,111.5,-94.38268590218));
#3851 = SURFACE_CURVE('',#3852,(#3856,#3863),.PCURVE_S1.);
#3852 = LINE('',#3853,#3854);
#3853 = CARTESIAN_POINT('',(40.,160.5,-94.38268590218));
#3854 = VECTOR('',#3855,1.);
#3855 = DIRECTION('',(7.3E-16,-1.,1.27E-15));
#3856 = PCURVE('',#505,#3857);
#3857 = DEFINITIONAL_REPRESENTATION('',(#3858),#3862);
#3858 = LINE('',#3859,#3860);
#3859 = CARTESIAN_POINT('',(50.12607359902,13.063144091805));
#3860 = VECTOR('',#3861,1.);
#3861 = DIRECTION('',(-1.,1.27E-15));
#3862 = ( GEOMETRIC_REPRESENTATION_CONTEXT(2) 
PARAMETRIC_REPRESENTATION_CONTEXT() REPRESENTATION_CONTEXT('2D SPACE',''
  ) );
#3863 = PCURVE('',#3864,#3869);
#3864 = PLANE('',#3865);
#3865 = AXIS2_PLACEMENT_3D('',#3866,#3867,#3868);
#3866 = CARTESIAN_POINT('',(39.75,160.5,-95.31569860407));
#3867 = DIRECTION('',(0.965925826289,-3.674938476789E-16,-0.258819045103
    ));
#3868 = DIRECTION('',(-1.142892914326E-17,1.,-1.46254053814E-15));
#3869 = DEFINITIONAL_REPRESENTATION('',(#3870),#3874);
#3870 = LINE('',#3871,#3872);
#3871 = CARTESIAN_POINT('',(-1.367426131403E-15,0.965925826289));
#3872 = VECTOR('',#3873,1.);
#3873 = DIRECTION('',(-1.,-1.972152263053E-31));
#3874 = ( GEOMETRIC_REPRESENTATION_CONTEXT(2) 
PARAMETRIC_REPRESENTATION_CONTEXT() REPRESENTATION_CONTEXT('2D SPACE',''
  ) );
#3875 = ORIENTED_EDGE('',*,*,#3876,.F.);
#3876 = EDGE_CURVE('',#3877,#3847,#3879,.T.);
#3877 = VERTEX_POINT('',#3878);
#3878 = CARTESIAN_POINT('',(40.,161.5,-140.3826859021));
#3879 = SURFACE_CURVE('',#3880,(#3884,#3891),.PCURVE_S1.);
#3880 = LINE('',#3881,#3882);
#3881 = CARTESIAN_POINT('',(40.,161.5,-139.3826859021));
#3882 = VECTOR('',#3883,1.);
#3883 = DIRECTION('',(0.,0.,1.));
#3884 = PCURVE('',#505,#3885);
#3885 = DEFINITIONAL_REPRESENTATION('',(#3886),#3890);
#3886 = LINE('',#3887,#3888);
#3887 = CARTESIAN_POINT('',(51.12607359902,-31.93685590819));
#3888 = VECTOR('',#3889,1.);
#3889 = DIRECTION('',(0.,1.));
#3890 = ( GEOMETRIC_REPRESENTATION_CONTEXT(2) 
PARAMETRIC_REPRESENTATION_CONTEXT() REPRESENTATION_CONTEXT('2D SPACE',''
  ) );
#3891 = PCURVE('',#3892,#3897);
#3892 = PLANE('',#3893);
#3893 = AXIS2_PLACEMENT_3D('',#3894,#3895,#3896);
#3894 = CARTESIAN_POINT('',(39.5,161.,-139.3826859021));
#3895 = DIRECTION('',(0.707106781187,-0.707106781187,0.));
#3896 = DIRECTION('',(-0.,-0.,-1.));
#3897 = DEFINITIONAL_REPRESENTATION('',(#3898),#3902);
#3898 = LINE('',#3899,#3900);
#3899 = CARTESIAN_POINT('',(-0.,0.707106781187));
#3900 = VECTOR('',#3901,1.);
#3901 = DIRECTION('',(-1.,0.));
#3902 = ( GEOMETRIC_REPRESENTATION_CONTEXT(2) 
PARAMETRIC_REPRESENTATION_CONTEXT() REPRESENTATION_CONTEXT('2D SPACE',''
  ) );
#3903 = ORIENTED_EDGE('',*,*,#3904,.F.);
#3904 = EDGE_CURVE('',#3905,#3877,#3907,.T.);
#3905 = VERTEX_POINT('',#3906);
#3906 = CARTESIAN_POINT('',(40.,111.5,-140.3826859021));
#3907 = SURFACE_CURVE('',#3908,(#3912,#3919),.PCURVE_S1.);
#3908 = LINE('',#3909,#3910);
#3909 = CARTESIAN_POINT('',(40.,112.5,-140.3826859021));
#3910 = VECTOR('',#3911,1.);
#3911 = DIRECTION('',(-6.E-16,1.,-1.05E-15));
#3912 = PCURVE('',#505,#3913);
#3913 = DEFINITIONAL_REPRESENTATION('',(#3914),#3918);
#3914 = LINE('',#3915,#3916);
#3915 = CARTESIAN_POINT('',(2.12607359902,-32.93685590819));
#3916 = VECTOR('',#3917,1.);
#3917 = DIRECTION('',(1.,-1.05E-15));
#3918 = ( GEOMETRIC_REPRESENTATION_CONTEXT(2) 
PARAMETRIC_REPRESENTATION_CONTEXT() REPRESENTATION_CONTEXT('2D SPACE',''
  ) );
#3919 = PCURVE('',#3920,#3925);
#3920 = PLANE('',#3921);
#3921 = AXIS2_PLACEMENT_3D('',#3922,#3923,#3924);
#3922 = CARTESIAN_POINT('',(39.75,112.5,-140.315698604));
#3923 = DIRECTION('',(0.258819045103,2.930396618848E-15,0.965925826289)
  );
#3924 = DIRECTION('',(1.055750075797E-15,-1.,2.750882438429E-15));
#3925 = DEFINITIONAL_REPRESENTATION('',(#3926),#3930);
#3926 = LINE('',#3927,#3928);
#3927 = CARTESIAN_POINT('',(7.966333698687E-17,0.258819045103));
#3928 = VECTOR('',#3929,1.);
#3929 = DIRECTION('',(-1.,0.));
#3930 = ( GEOMETRIC_REPRESENTATION_CONTEXT(2) 
PARAMETRIC_REPRESENTATION_CONTEXT() REPRESENTATION_CONTEXT('2D SPACE',''
  ) );
#3931 = ORIENTED_EDGE('',*,*,#3932,.T.);
#3932 = EDGE_CURVE('',#3905,#3849,#3933,.T.);
#3933 = SURFACE_CURVE('',#3934,(#3938,#3945),.PCURVE_S1.);
#3934 = LINE('',#3935,#3936);
#3935 = CARTESIAN_POINT('',(40.,111.5,-139.3826859021));
#3936 = VECTOR('',#3937,1.);
#3937 = DIRECTION('',(0.,8.704E-14,1.));
#3938 = PCURVE('',#505,#3939);
#3939 = DEFINITIONAL_REPRESENTATION('',(#3940),#3944);
#3940 = LINE('',#3941,#3942);
#3941 = CARTESIAN_POINT('',(1.126073599022,-31.93685590819));
#3942 = VECTOR('',#3943,1.);
#3943 = DIRECTION('',(8.704E-14,1.));
#3944 = ( GEOMETRIC_REPRESENTATION_CONTEXT(2) 
PARAMETRIC_REPRESENTATION_CONTEXT() REPRESENTATION_CONTEXT('2D SPACE',''
  ) );
#3945 = PCURVE('',#3946,#3951);
#3946 = PLANE('',#3947);
#3947 = AXIS2_PLACEMENT_3D('',#3948,#3949,#3950);
#3948 = CARTESIAN_POINT('',(39.5,112.,-139.3826859021));
#3949 = DIRECTION('',(0.707106781187,0.707106781187,-2.913901171305E-14)
  );
#3950 = DIRECTION('',(-2.291560722063E-14,6.412439277938E-14,1.));
#3951 = DEFINITIONAL_REPRESENTATION('',(#3952),#3956);
#3952 = LINE('',#3953,#3954);
#3953 = CARTESIAN_POINT('',(-1.50982905696E-14,0.707106781187));
#3954 = VECTOR('',#3955,1.);
#3955 = DIRECTION('',(1.,0.));
#3956 = ( GEOMETRIC_REPRESENTATION_CONTEXT(2) 
PARAMETRIC_REPRESENTATION_CONTEXT() REPRESENTATION_CONTEXT('2D SPACE',''
  ) );
#3957 = ADVANCED_FACE('',(#3958),#479,.T.);
#3958 = FACE_BOUND('',#3959,.F.);
#3959 = EDGE_LOOP('',(#3960,#3979,#3980,#3981));
#3960 = ORIENTED_EDGE('',*,*,#3961,.F.);
#3961 = EDGE_CURVE('',#655,#3639,#3962,.T.);
#3962 = SURFACE_CURVE('',#3963,(#3966,#3972),.PCURVE_S1.);
#3963 = B_SPLINE_CURVE_WITH_KNOTS('',1,(#3964,#3965),.UNSPECIFIED.,.F.,
  .F.,(2,2),(0.,3.96395828232),.PIECEWISE_BEZIER_KNOTS.);
#3964 = CARTESIAN_POINT('',(39.,56.5,-158.3730669589));
#3965 = CARTESIAN_POINT('',(40.,57.5,-158.3730669589));
#3966 = PCURVE('',#479,#3967);
#3967 = DEFINITIONAL_REPRESENTATION('',(#3968),#3971);
#3968 = B_SPLINE_CURVE_WITH_KNOTS('',1,(#3969,#3970),.UNSPECIFIED.,.F.,
  .F.,(2,2),(0.,3.96395828232),.PIECEWISE_BEZIER_KNOTS.);
#3969 = CARTESIAN_POINT('',(1.732050807569,-0.707106781187));
#3970 = CARTESIAN_POINT('',(1.732050807582,0.707106781187));
#3971 = ( GEOMETRIC_REPRESENTATION_CONTEXT(2) 
PARAMETRIC_REPRESENTATION_CONTEXT() REPRESENTATION_CONTEXT('2D SPACE',''
  ) );
#3972 = PCURVE('',#3683,#3973);
#3973 = DEFINITIONAL_REPRESENTATION('',(#3974),#3978);
#3974 = LINE('',#3975,#3976);
#3975 = CARTESIAN_POINT('',(0.,2.191732994193));
#3976 = VECTOR('',#3977,1.);
#3977 = DIRECTION('',(1.,0.));
#3978 = ( GEOMETRIC_REPRESENTATION_CONTEXT(2) 
PARAMETRIC_REPRESENTATION_CONTEXT() REPRESENTATION_CONTEXT('2D SPACE',''
  ) );
#3979 = ORIENTED_EDGE('',*,*,#682,.T.);
#3980 = ORIENTED_EDGE('',*,*,#463,.T.);
#3981 = ORIENTED_EDGE('',*,*,#3638,.F.);
#3982 = ADVANCED_FACE('',(#3983),#537,.T.);
#3983 = FACE_BOUND('',#3984,.T.);
#3984 = EDGE_LOOP('',(#3985,#3986,#3987));
#3985 = ORIENTED_EDGE('',*,*,#706,.F.);
#3986 = ORIENTED_EDGE('',*,*,#521,.T.);
#3987 = ORIENTED_EDGE('',*,*,#3988,.F.);
#3988 = EDGE_CURVE('',#707,#522,#3989,.T.);
#3989 = SURFACE_CURVE('',#3990,(#3994,#4001),.PCURVE_S1.);
#3990 = LINE('',#3991,#3992);
#3991 = CARTESIAN_POINT('',(40.717980636655,35.282019363345,
    -97.76130283404));
#3992 = VECTOR('',#3993,1.);
#3993 = DIRECTION('',(-0.694400836278,0.694400836278,-0.188719254853));
#3994 = PCURVE('',#537,#3995);
#3995 = DEFINITIONAL_REPRESENTATION('',(#3996),#4000);
#3996 = LINE('',#3997,#3998);
#3997 = CARTESIAN_POINT('',(-1.943445173013,1.116553534735));
#3998 = VECTOR('',#3999,1.);
#3999 = DIRECTION('',(1.,-1.942890293094E-16));
#4000 = ( GEOMETRIC_REPRESENTATION_CONTEXT(2) 
PARAMETRIC_REPRESENTATION_CONTEXT() REPRESENTATION_CONTEXT('2D SPACE',''
  ) );
#4001 = PCURVE('',#4002,#4007);
#4002 = PLANE('',#4003);
#4003 = AXIS2_PLACEMENT_3D('',#4004,#4005,#4006);
#4004 = CARTESIAN_POINT('',(39.5,36.5,-78.5));
#4005 = DIRECTION('',(0.707106781187,0.707106781187,-5.045716313948E-16)
  );
#4006 = DIRECTION('',(3.567860221536E-16,3.567860221536E-16,1.));
#4007 = DEFINITIONAL_REPRESENTATION('',(#4008),#4012);
#4008 = LINE('',#4009,#4010);
#4009 = CARTESIAN_POINT('',(-19.26130283404,1.722484735065));
#4010 = VECTOR('',#4011,1.);
#4011 = DIRECTION('',(-0.188719254853,-0.982031080388));
#4012 = ( GEOMETRIC_REPRESENTATION_CONTEXT(2) 
PARAMETRIC_REPRESENTATION_CONTEXT() REPRESENTATION_CONTEXT('2D SPACE',''
  ) );
#4013 = ADVANCED_FACE('',(#4014),#565,.T.);
#4014 = FACE_BOUND('',#4015,.T.);
#4015 = EDGE_LOOP('',(#4016,#4039,#4062,#4083));
#4016 = ORIENTED_EDGE('',*,*,#4017,.F.);
#4017 = EDGE_CURVE('',#4018,#550,#4020,.T.);
#4018 = VERTEX_POINT('',#4019);
#4019 = CARTESIAN_POINT('',(37.,37.,-78.5));
#4020 = SURFACE_CURVE('',#4021,(#4025,#4032),.PCURVE_S1.);
#4021 = LINE('',#4022,#4023);
#4022 = CARTESIAN_POINT('',(37.,37.,-78.5));
#4023 = VECTOR('',#4024,1.);
#4024 = DIRECTION('',(0.,0.,-1.));
#4025 = PCURVE('',#565,#4026);
#4026 = DEFINITIONAL_REPRESENTATION('',(#4027),#4031);
#4027 = LINE('',#4028,#4029);
#4028 = CARTESIAN_POINT('',(15.392575007318,5.47152660782));
#4029 = VECTOR('',#4030,1.);
#4030 = DIRECTION('',(-1.,0.));
#4031 = ( GEOMETRIC_REPRESENTATION_CONTEXT(2) 
PARAMETRIC_REPRESENTATION_CONTEXT() REPRESENTATION_CONTEXT('2D SPACE',''
  ) );
#4032 = PCURVE('',#593,#4033);
#4033 = DEFINITIONAL_REPRESENTATION('',(#4034),#4038);
#4034 = LINE('',#4035,#4036);
#4035 = CARTESIAN_POINT('',(9.277874126338,6.176053138548));
#4036 = VECTOR('',#4037,1.);
#4037 = DIRECTION('',(-1.,0.));
#4038 = ( GEOMETRIC_REPRESENTATION_CONTEXT(2) 
PARAMETRIC_REPRESENTATION_CONTEXT() REPRESENTATION_CONTEXT('2D SPACE',''
  ) );
#4039 = ORIENTED_EDGE('',*,*,#4040,.F.);
#4040 = EDGE_CURVE('',#4041,#4018,#4043,.T.);
#4041 = VERTEX_POINT('',#4042);
#4042 = CARTESIAN_POINT('',(39.,37.,-78.5));
#4043 = SURFACE_CURVE('',#4044,(#4048,#4055),.PCURVE_S1.);
#4044 = LINE('',#4045,#4046);
#4045 = CARTESIAN_POINT('',(40.,37.,-78.5));
#4046 = VECTOR('',#4047,1.);
#4047 = DIRECTION('',(-1.,-0.,-0.));
#4048 = PCURVE('',#565,#4049);
#4049 = DEFINITIONAL_REPRESENTATION('',(#4050),#4054);
#4050 = LINE('',#4051,#4052);
#4051 = CARTESIAN_POINT('',(15.392575007318,8.47152660782));
#4052 = VECTOR('',#4053,1.);
#4053 = DIRECTION('',(0.,-1.));
#4054 = ( GEOMETRIC_REPRESENTATION_CONTEXT(2) 
PARAMETRIC_REPRESENTATION_CONTEXT() REPRESENTATION_CONTEXT('2D SPACE',''
  ) );
#4055 = PCURVE('',#883,#4056);
#4056 = DEFINITIONAL_REPRESENTATION('',(#4057),#4061);
#4057 = LINE('',#4058,#4059);
#4058 = CARTESIAN_POINT('',(-22.97719157218,-20.9711852362));
#4059 = VECTOR('',#4060,1.);
#4060 = DIRECTION('',(0.,1.));
#4061 = ( GEOMETRIC_REPRESENTATION_CONTEXT(2) 
PARAMETRIC_REPRESENTATION_CONTEXT() REPRESENTATION_CONTEXT('2D SPACE',''
  ) );
#4062 = ORIENTED_EDGE('',*,*,#4063,.T.);
#4063 = EDGE_CURVE('',#4041,#522,#4064,.T.);
#4064 = SURFACE_CURVE('',#4065,(#4069,#4076),.PCURVE_S1.);
#4065 = LINE('',#4066,#4067);
#4066 = CARTESIAN_POINT('',(39.,37.,-78.5));
#4067 = VECTOR('',#4068,1.);
#4068 = DIRECTION('',(0.,0.,-1.));
#4069 = PCURVE('',#565,#4070);
#4070 = DEFINITIONAL_REPRESENTATION('',(#4071),#4075);
#4071 = LINE('',#4072,#4073);
#4072 = CARTESIAN_POINT('',(15.392575007318,7.47152660782));
#4073 = VECTOR('',#4074,1.);
#4074 = DIRECTION('',(-1.,0.));
#4075 = ( GEOMETRIC_REPRESENTATION_CONTEXT(2) 
PARAMETRIC_REPRESENTATION_CONTEXT() REPRESENTATION_CONTEXT('2D SPACE',''
  ) );
#4076 = PCURVE('',#4002,#4077);
#4077 = DEFINITIONAL_REPRESENTATION('',(#4078),#4082);
#4078 = LINE('',#4079,#4080);
#4079 = CARTESIAN_POINT('',(-0.,-0.707106781187));
#4080 = VECTOR('',#4081,1.);
#4081 = DIRECTION('',(-1.,0.));
#4082 = ( GEOMETRIC_REPRESENTATION_CONTEXT(2) 
PARAMETRIC_REPRESENTATION_CONTEXT() REPRESENTATION_CONTEXT('2D SPACE',''
  ) );
#4083 = ORIENTED_EDGE('',*,*,#549,.F.);
#4084 = ADVANCED_FACE('',(#4085),#593,.F.);
#4085 = FACE_BOUND('',#4086,.F.);
#4086 = EDGE_LOOP('',(#4087,#4088,#4109,#4110));
#4087 = ORIENTED_EDGE('',*,*,#4017,.F.);
#4088 = ORIENTED_EDGE('',*,*,#4089,.F.);
#4089 = EDGE_CURVE('',#2314,#4018,#4090,.T.);
#4090 = SURFACE_CURVE('',#4091,(#4095,#4102),.PCURVE_S1.);
#4091 = LINE('',#4092,#4093);
#4092 = CARTESIAN_POINT('',(37.,26.5,-78.5));
#4093 = VECTOR('',#4094,1.);
#4094 = DIRECTION('',(0.,1.,0.));
#4095 = PCURVE('',#593,#4096);
#4096 = DEFINITIONAL_REPRESENTATION('',(#4097),#4101);
#4097 = LINE('',#4098,#4099);
#4098 = CARTESIAN_POINT('',(9.277874126338,16.676053138548));
#4099 = VECTOR('',#4100,1.);
#4100 = DIRECTION('',(0.,-1.));
#4101 = ( GEOMETRIC_REPRESENTATION_CONTEXT(2) 
PARAMETRIC_REPRESENTATION_CONTEXT() REPRESENTATION_CONTEXT('2D SPACE',''
  ) );
#4102 = PCURVE('',#883,#4103);
#4103 = DEFINITIONAL_REPRESENTATION('',(#4104),#4108);
#4104 = LINE('',#4105,#4106);
#4105 = CARTESIAN_POINT('',(-33.47719157218,-17.9711852362));
#4106 = VECTOR('',#4107,1.);
#4107 = DIRECTION('',(1.,-2.617419600113E-30));
#4108 = ( GEOMETRIC_REPRESENTATION_CONTEXT(2) 
PARAMETRIC_REPRESENTATION_CONTEXT() REPRESENTATION_CONTEXT('2D SPACE',''
  ) );
#4109 = ORIENTED_EDGE('',*,*,#2336,.T.);
#4110 = ORIENTED_EDGE('',*,*,#577,.T.);
#4111 = ADVANCED_FACE('',(#4112),#670,.T.);
#4112 = FACE_BOUND('',#4113,.F.);
#4113 = EDGE_LOOP('',(#4114,#4144,#4203,#4204,#4205,#4234,#4256,#4257,
    #4258,#4279,#4280,#4317,#4345,#4377,#4406));
#4114 = ORIENTED_EDGE('',*,*,#4115,.T.);
#4115 = EDGE_CURVE('',#4116,#4118,#4120,.T.);
#4116 = VERTEX_POINT('',#4117);
#4117 = CARTESIAN_POINT('',(49.674981495185,101.33881667391,
    -184.6251263902));
#4118 = VERTEX_POINT('',#4119);
#4119 = CARTESIAN_POINT('',(32.089533208368,101.33881667391,
    -215.0840162968));
#4120 = SURFACE_CURVE('',#4121,(#4125,#4132),.PCURVE_S1.);
#4121 = LINE('',#4122,#4123);
#4122 = CARTESIAN_POINT('',(50.174981495185,101.33881667391,
    -183.7591009864));
#4123 = VECTOR('',#4124,1.);
#4124 = DIRECTION('',(-0.5,-0.,-0.866025403784));
#4125 = PCURVE('',#670,#4126);
#4126 = DEFINITIONAL_REPRESENTATION('',(#4127),#4131);
#4127 = LINE('',#4128,#4129);
#4128 = CARTESIAN_POINT('',(0.645235124444,-15.));
#4129 = VECTOR('',#4130,1.);
#4130 = DIRECTION('',(-0.,-1.));
#4131 = ( GEOMETRIC_REPRESENTATION_CONTEXT(2) 
PARAMETRIC_REPRESENTATION_CONTEXT() REPRESENTATION_CONTEXT('2D SPACE',''
  ) );
#4132 = PCURVE('',#4133,#4138);
#4133 = PLANE('',#4134);
#4134 = AXIS2_PLACEMENT_3D('',#4135,#4136,#4137);
#4135 = CARTESIAN_POINT('',(50.174981495185,101.33881667391,
    -183.7591009864));
#4136 = DIRECTION('',(0.866025403784,0.,-0.5));
#4137 = DIRECTION('',(0.,1.,0.));
#4138 = DEFINITIONAL_REPRESENTATION('',(#4139),#4143);
#4139 = LINE('',#4140,#4141);
#4140 = CARTESIAN_POINT('',(0.,3.171934974331E-14));
#4141 = VECTOR('',#4142,1.);
#4142 = DIRECTION('',(-0.,-1.));
#4143 = ( GEOMETRIC_REPRESENTATION_CONTEXT(2) 
PARAMETRIC_REPRESENTATION_CONTEXT() REPRESENTATION_CONTEXT('2D SPACE',''
  ) );
#4144 = ORIENTED_EDGE('',*,*,#4145,.F.);
#4145 = EDGE_CURVE('',#1143,#4118,#4146,.T.);
#4146 = SURFACE_CURVE('',#4147,(#4180,#4196),.PCURVE_S1.);
#4147 = B_SPLINE_CURVE_WITH_KNOTS('',11,(#4148,#4149,#4150,#4151,#4152,
    #4153,#4154,#4155,#4156,#4157,#4158,#4159,#4160,#4161,#4162,#4163,
    #4164,#4165,#4166,#4167,#4168,#4169,#4170,#4171,#4172,#4173,#4174,
    #4175,#4176,#4177,#4178,#4179),.UNSPECIFIED.,.F.,.F.,(12,10,10,12),(
    -2.434810473085,-6.498798705447E-03,61.609270660472,63.592471326249)
  ,.UNSPECIFIED.);
#4148 = CARTESIAN_POINT('',(7.359071646816,56.420195223214,
    -214.9993807385));
#4149 = CARTESIAN_POINT('',(7.599156102347,56.444124851636,
    -214.9996093576));
#4150 = CARTESIAN_POINT('',(7.839240557879,56.468054480058,
    -214.9998379768));
#4151 = CARTESIAN_POINT('',(8.07932501341,56.49198410848,-215.0000665959
    ));
#4152 = CARTESIAN_POINT('',(8.319409468941,56.515913736902,
    -215.000295215));
#4153 = CARTESIAN_POINT('',(8.559493924472,56.539843365324,
    -215.0005238342));
#4154 = CARTESIAN_POINT('',(8.799578380003,56.563772993746,
    -215.0007524533));
#4155 = CARTESIAN_POINT('',(9.039662835535,56.587702622168,
    -215.0009810725));
#4156 = CARTESIAN_POINT('',(9.279747291066,56.61163225059,
    -215.0012096916));
#4157 = CARTESIAN_POINT('',(9.519831746597,56.635561879012,
    -215.0014383108));
#4158 = CARTESIAN_POINT('',(9.759916202128,56.659491507434,
    -215.0016669299));
#4159 = CARTESIAN_POINT('',(16.091882774285,57.290609448482,
    -215.0076965114));
#4160 = CARTESIAN_POINT('',(22.050131552317,59.001460089566,
    -215.0231632769));
#4161 = CARTESIAN_POINT('',(27.575744520119,61.797578881077,
    -215.0472763644));
#4162 = CARTESIAN_POINT('',(32.385651079513,65.59054786505,
    -215.0777936381));
#4163 = CARTESIAN_POINT('',(36.199880167939,70.237069560709,
    -215.1085611465));
#4164 = CARTESIAN_POINT('',(38.834933088075,75.507902434786,
    -215.1364666309));
#4165 = CARTESIAN_POINT('',(40.093155372365,81.188743654501,
    -215.1496662897));
#4166 = CARTESIAN_POINT('',(39.921511610039,86.902901963652,
    -215.1461486255));
#4167 = CARTESIAN_POINT('',(38.391939379452,92.374681451785,
    -215.1305151323));
#4168 = CARTESIAN_POINT('',(35.638634171419,97.341364517605,
    -215.1075465082));
#4169 = CARTESIAN_POINT('',(31.739276575274,101.7367825236,
    -215.0816855212));
#4170 = CARTESIAN_POINT('',(31.616621946695,101.87311027201,
    -215.0808770063));
#4171 = CARTESIAN_POINT('',(31.492913801575,102.00869580306,
    -215.0800664757));
#4172 = CARTESIAN_POINT('',(31.368160223936,102.14353120924,
    -215.0792535886));
#4173 = CARTESIAN_POINT('',(31.242369569184,102.27760873865,
    -215.0784375879));
#4174 = CARTESIAN_POINT('',(31.115550463177,102.41092079336,
    -215.0776172952));
#4175 = CARTESIAN_POINT('',(30.987711803447,102.54345993152,
    -215.0767911174));
#4176 = CARTESIAN_POINT('',(30.858862757922,102.67521886517,
    -215.0759570394));
#4177 = CARTESIAN_POINT('',(30.729012766005,102.80619046209,
    -215.0751126307));
#4178 = CARTESIAN_POINT('',(30.598171537837,102.93636774452,
    -215.0742550407));
#4179 = CARTESIAN_POINT('',(30.466349054699,103.06574388988,
    -215.0733810014));
#4180 = PCURVE('',#670,#4181);
#4181 = DEFINITIONAL_REPRESENTATION('',(#4182),#4195);
#4182 = B_SPLINE_CURVE_WITH_KNOTS('',11,(#4183,#4184,#4185,#4186,#4187,
    #4188,#4189,#4190,#4191,#4192,#4193,#4194),.UNSPECIFIED.,.F.,.F.,(12
    ,12),(-6.498798705447E-03,61.267646022617),
  .PIECEWISE_BEZIER_KNOTS.);
#4183 = CARTESIAN_POINT('',(-1.456271923832,-62.14454419526));
#4184 = CARTESIAN_POINT('',(-1.267558632314,-59.12048708636));
#4185 = CARTESIAN_POINT('',(-1.078285976632,-56.17077167861));
#4186 = CARTESIAN_POINT('',(-0.888507190536,-53.44167464657));
#4187 = CARTESIAN_POINT('',(-0.69811612715,-51.0700855461));
#4188 = CARTESIAN_POINT('',(-0.507000916449,-49.18952872435));
#4189 = CARTESIAN_POINT('',(-0.315262987177,-47.88666561369));
#4190 = CARTESIAN_POINT('',(-0.122407122828,-47.25049982083));
#4191 = CARTESIAN_POINT('',(7.024974612627E-02,-47.30559132659));
#4192 = CARTESIAN_POINT('',(0.262523862527,-48.02322602569));
#4193 = CARTESIAN_POINT('',(0.45420405995,-49.34233758553));
#4194 = CARTESIAN_POINT('',(0.645235124444,-51.17089646625));
#4195 = ( GEOMETRIC_REPRESENTATION_CONTEXT(2) 
PARAMETRIC_REPRESENTATION_CONTEXT() REPRESENTATION_CONTEXT('2D SPACE',''
  ) );
#4196 = PCURVE('',#1162,#4197);
#4197 = DEFINITIONAL_REPRESENTATION('',(#4198),#4202);
#4198 = LINE('',#4199,#4200);
#4199 = CARTESIAN_POINT('',(0.,0.));
#4200 = VECTOR('',#4201,1.);
#4201 = DIRECTION('',(0.,1.));
#4202 = ( GEOMETRIC_REPRESENTATION_CONTEXT(2) 
PARAMETRIC_REPRESENTATION_CONTEXT() REPRESENTATION_CONTEXT('2D SPACE',''
  ) );
#4203 = ORIENTED_EDGE('',*,*,#1236,.F.);
#4204 = ORIENTED_EDGE('',*,*,#654,.F.);
#4205 = ORIENTED_EDGE('',*,*,#4206,.F.);
#4206 = EDGE_CURVE('',#4207,#655,#4209,.T.);
#4207 = VERTEX_POINT('',#4208);
#4208 = CARTESIAN_POINT('',(39.001147020108,56.5342995162,-161.142077107
    ));
#4209 = SURFACE_CURVE('',#4210,(#4217,#4227),.PCURVE_S1.);
#4210 = B_SPLINE_CURVE_WITH_KNOTS('',5,(#4211,#4212,#4213,#4214,#4215,
    #4216),.UNSPECIFIED.,.F.,.F.,(6,6),(-1.772225288126,2.191732994193),
  .PIECEWISE_BEZIER_KNOTS.);
#4211 = CARTESIAN_POINT('',(39.001840897404,56.570245267949,
    -162.3341188917));
#4212 = CARTESIAN_POINT('',(39.001886867693,56.542244586398,
    -161.5449325779));
#4213 = CARTESIAN_POINT('',(39.000606658896,56.52107282935,
    -160.7534148169));
#4214 = CARTESIAN_POINT('',(38.999821194114,56.507011272194,
    -159.9590024962));
#4215 = CARTESIAN_POINT('',(39.,56.5,-159.1662724576));
#4216 = CARTESIAN_POINT('',(39.,56.5,-158.3730669589));
#4217 = PCURVE('',#670,#4218);
#4218 = DEFINITIONAL_REPRESENTATION('',(#4219),#4226);
#4219 = B_SPLINE_CURVE_WITH_KNOTS('',5,(#4220,#4221,#4222,#4223,#4224,
    #4225),.UNSPECIFIED.,.F.,.F.,(6,6),(-0.576839037187,2.191732994193),
  .PIECEWISE_BEZIER_KNOTS.);
#4220 = CARTESIAN_POINT('',(-1.521294024912,-0.999999999997));
#4221 = CARTESIAN_POINT('',(-1.531197397415,-0.52129288934));
#4222 = CARTESIAN_POINT('',(-1.541110910199,-4.185377847861E-02));
#4223 = CARTESIAN_POINT('',(-1.551017325346,0.438054792352));
#4224 = CARTESIAN_POINT('',(-1.560903408068,0.917678561197));
#4225 = CARTESIAN_POINT('',(-1.570796326795,1.397459621556));
#4226 = ( GEOMETRIC_REPRESENTATION_CONTEXT(2) 
PARAMETRIC_REPRESENTATION_CONTEXT() REPRESENTATION_CONTEXT('2D SPACE',''
  ) );
#4227 = PCURVE('',#3683,#4228);
#4228 = DEFINITIONAL_REPRESENTATION('',(#4229),#4233);
#4229 = LINE('',#4230,#4231);
#4230 = CARTESIAN_POINT('',(0.,0.));
#4231 = VECTOR('',#4232,1.);
#4232 = DIRECTION('',(0.,1.));
#4233 = ( GEOMETRIC_REPRESENTATION_CONTEXT(2) 
PARAMETRIC_REPRESENTATION_CONTEXT() REPRESENTATION_CONTEXT('2D SPACE',''
  ) );
#4234 = ORIENTED_EDGE('',*,*,#4235,.F.);
#4235 = EDGE_CURVE('',#2750,#4207,#4236,.T.);
#4236 = SURFACE_CURVE('',#4237,(#4242,#4249),.PCURVE_S1.);
#4237 = CIRCLE('',#4238,28.);
#4238 = AXIS2_PLACEMENT_3D('',#4239,#4240,#4241);
#4239 = CARTESIAN_POINT('',(37.801270189222,84.5,-160.4493278957));
#4240 = DIRECTION('',(-0.5,3.469446951954E-18,-0.866025403784));
#4241 = DIRECTION('',(6.06689218135E-02,0.997543169944,
    -3.502721834047E-02));
#4242 = PCURVE('',#670,#4243);
#4243 = DEFINITIONAL_REPRESENTATION('',(#4244),#4248);
#4244 = LINE('',#4245,#4246);
#4245 = CARTESIAN_POINT('',(1.500684463059,-1.));
#4246 = VECTOR('',#4247,1.);
#4247 = DIRECTION('',(-1.,0.));
#4248 = ( GEOMETRIC_REPRESENTATION_CONTEXT(2) 
PARAMETRIC_REPRESENTATION_CONTEXT() REPRESENTATION_CONTEXT('2D SPACE',''
  ) );
#4249 = PCURVE('',#2766,#4250);
#4250 = DEFINITIONAL_REPRESENTATION('',(#4251),#4255);
#4251 = LINE('',#4252,#4253);
#4252 = CARTESIAN_POINT('',(0.,-0.));
#4253 = VECTOR('',#4254,1.);
#4254 = DIRECTION('',(1.,-0.));
#4255 = ( GEOMETRIC_REPRESENTATION_CONTEXT(2) 
PARAMETRIC_REPRESENTATION_CONTEXT() REPRESENTATION_CONTEXT('2D SPACE',''
  ) );
#4256 = ORIENTED_EDGE('',*,*,#2781,.F.);
#4257 = ORIENTED_EDGE('',*,*,#2812,.T.);
#4258 = ORIENTED_EDGE('',*,*,#4259,.F.);
#4259 = EDGE_CURVE('',#1701,#2813,#4260,.T.);
#4260 = SURFACE_CURVE('',#4261,(#4265,#4272),.PCURVE_S1.);
#4261 = LINE('',#4262,#4263);
#4262 = CARTESIAN_POINT('',(39.20402838805,112.48058916783,
    -160.104510181));
#4263 = VECTOR('',#4264,1.);
#4264 = DIRECTION('',(0.5,0.,0.866025403784));
#4265 = PCURVE('',#670,#4266);
#4266 = DEFINITIONAL_REPRESENTATION('',(#4267),#4271);
#4267 = LINE('',#4268,#4269);
#4268 = CARTESIAN_POINT('',(1.533558600803,1.E-15));
#4269 = VECTOR('',#4270,1.);
#4270 = DIRECTION('',(-0.,1.));
#4271 = ( GEOMETRIC_REPRESENTATION_CONTEXT(2) 
PARAMETRIC_REPRESENTATION_CONTEXT() REPRESENTATION_CONTEXT('2D SPACE',''
  ) );
#4272 = PCURVE('',#1818,#4273);
#4273 = DEFINITIONAL_REPRESENTATION('',(#4274),#4278);
#4274 = LINE('',#4275,#4276);
#4275 = CARTESIAN_POINT('',(4.597595667724,15.));
#4276 = VECTOR('',#4277,1.);
#4277 = DIRECTION('',(-4.E-17,1.));
#4278 = ( GEOMETRIC_REPRESENTATION_CONTEXT(2) 
PARAMETRIC_REPRESENTATION_CONTEXT() REPRESENTATION_CONTEXT('2D SPACE',''
  ) );
#4279 = ORIENTED_EDGE('',*,*,#1698,.F.);
#4280 = ORIENTED_EDGE('',*,*,#4281,.F.);
#4281 = EDGE_CURVE('',#4282,#1699,#4284,.T.);
#4282 = VERTEX_POINT('',#4283);
#4283 = CARTESIAN_POINT('',(29.828638963225,104.7180799343,-213.));
#4284 = SURFACE_CURVE('',#4285,(#4290,#4310),.PCURVE_S1.);
#4285 = ELLIPSE('',#4286,32.331615074619,28.);
#4286 = AXIS2_PLACEMENT_3D('',#4287,#4288,#4289);
#4287 = CARTESIAN_POINT('',(7.461125503744,84.5,-213.));
#4288 = DIRECTION('',(0.,0.,1.));
#4289 = DIRECTION('',(1.,0.,0.));
#4290 = PCURVE('',#670,#4291);
#4291 = DEFINITIONAL_REPRESENTATION('',(#4292),#4309);
#4292 = B_SPLINE_CURVE_WITH_KNOTS('',8,(#4293,#4294,#4295,#4296,#4297,
    #4298,#4299,#4300,#4301,#4302,#4303,#4304,#4305,#4306,#4307,#4308),
  .UNSPECIFIED.,.F.,.F.,(9,7,9),(4.712388980385,6.283185307179,
    7.853981633974),.UNSPECIFIED.);
#4293 = CARTESIAN_POINT('',(-1.570796326795,-61.68028937095));
#4294 = CARTESIAN_POINT('',(-1.374446785946,-58.50614048354));
#4295 = CARTESIAN_POINT('',(-1.178097245096,-55.33199084247));
#4296 = CARTESIAN_POINT('',(-0.981747704247,-52.34432113982));
#4297 = CARTESIAN_POINT('',(-0.785398163393,-49.72957468894));
#4298 = CARTESIAN_POINT('',(-0.589048622548,-47.65130985621));
#4299 = CARTESIAN_POINT('',(-0.392699081698,-46.22675985816));
#4300 = CARTESIAN_POINT('',(-0.196349540849,-45.51448183364));
#4301 = CARTESIAN_POINT('',(0.196349540849,-45.51448183364));
#4302 = CARTESIAN_POINT('',(0.392699081698,-46.22675985818));
#4303 = CARTESIAN_POINT('',(0.589048622546,-47.65130985635));
#4304 = CARTESIAN_POINT('',(0.785398163397,-49.72957468882));
#4305 = CARTESIAN_POINT('',(0.981747704246,-52.34432113979));
#4306 = CARTESIAN_POINT('',(1.178097245096,-55.33199084251));
#4307 = CARTESIAN_POINT('',(1.374446785945,-58.50614048354));
#4308 = CARTESIAN_POINT('',(1.570796326795,-61.68028937095));
#4309 = ( GEOMETRIC_REPRESENTATION_CONTEXT(2) 
PARAMETRIC_REPRESENTATION_CONTEXT() REPRESENTATION_CONTEXT('2D SPACE',''
  ) );
#4310 = PCURVE('',#1761,#4311);
#4311 = DEFINITIONAL_REPRESENTATION('',(#4312),#4316);
#4312 = ELLIPSE('',#4313,32.331615074619,28.);
#4313 = AXIS2_PLACEMENT_2D('',#4314,#4315);
#4314 = CARTESIAN_POINT('',(-13.60525339815,-26.677668809));
#4315 = DIRECTION('',(1.,0.));
#4316 = ( GEOMETRIC_REPRESENTATION_CONTEXT(2) 
PARAMETRIC_REPRESENTATION_CONTEXT() REPRESENTATION_CONTEXT('2D SPACE',''
  ) );
#4317 = ORIENTED_EDGE('',*,*,#4318,.F.);
#4318 = EDGE_CURVE('',#4319,#4282,#4321,.T.);
#4319 = VERTEX_POINT('',#4320);
#4320 = CARTESIAN_POINT('',(47.076905283833,104.7180799343,
    -183.1251263902));
#4321 = SURFACE_CURVE('',#4322,(#4326,#4333),.PCURVE_S1.);
#4322 = LINE('',#4323,#4324);
#4323 = CARTESIAN_POINT('',(47.576905283833,104.7180799343,
    -182.2591009864));
#4324 = VECTOR('',#4325,1.);
#4325 = DIRECTION('',(-0.5,-0.,-0.866025403784));
#4326 = PCURVE('',#670,#4327);
#4327 = DEFINITIONAL_REPRESENTATION('',(#4328),#4332);
#4328 = LINE('',#4329,#4330);
#4329 = CARTESIAN_POINT('',(0.80679596505,-15.));
#4330 = VECTOR('',#4331,1.);
#4331 = DIRECTION('',(-0.,-1.));
#4332 = ( GEOMETRIC_REPRESENTATION_CONTEXT(2) 
PARAMETRIC_REPRESENTATION_CONTEXT() REPRESENTATION_CONTEXT('2D SPACE',''
  ) );
#4333 = PCURVE('',#4334,#4339);
#4334 = PLANE('',#4335);
#4335 = AXIS2_PLACEMENT_3D('',#4336,#4337,#4338);
#4336 = CARTESIAN_POINT('',(47.576905283833,130.5333704529,
    -182.2591009864));
#4337 = DIRECTION('',(-0.866025403784,0.,0.5));
#4338 = DIRECTION('',(0.,-1.,0.));
#4339 = DEFINITIONAL_REPRESENTATION('',(#4340),#4344);
#4340 = LINE('',#4341,#4342);
#4341 = CARTESIAN_POINT('',(25.815290518599,0.));
#4342 = VECTOR('',#4343,1.);
#4343 = DIRECTION('',(0.,-1.));
#4344 = ( GEOMETRIC_REPRESENTATION_CONTEXT(2) 
PARAMETRIC_REPRESENTATION_CONTEXT() REPRESENTATION_CONTEXT('2D SPACE',''
  ) );
#4345 = ORIENTED_EDGE('',*,*,#4346,.F.);
#4346 = EDGE_CURVE('',#4347,#4319,#4349,.T.);
#4347 = VERTEX_POINT('',#4348);
#4348 = CARTESIAN_POINT('',(48.442930687617,103.71012978819,
    -182.7591009864));
#4349 = SURFACE_CURVE('',#4350,(#4355,#4365),.PCURVE_S1.);
#4350 = ELLIPSE('',#4351,39.597979746447,28.);
#4351 = AXIS2_PLACEMENT_3D('',#4352,#4353,#4354);
#4352 = CARTESIAN_POINT('',(20.615852751521,84.5,-190.2153440471));
#4353 = DIRECTION('',(-0.258819045103,0.,0.965925826289));
#4354 = DIRECTION('',(0.965925826289,0.,0.258819045103));
#4355 = PCURVE('',#670,#4356);
#4356 = DEFINITIONAL_REPRESENTATION('',(#4357),#4364);
#4357 = B_SPLINE_CURVE_WITH_KNOTS('',5,(#4358,#4359,#4360,#4361,#4362,
    #4363),.UNSPECIFIED.,.F.,.F.,(6,6),(0.756081734296,0.80679596505),
  .PIECEWISE_BEZIER_KNOTS.);
#4358 = CARTESIAN_POINT('',(0.756081734296,-15.));
#4359 = CARTESIAN_POINT('',(0.766224580447,-15.19484539097));
#4360 = CARTESIAN_POINT('',(0.776367426598,-15.39231040327));
#4361 = CARTESIAN_POINT('',(0.786510272749,-15.59235327617));
#4362 = CARTESIAN_POINT('',(0.796653118899,-15.79493112576));
#4363 = CARTESIAN_POINT('',(0.80679596505,-16.));
#4364 = ( GEOMETRIC_REPRESENTATION_CONTEXT(2) 
PARAMETRIC_REPRESENTATION_CONTEXT() REPRESENTATION_CONTEXT('2D SPACE',''
  ) );
#4365 = PCURVE('',#4366,#4371);
#4366 = PLANE('',#4367);
#4367 = AXIS2_PLACEMENT_3D('',#4368,#4369,#4370);
#4368 = CARTESIAN_POINT('',(47.759917985725,130.5333704529,
    -182.9421136883));
#4369 = DIRECTION('',(-0.258819045103,0.,0.965925826289));
#4370 = DIRECTION('',(0.,1.,0.));
#4371 = DEFINITIONAL_REPRESENTATION('',(#4372),#4376);
#4372 = ELLIPSE('',#4373,39.597979746447,28.);
#4373 = AXIS2_PLACEMENT_2D('',#4374,#4375);
#4374 = CARTESIAN_POINT('',(-46.0333704529,28.101604176468));
#4375 = DIRECTION('',(-0.,-1.));
#4376 = ( GEOMETRIC_REPRESENTATION_CONTEXT(2) 
PARAMETRIC_REPRESENTATION_CONTEXT() REPRESENTATION_CONTEXT('2D SPACE',''
  ) );
#4377 = ORIENTED_EDGE('',*,*,#4378,.F.);
#4378 = EDGE_CURVE('',#4379,#4347,#4381,.T.);
#4379 = VERTEX_POINT('',#4380);
#4380 = CARTESIAN_POINT('',(49.3089560914,102.59108666521,
    -183.2591009864));
#4381 = SURFACE_CURVE('',#4382,(#4387,#4394),.PCURVE_S1.);
#4382 = CIRCLE('',#4383,28.);
#4383 = AXIS2_PLACEMENT_3D('',#4384,#4385,#4386);
#4384 = CARTESIAN_POINT('',(30.801270189222,84.5,-172.5736835487));
#4385 = DIRECTION('',(0.5,-0.,0.866025403784));
#4386 = DIRECTION('',(0.866025403784,0.,-0.5));
#4387 = PCURVE('',#670,#4388);
#4388 = DEFINITIONAL_REPRESENTATION('',(#4389),#4393);
#4389 = LINE('',#4390,#4391);
#4390 = CARTESIAN_POINT('',(-1.1E-16,-15.));
#4391 = VECTOR('',#4392,1.);
#4392 = DIRECTION('',(1.,-0.));
#4393 = ( GEOMETRIC_REPRESENTATION_CONTEXT(2) 
PARAMETRIC_REPRESENTATION_CONTEXT() REPRESENTATION_CONTEXT('2D SPACE',''
  ) );
#4394 = PCURVE('',#4395,#4400);
#4395 = PLANE('',#4396);
#4396 = AXIS2_PLACEMENT_3D('',#4397,#4398,#4399);
#4397 = CARTESIAN_POINT('',(39.682512627827,118.47006300194,
    -177.7012712614));
#4398 = DIRECTION('',(0.5,0.,0.866025403784));
#4399 = DIRECTION('',(0.866025403784,0.,-0.5));
#4400 = DEFINITIONAL_REPRESENTATION('',(#4401),#4405);
#4401 = CIRCLE('',#4402,28.);
#4402 = AXIS2_PLACEMENT_2D('',#4403,#4404);
#4403 = CARTESIAN_POINT('',(-10.25517542533,-33.97006300194));
#4404 = DIRECTION('',(1.,0.));
#4405 = ( GEOMETRIC_REPRESENTATION_CONTEXT(2) 
PARAMETRIC_REPRESENTATION_CONTEXT() REPRESENTATION_CONTEXT('2D SPACE',''
  ) );
#4406 = ORIENTED_EDGE('',*,*,#4407,.F.);
#4407 = EDGE_CURVE('',#4116,#4379,#4408,.T.);
#4408 = SURFACE_CURVE('',#4409,(#4414,#4424),.PCURVE_S1.);
#4409 = ELLIPSE('',#4410,39.597979746447,28.);
#4410 = AXIS2_PLACEMENT_3D('',#4411,#4412,#4413);
#4411 = CARTESIAN_POINT('',(41.486687626922,84.5,-154.0659976465));
#4412 = DIRECTION('',(0.965925826289,0.,0.258819045103));
#4413 = DIRECTION('',(-0.258819045103,0.,0.965925826289));
#4414 = PCURVE('',#670,#4415);
#4415 = DEFINITIONAL_REPRESENTATION('',(#4416),#4423);
#4416 = B_SPLINE_CURVE_WITH_KNOTS('',5,(#4417,#4418,#4419,#4420,#4421,
    #4422),.UNSPECIFIED.,.F.,.F.,(6,6),(3.786827778034,3.84406967318),
  .PIECEWISE_BEZIER_KNOTS.);
#4417 = CARTESIAN_POINT('',(0.645235124444,-16.));
#4418 = CARTESIAN_POINT('',(0.656683503473,-15.80722284431));
#4419 = CARTESIAN_POINT('',(0.668131882503,-15.61078063611));
#4420 = CARTESIAN_POINT('',(0.679580261532,-15.4107260136));
#4421 = CARTESIAN_POINT('',(0.691028640561,-15.20711361719));
#4422 = CARTESIAN_POINT('',(0.702477019591,-15.));
#4423 = ( GEOMETRIC_REPRESENTATION_CONTEXT(2) 
PARAMETRIC_REPRESENTATION_CONTEXT() REPRESENTATION_CONTEXT('2D SPACE',''
  ) );
#4424 = PCURVE('',#4425,#4430);
#4425 = PLANE('',#4426);
#4426 = AXIS2_PLACEMENT_3D('',#4427,#4428,#4429);
#4427 = CARTESIAN_POINT('',(49.491968793293,101.33881667391,
    -183.9421136883));
#4428 = DIRECTION('',(0.965925826289,0.,0.258819045103));
#4429 = DIRECTION('',(0.,1.,0.));
#4430 = DEFINITIONAL_REPRESENTATION('',(#4431),#4435);
#4431 = ELLIPSE('',#4432,39.597979746447,28.);
#4432 = AXIS2_PLACEMENT_2D('',#4433,#4434);
#4433 = CARTESIAN_POINT('',(-16.83881667391,30.930031301212));
#4434 = DIRECTION('',(0.,1.));
#4435 = ( GEOMETRIC_REPRESENTATION_CONTEXT(2) 
PARAMETRIC_REPRESENTATION_CONTEXT() REPRESENTATION_CONTEXT('2D SPACE',''
  ) );
#4436 = ADVANCED_FACE('',(#4437),#772,.T.);
#4437 = FACE_BOUND('',#4438,.T.);
#4438 = EDGE_LOOP('',(#4439,#4462,#4490,#4518,#4539));
#4439 = ORIENTED_EDGE('',*,*,#4440,.F.);
#4440 = EDGE_CURVE('',#4441,#707,#4443,.T.);
#4441 = VERTEX_POINT('',#4442);
#4442 = CARTESIAN_POINT('',(40.,36.,-79.5));
#4443 = SURFACE_CURVE('',#4444,(#4448,#4455),.PCURVE_S1.);
#4444 = LINE('',#4445,#4446);
#4445 = CARTESIAN_POINT('',(40.,36.,-78.5));
#4446 = VECTOR('',#4447,1.);
#4447 = DIRECTION('',(0.,0.,-1.));
#4448 = PCURVE('',#772,#4449);
#4449 = DEFINITIONAL_REPRESENTATION('',(#4450),#4454);
#4450 = LINE('',#4451,#4452);
#4451 = CARTESIAN_POINT('',(2.662946303041,8.824296950291));
#4452 = VECTOR('',#4453,1.);
#4453 = DIRECTION('',(0.,-1.));
#4454 = ( GEOMETRIC_REPRESENTATION_CONTEXT(2) 
PARAMETRIC_REPRESENTATION_CONTEXT() REPRESENTATION_CONTEXT('2D SPACE',''
  ) );
#4455 = PCURVE('',#4002,#4456);
#4456 = DEFINITIONAL_REPRESENTATION('',(#4457),#4461);
#4457 = LINE('',#4458,#4459);
#4458 = CARTESIAN_POINT('',(-0.,0.707106781187));
#4459 = VECTOR('',#4460,1.);
#4460 = DIRECTION('',(-1.,0.));
#4461 = ( GEOMETRIC_REPRESENTATION_CONTEXT(2) 
PARAMETRIC_REPRESENTATION_CONTEXT() REPRESENTATION_CONTEXT('2D SPACE',''
  ) );
#4462 = ORIENTED_EDGE('',*,*,#4463,.F.);
#4463 = EDGE_CURVE('',#4464,#4441,#4466,.T.);
#4464 = VERTEX_POINT('',#4465);
#4465 = CARTESIAN_POINT('',(40.,27.943000468165,-79.5));
#4466 = SURFACE_CURVE('',#4467,(#4471,#4478),.PCURVE_S1.);
#4467 = LINE('',#4468,#4469);
#4468 = CARTESIAN_POINT('',(40.,26.5,-79.5));
#4469 = VECTOR('',#4470,1.);
#4470 = DIRECTION('',(0.,1.,0.));
#4471 = PCURVE('',#772,#4472);
#4472 = DEFINITIONAL_REPRESENTATION('',(#4473),#4477);
#4473 = LINE('',#4474,#4475);
#4474 = CARTESIAN_POINT('',(-6.837053696959,7.824296950291));
#4475 = VECTOR('',#4476,1.);
#4476 = DIRECTION('',(1.,-6.387022001127E-31));
#4477 = ( GEOMETRIC_REPRESENTATION_CONTEXT(2) 
PARAMETRIC_REPRESENTATION_CONTEXT() REPRESENTATION_CONTEXT('2D SPACE',''
  ) );
#4478 = PCURVE('',#4479,#4484);
#4479 = PLANE('',#4480);
#4480 = AXIS2_PLACEMENT_3D('',#4481,#4482,#4483);
#4481 = CARTESIAN_POINT('',(39.5,26.5,-79.));
#4482 = DIRECTION('',(0.707106781187,2.018286525579E-15,0.707106781187)
  );
#4483 = DIRECTION('',(1.427144088615E-15,-1.,1.427144088615E-15));
#4484 = DEFINITIONAL_REPRESENTATION('',(#4485),#4489);
#4485 = LINE('',#4486,#4487);
#4486 = CARTESIAN_POINT('',(-0.,0.707106781187));
#4487 = VECTOR('',#4488,1.);
#4488 = DIRECTION('',(-1.,0.));
#4489 = ( GEOMETRIC_REPRESENTATION_CONTEXT(2) 
PARAMETRIC_REPRESENTATION_CONTEXT() REPRESENTATION_CONTEXT('2D SPACE',''
  ) );
#4490 = ORIENTED_EDGE('',*,*,#4491,.T.);
#4491 = EDGE_CURVE('',#4464,#4492,#4494,.T.);
#4492 = VERTEX_POINT('',#4493);
#4493 = CARTESIAN_POINT('',(40.,34.585205735981,-97.21254738084));
#4494 = SURFACE_CURVE('',#4495,(#4499,#4506),.PCURVE_S1.);
#4495 = LINE('',#4496,#4497);
#4496 = CARTESIAN_POINT('',(40.,27.436329177569,-78.14887655841));
#4497 = VECTOR('',#4498,1.);
#4498 = DIRECTION('',(-2.282302370325E-16,0.351123441588,-0.936329177569
    ));
#4499 = PCURVE('',#772,#4500);
#4500 = DEFINITIONAL_REPRESENTATION('',(#4501),#4505);
#4501 = LINE('',#4502,#4503);
#4502 = CARTESIAN_POINT('',(-5.90072451939,9.17542039188));
#4503 = VECTOR('',#4504,1.);
#4504 = DIRECTION('',(0.351123441588,-0.936329177569));
#4505 = ( GEOMETRIC_REPRESENTATION_CONTEXT(2) 
PARAMETRIC_REPRESENTATION_CONTEXT() REPRESENTATION_CONTEXT('2D SPACE',''
  ) );
#4506 = PCURVE('',#4507,#4512);
#4507 = PLANE('',#4508);
#4508 = AXIS2_PLACEMENT_3D('',#4509,#4510,#4511);
#4509 = CARTESIAN_POINT('',(39.5,26.968164588785,-78.3244382792));
#4510 = DIRECTION('',(0.707106781187,-0.662084710882,-0.248281766581));
#4511 = DIRECTION('',(-8.326672684689E-17,0.351123441588,-0.936329177569
    ));
#4512 = DEFINITIONAL_REPRESENTATION('',(#4513),#4517);
#4513 = LINE('',#4514,#4515);
#4514 = CARTESIAN_POINT('',(3.136380044566E-15,0.707106781187));
#4515 = VECTOR('',#4516,1.);
#4516 = DIRECTION('',(1.,-2.775557561563E-17));
#4517 = ( GEOMETRIC_REPRESENTATION_CONTEXT(2) 
PARAMETRIC_REPRESENTATION_CONTEXT() REPRESENTATION_CONTEXT('2D SPACE',''
  ) );
#4518 = ORIENTED_EDGE('',*,*,#4519,.T.);
#4519 = EDGE_CURVE('',#4492,#731,#4520,.T.);
#4520 = SURFACE_CURVE('',#4521,(#4525,#4532),.PCURVE_S1.);
#4521 = LINE('',#4522,#4523);
#4522 = CARTESIAN_POINT('',(40.,31.781519481056,-94.7282259822));
#4523 = VECTOR('',#4524,1.);
#4524 = DIRECTION('',(5.481010807641E-16,0.748448187796,-0.663193267596)
  );
#4525 = PCURVE('',#772,#4526);
#4526 = DEFINITIONAL_REPRESENTATION('',(#4527),#4531);
#4527 = LINE('',#4528,#4529);
#4528 = CARTESIAN_POINT('',(-1.555534215903,-7.403929031908));
#4529 = VECTOR('',#4530,1.);
#4530 = DIRECTION('',(0.748448187796,-0.663193267596));
#4531 = ( GEOMETRIC_REPRESENTATION_CONTEXT(2) 
PARAMETRIC_REPRESENTATION_CONTEXT() REPRESENTATION_CONTEXT('2D SPACE',''
  ) );
#4532 = PCURVE('',#746,#4533);
#4533 = DEFINITIONAL_REPRESENTATION('',(#4534),#4538);
#4534 = LINE('',#4535,#4536);
#4535 = CARTESIAN_POINT('',(-3.745999122772,-1.709743457923E-14));
#4536 = VECTOR('',#4537,1.);
#4537 = DIRECTION('',(1.,4.718447854657E-15));
#4538 = ( GEOMETRIC_REPRESENTATION_CONTEXT(2) 
PARAMETRIC_REPRESENTATION_CONTEXT() REPRESENTATION_CONTEXT('2D SPACE',''
  ) );
#4539 = ORIENTED_EDGE('',*,*,#758,.F.);
#4540 = ADVANCED_FACE('',(#4541),#746,.F.);
#4541 = FACE_BOUND('',#4542,.F.);
#4542 = EDGE_LOOP('',(#4543,#4564,#4565,#4566));
#4543 = ORIENTED_EDGE('',*,*,#4544,.F.);
#4544 = EDGE_CURVE('',#4492,#1994,#4545,.T.);
#4545 = SURFACE_CURVE('',#4546,(#4550,#4557),.PCURVE_S1.);
#4546 = LINE('',#4547,#4548);
#4547 = CARTESIAN_POINT('',(39.75,34.351123441588,-97.30032824124));
#4548 = VECTOR('',#4549,1.);
#4549 = DIRECTION('',(-0.707106781187,-0.662084710882,-0.248281766581));
#4550 = PCURVE('',#746,#4551);
#4551 = DEFINITIONAL_REPRESENTATION('',(#4552),#4556);
#4552 = LINE('',#4553,#4554);
#4553 = CARTESIAN_POINT('',(-0.116982793394,0.333639065533));
#4554 = VECTOR('',#4555,1.);
#4555 = DIRECTION('',(-0.330877305964,0.943673782829));
#4556 = ( GEOMETRIC_REPRESENTATION_CONTEXT(2) 
PARAMETRIC_REPRESENTATION_CONTEXT() REPRESENTATION_CONTEXT('2D SPACE',''
  ) );
#4557 = PCURVE('',#4507,#4558);
#4558 = DEFINITIONAL_REPRESENTATION('',(#4559),#4563);
#4559 = LINE('',#4560,#4561);
#4560 = CARTESIAN_POINT('',(20.360009363294,0.353553390593));
#4561 = VECTOR('',#4562,1.);
#4562 = DIRECTION('',(4.801714581504E-15,-1.));
#4563 = ( GEOMETRIC_REPRESENTATION_CONTEXT(2) 
PARAMETRIC_REPRESENTATION_CONTEXT() REPRESENTATION_CONTEXT('2D SPACE',''
  ) );
#4564 = ORIENTED_EDGE('',*,*,#4519,.T.);
#4565 = ORIENTED_EDGE('',*,*,#730,.T.);
#4566 = ORIENTED_EDGE('',*,*,#2016,.F.);
#4567 = ADVANCED_FACE('',(#4568),#827,.T.);
#4568 = FACE_BOUND('',#4569,.T.);
#4569 = EDGE_LOOP('',(#4570,#4571,#4572,#4595));
#4570 = ORIENTED_EDGE('',*,*,#811,.T.);
#4571 = ORIENTED_EDGE('',*,*,#1993,.T.);
#4572 = ORIENTED_EDGE('',*,*,#4573,.F.);
#4573 = EDGE_CURVE('',#4574,#1994,#4576,.T.);
#4574 = VERTEX_POINT('',#4575);
#4575 = CARTESIAN_POINT('',(39.,26.851123441588,-79.43632917756));
#4576 = SURFACE_CURVE('',#4577,(#4581,#4588),.PCURVE_S1.);
#4577 = LINE('',#4578,#4579);
#4578 = CARTESIAN_POINT('',(39.,26.5,-78.5));
#4579 = VECTOR('',#4580,1.);
#4580 = DIRECTION('',(-2.282302370325E-16,0.351123441588,-0.936329177569
    ));
#4581 = PCURVE('',#827,#4582);
#4582 = DEFINITIONAL_REPRESENTATION('',(#4583),#4587);
#4583 = LINE('',#4584,#4585);
#4584 = CARTESIAN_POINT('',(-10.68000468164,14.));
#4585 = VECTOR('',#4586,1.);
#4586 = DIRECTION('',(1.,-2.282302370325E-16));
#4587 = ( GEOMETRIC_REPRESENTATION_CONTEXT(2) 
PARAMETRIC_REPRESENTATION_CONTEXT() REPRESENTATION_CONTEXT('2D SPACE',''
  ) );
#4588 = PCURVE('',#4507,#4589);
#4589 = DEFINITIONAL_REPRESENTATION('',(#4590),#4594);
#4590 = LINE('',#4591,#4592);
#4591 = CARTESIAN_POINT('',(1.018629625094E-14,-0.707106781187));
#4592 = VECTOR('',#4593,1.);
#4593 = DIRECTION('',(1.,-2.775557561563E-17));
#4594 = ( GEOMETRIC_REPRESENTATION_CONTEXT(2) 
PARAMETRIC_REPRESENTATION_CONTEXT() REPRESENTATION_CONTEXT('2D SPACE',''
  ) );
#4595 = ORIENTED_EDGE('',*,*,#4596,.F.);
#4596 = EDGE_CURVE('',#812,#4574,#4597,.T.);
#4597 = SURFACE_CURVE('',#4598,(#4602,#4609),.PCURVE_S1.);
#4598 = LINE('',#4599,#4600);
#4599 = CARTESIAN_POINT('',(10.,26.851123441588,-79.43632917756));
#4600 = VECTOR('',#4601,1.);
#4601 = DIRECTION('',(1.,0.,0.));
#4602 = PCURVE('',#827,#4603);
#4603 = DEFINITIONAL_REPRESENTATION('',(#4604),#4608);
#4604 = LINE('',#4605,#4606);
#4605 = CARTESIAN_POINT('',(-9.680004681647,-15.));
#4606 = VECTOR('',#4607,1.);
#4607 = DIRECTION('',(0.,1.));
#4608 = ( GEOMETRIC_REPRESENTATION_CONTEXT(2) 
PARAMETRIC_REPRESENTATION_CONTEXT() REPRESENTATION_CONTEXT('2D SPACE',''
  ) );
#4609 = PCURVE('',#855,#4610);
#4610 = DEFINITIONAL_REPRESENTATION('',(#4611),#4615);
#4611 = LINE('',#4612,#4613);
#4612 = CARTESIAN_POINT('',(-3.328006943901E-31,0.569594837763));
#4613 = VECTOR('',#4614,1.);
#4614 = DIRECTION('',(-1.,0.));
#4615 = ( GEOMETRIC_REPRESENTATION_CONTEXT(2) 
PARAMETRIC_REPRESENTATION_CONTEXT() REPRESENTATION_CONTEXT('2D SPACE',''
  ) );
#4616 = ADVANCED_FACE('',(#4617),#855,.T.);
#4617 = FACE_BOUND('',#4618,.F.);
#4618 = EDGE_LOOP('',(#4619,#4620,#4643,#4669));
#4619 = ORIENTED_EDGE('',*,*,#839,.F.);
#4620 = ORIENTED_EDGE('',*,*,#4621,.T.);
#4621 = EDGE_CURVE('',#840,#4622,#4624,.T.);
#4622 = VERTEX_POINT('',#4623);
#4623 = CARTESIAN_POINT('',(39.,27.5,-78.5));
#4624 = SURFACE_CURVE('',#4625,(#4629,#4636),.PCURVE_S1.);
#4625 = LINE('',#4626,#4627);
#4626 = CARTESIAN_POINT('',(10.,27.5,-78.5));
#4627 = VECTOR('',#4628,1.);
#4628 = DIRECTION('',(1.,0.,0.));
#4629 = PCURVE('',#855,#4630);
#4630 = DEFINITIONAL_REPRESENTATION('',(#4631),#4635);
#4631 = LINE('',#4632,#4633);
#4632 = CARTESIAN_POINT('',(-3.20474742746E-31,-0.569594837763));
#4633 = VECTOR('',#4634,1.);
#4634 = DIRECTION('',(-1.,0.));
#4635 = ( GEOMETRIC_REPRESENTATION_CONTEXT(2) 
PARAMETRIC_REPRESENTATION_CONTEXT() REPRESENTATION_CONTEXT('2D SPACE',''
  ) );
#4636 = PCURVE('',#883,#4637);
#4637 = DEFINITIONAL_REPRESENTATION('',(#4638),#4642);
#4638 = LINE('',#4639,#4640);
#4639 = CARTESIAN_POINT('',(-32.47719157218,9.0288147638));
#4640 = VECTOR('',#4641,1.);
#4641 = DIRECTION('',(0.,-1.));
#4642 = ( GEOMETRIC_REPRESENTATION_CONTEXT(2) 
PARAMETRIC_REPRESENTATION_CONTEXT() REPRESENTATION_CONTEXT('2D SPACE',''
  ) );
#4643 = ORIENTED_EDGE('',*,*,#4644,.F.);
#4644 = EDGE_CURVE('',#4574,#4622,#4645,.T.);
#4645 = SURFACE_CURVE('',#4646,(#4650,#4657),.PCURVE_S1.);
#4646 = LINE('',#4647,#4648);
#4647 = CARTESIAN_POINT('',(39.,27.013342581191,-79.20224688317));
#4648 = VECTOR('',#4649,1.);
#4649 = DIRECTION('',(0.,0.569594837763,0.821925617556));
#4650 = PCURVE('',#855,#4651);
#4651 = DEFINITIONAL_REPRESENTATION('',(#4652),#4656);
#4652 = LINE('',#4653,#4654);
#4653 = CARTESIAN_POINT('',(-29.,0.284797418881));
#4654 = VECTOR('',#4655,1.);
#4655 = DIRECTION('',(-4.930380657631E-32,-1.));
#4656 = ( GEOMETRIC_REPRESENTATION_CONTEXT(2) 
PARAMETRIC_REPRESENTATION_CONTEXT() REPRESENTATION_CONTEXT('2D SPACE',''
  ) );
#4657 = PCURVE('',#4658,#4663);
#4658 = PLANE('',#4659);
#4659 = AXIS2_PLACEMENT_3D('',#4660,#4661,#4662);
#4660 = CARTESIAN_POINT('',(39.,26.851123441588,-79.43632917756));
#4661 = DIRECTION('',(-0.682464699907,0.600760684329,-0.416327435495));
#4662 = DIRECTION('',(-0.67477529014,-0.298925769438,0.67477529014));
#4663 = DEFINITIONAL_REPRESENTATION('',(#4664),#4668);
#4664 = LINE('',#4665,#4666);
#4665 = CARTESIAN_POINT('',(0.109461466992,0.26292157965));
#4666 = VECTOR('',#4667,1.);
#4667 = DIRECTION('',(0.384348521913,0.923188070603));
#4668 = ( GEOMETRIC_REPRESENTATION_CONTEXT(2) 
PARAMETRIC_REPRESENTATION_CONTEXT() REPRESENTATION_CONTEXT('2D SPACE',''
  ) );
#4669 = ORIENTED_EDGE('',*,*,#4596,.F.);
#4670 = ADVANCED_FACE('',(#4671),#883,.T.);
#4671 = FACE_BOUND('',#4672,.T.);
#4672 = EDGE_LOOP('',(#4673,#4674,#4675,#4696,#4697,#4698,#4699,#4700,
    #4723,#4751));
#4673 = ORIENTED_EDGE('',*,*,#867,.T.);
#4674 = ORIENTED_EDGE('',*,*,#4621,.T.);
#4675 = ORIENTED_EDGE('',*,*,#4676,.T.);
#4676 = EDGE_CURVE('',#4622,#4041,#4677,.T.);
#4677 = SURFACE_CURVE('',#4678,(#4682,#4689),.PCURVE_S1.);
#4678 = LINE('',#4679,#4680);
#4679 = CARTESIAN_POINT('',(39.,26.5,-78.5));
#4680 = VECTOR('',#4681,1.);
#4681 = DIRECTION('',(0.,1.,0.));
#4682 = PCURVE('',#883,#4683);
#4683 = DEFINITIONAL_REPRESENTATION('',(#4684),#4688);
#4684 = LINE('',#4685,#4686);
#4685 = CARTESIAN_POINT('',(-33.47719157218,-19.9711852362));
#4686 = VECTOR('',#4687,1.);
#4687 = DIRECTION('',(1.,-2.617419600113E-30));
#4688 = ( GEOMETRIC_REPRESENTATION_CONTEXT(2) 
PARAMETRIC_REPRESENTATION_CONTEXT() REPRESENTATION_CONTEXT('2D SPACE',''
  ) );
#4689 = PCURVE('',#4479,#4690);
#4690 = DEFINITIONAL_REPRESENTATION('',(#4691),#4695);
#4691 = LINE('',#4692,#4693);
#4692 = CARTESIAN_POINT('',(-0.,-0.707106781187));
#4693 = VECTOR('',#4694,1.);
#4694 = DIRECTION('',(-1.,0.));
#4695 = ( GEOMETRIC_REPRESENTATION_CONTEXT(2) 
PARAMETRIC_REPRESENTATION_CONTEXT() REPRESENTATION_CONTEXT('2D SPACE',''
  ) );
#4696 = ORIENTED_EDGE('',*,*,#4040,.T.);
#4697 = ORIENTED_EDGE('',*,*,#4089,.F.);
#4698 = ORIENTED_EDGE('',*,*,#2313,.F.);
#4699 = ORIENTED_EDGE('',*,*,#2253,.F.);
#4700 = ORIENTED_EDGE('',*,*,#4701,.T.);
#4701 = EDGE_CURVE('',#2231,#4702,#4704,.T.);
#4702 = VERTEX_POINT('',#4703);
#4703 = CARTESIAN_POINT('',(24.700217866475,59.5,-78.5));
#4704 = SURFACE_CURVE('',#4705,(#4709,#4716),.PCURVE_S1.);
#4705 = LINE('',#4706,#4707);
#4706 = CARTESIAN_POINT('',(10.,59.5,-78.5));
#4707 = VECTOR('',#4708,1.);
#4708 = DIRECTION('',(1.,0.,0.));
#4709 = PCURVE('',#883,#4710);
#4710 = DEFINITIONAL_REPRESENTATION('',(#4711),#4715);
#4711 = LINE('',#4712,#4713);
#4712 = CARTESIAN_POINT('',(-0.477191572179,9.0288147638));
#4713 = VECTOR('',#4714,1.);
#4714 = DIRECTION('',(0.,-1.));
#4715 = ( GEOMETRIC_REPRESENTATION_CONTEXT(2) 
PARAMETRIC_REPRESENTATION_CONTEXT() REPRESENTATION_CONTEXT('2D SPACE',''
  ) );
#4716 = PCURVE('',#2190,#4717);
#4717 = DEFINITIONAL_REPRESENTATION('',(#4718),#4722);
#4718 = LINE('',#4719,#4720);
#4719 = CARTESIAN_POINT('',(-11.785951497,-14.80027664748));
#4720 = VECTOR('',#4721,1.);
#4721 = DIRECTION('',(0.,1.));
#4722 = ( GEOMETRIC_REPRESENTATION_CONTEXT(2) 
PARAMETRIC_REPRESENTATION_CONTEXT() REPRESENTATION_CONTEXT('2D SPACE',''
  ) );
#4723 = ORIENTED_EDGE('',*,*,#4724,.T.);
#4724 = EDGE_CURVE('',#4702,#4725,#4727,.T.);
#4725 = VERTEX_POINT('',#4726);
#4726 = CARTESIAN_POINT('',(24.700217866475,109.5,-78.5));
#4727 = SURFACE_CURVE('',#4728,(#4732,#4739),.PCURVE_S1.);
#4728 = LINE('',#4729,#4730);
#4729 = CARTESIAN_POINT('',(24.700217866475,64.,-78.5));
#4730 = VECTOR('',#4731,1.);
#4731 = DIRECTION('',(0.,1.,-4.168517383126E-15));
#4732 = PCURVE('',#883,#4733);
#4733 = DEFINITIONAL_REPRESENTATION('',(#4734),#4738);
#4734 = LINE('',#4735,#4736);
#4735 = CARTESIAN_POINT('',(4.022808427821,-5.671403102675));
#4736 = VECTOR('',#4737,1.);
#4737 = DIRECTION('',(1.,-5.668433961764E-32));
#4738 = ( GEOMETRIC_REPRESENTATION_CONTEXT(2) 
PARAMETRIC_REPRESENTATION_CONTEXT() REPRESENTATION_CONTEXT('2D SPACE',''
  ) );
#4739 = PCURVE('',#4740,#4745);
#4740 = PLANE('',#4741);
#4741 = AXIS2_PLACEMENT_3D('',#4742,#4743,#4744);
#4742 = CARTESIAN_POINT('',(24.768572604826,80.910751215792,
    -78.38160612023));
#4743 = DIRECTION('',(-0.866025403784,0.,0.5));
#4744 = DIRECTION('',(-0.5,0.,-0.866025403784));
#4745 = DEFINITIONAL_REPRESENTATION('',(#4746),#4750);
#4746 = LINE('',#4747,#4748);
#4747 = CARTESIAN_POINT('',(0.136709476703,16.910751215791));
#4748 = VECTOR('',#4749,1.);
#4749 = DIRECTION('',(3.610041949904E-15,-1.));
#4750 = ( GEOMETRIC_REPRESENTATION_CONTEXT(2) 
PARAMETRIC_REPRESENTATION_CONTEXT() REPRESENTATION_CONTEXT('2D SPACE',''
  ) );
#4751 = ORIENTED_EDGE('',*,*,#4752,.T.);
#4752 = EDGE_CURVE('',#4725,#868,#4753,.T.);
#4753 = SURFACE_CURVE('',#4754,(#4758,#4765),.PCURVE_S1.);
#4754 = LINE('',#4755,#4756);
#4755 = CARTESIAN_POINT('',(15.,109.5,-78.5));
#4756 = VECTOR('',#4757,1.);
#4757 = DIRECTION('',(-1.,0.,0.));
#4758 = PCURVE('',#883,#4759);
#4759 = DEFINITIONAL_REPRESENTATION('',(#4760),#4764);
#4760 = LINE('',#4761,#4762);
#4761 = CARTESIAN_POINT('',(49.52280842782,4.0288147638));
#4762 = VECTOR('',#4763,1.);
#4763 = DIRECTION('',(0.,1.));
#4764 = ( GEOMETRIC_REPRESENTATION_CONTEXT(2) 
PARAMETRIC_REPRESENTATION_CONTEXT() REPRESENTATION_CONTEXT('2D SPACE',''
  ) );
#4765 = PCURVE('',#911,#4766);
#4766 = DEFINITIONAL_REPRESENTATION('',(#4767),#4771);
#4767 = LINE('',#4768,#4769);
#4768 = CARTESIAN_POINT('',(-34.78203230275,-5.));
#4769 = VECTOR('',#4770,1.);
#4770 = DIRECTION('',(0.,-1.));
#4771 = ( GEOMETRIC_REPRESENTATION_CONTEXT(2) 
PARAMETRIC_REPRESENTATION_CONTEXT() REPRESENTATION_CONTEXT('2D SPACE',''
  ) );
#4772 = ADVANCED_FACE('',(#4773),#911,.T.);
#4773 = FACE_BOUND('',#4774,.T.);
#4774 = EDGE_LOOP('',(#4775,#4798,#4819,#4820,#4841,#4842));
#4775 = ORIENTED_EDGE('',*,*,#4776,.F.);
#4776 = EDGE_CURVE('',#4777,#4725,#4779,.T.);
#4777 = VERTEX_POINT('',#4778);
#4778 = CARTESIAN_POINT('',(39.5,109.5,-52.86602540378));
#4779 = SURFACE_CURVE('',#4780,(#4784,#4791),.PCURVE_S1.);
#4780 = LINE('',#4781,#4782);
#4781 = CARTESIAN_POINT('',(9.232050807569,109.5,-105.2916512459));
#4782 = VECTOR('',#4783,1.);
#4783 = DIRECTION('',(-0.5,0.,-0.866025403784));
#4784 = PCURVE('',#911,#4785);
#4785 = DEFINITIONAL_REPRESENTATION('',(#4786),#4790);
#4786 = LINE('',#4787,#4788);
#4787 = CARTESIAN_POINT('',(-7.990381056767,-10.76794919243));
#4788 = VECTOR('',#4789,1.);
#4789 = DIRECTION('',(0.866025403784,-0.5));
#4790 = ( GEOMETRIC_REPRESENTATION_CONTEXT(2) 
PARAMETRIC_REPRESENTATION_CONTEXT() REPRESENTATION_CONTEXT('2D SPACE',''
  ) );
#4791 = PCURVE('',#4740,#4792);
#4792 = DEFINITIONAL_REPRESENTATION('',(#4793),#4797);
#4793 = LINE('',#4794,#4795);
#4794 = CARTESIAN_POINT('',(31.073043594515,-28.5892487842));
#4795 = VECTOR('',#4796,1.);
#4796 = DIRECTION('',(1.,-0.));
#4797 = ( GEOMETRIC_REPRESENTATION_CONTEXT(2) 
PARAMETRIC_REPRESENTATION_CONTEXT() REPRESENTATION_CONTEXT('2D SPACE',''
  ) );
#4798 = ORIENTED_EDGE('',*,*,#4799,.T.);
#4799 = EDGE_CURVE('',#4777,#3510,#4800,.T.);
#4800 = SURFACE_CURVE('',#4801,(#4805,#4812),.PCURVE_S1.);
#4801 = LINE('',#4802,#4803);
#4802 = CARTESIAN_POINT('',(38.080127018922,109.5,-52.48557158515));
#4803 = VECTOR('',#4804,1.);
#4804 = DIRECTION('',(0.965925826289,0.,-0.258819045103));
#4805 = PCURVE('',#911,#4806);
#4806 = DEFINITIONAL_REPRESENTATION('',(#4807),#4811);
#4807 = LINE('',#4808,#4809);
#4808 = CARTESIAN_POINT('',(-60.7964607176,18.080127018922));
#4809 = VECTOR('',#4810,1.);
#4810 = DIRECTION('',(0.258819045103,0.965925826289));
#4811 = ( GEOMETRIC_REPRESENTATION_CONTEXT(2) 
PARAMETRIC_REPRESENTATION_CONTEXT() REPRESENTATION_CONTEXT('2D SPACE',''
  ) );
#4812 = PCURVE('',#3548,#4813);
#4813 = DEFINITIONAL_REPRESENTATION('',(#4814),#4818);
#4814 = LINE('',#4815,#4816);
#4815 = CARTESIAN_POINT('',(-53.,-1.72877972162));
#4816 = VECTOR('',#4817,1.);
#4817 = DIRECTION('',(5.988740122992E-16,1.));
#4818 = ( GEOMETRIC_REPRESENTATION_CONTEXT(2) 
PARAMETRIC_REPRESENTATION_CONTEXT() REPRESENTATION_CONTEXT('2D SPACE',''
  ) );
#4819 = ORIENTED_EDGE('',*,*,#3509,.F.);
#4820 = ORIENTED_EDGE('',*,*,#4821,.T.);
#4821 = EDGE_CURVE('',#3487,#896,#4822,.T.);
#4822 = SURFACE_CURVE('',#4823,(#4827,#4834),.PCURVE_S1.);
#4823 = LINE('',#4824,#4825);
#4824 = CARTESIAN_POINT('',(15.,109.5,-52.));
#4825 = VECTOR('',#4826,1.);
#4826 = DIRECTION('',(-1.,0.,0.));
#4827 = PCURVE('',#911,#4828);
#4828 = DEFINITIONAL_REPRESENTATION('',(#4829),#4833);
#4829 = LINE('',#4830,#4831);
#4830 = CARTESIAN_POINT('',(-61.28203230275,-5.));
#4831 = VECTOR('',#4832,1.);
#4832 = DIRECTION('',(0.,-1.));
#4833 = ( GEOMETRIC_REPRESENTATION_CONTEXT(2) 
PARAMETRIC_REPRESENTATION_CONTEXT() REPRESENTATION_CONTEXT('2D SPACE',''
  ) );
#4834 = PCURVE('',#939,#4835);
#4835 = DEFINITIONAL_REPRESENTATION('',(#4836),#4840);
#4836 = LINE('',#4837,#4838);
#4837 = CARTESIAN_POINT('',(-9.163524272182,23.526269138093));
#4838 = VECTOR('',#4839,1.);
#4839 = DIRECTION('',(-1.,0.));
#4840 = ( GEOMETRIC_REPRESENTATION_CONTEXT(2) 
PARAMETRIC_REPRESENTATION_CONTEXT() REPRESENTATION_CONTEXT('2D SPACE',''
  ) );
#4841 = ORIENTED_EDGE('',*,*,#895,.T.);
#4842 = ORIENTED_EDGE('',*,*,#4752,.F.);
#4843 = ADVANCED_FACE('',(#4844),#939,.T.);
#4844 = FACE_BOUND('',#4845,.T.);
#4845 = EDGE_LOOP('',(#4846,#4869,#4870,#4871,#4872,#4895,#4918,#4941,
    #4964));
#4846 = ORIENTED_EDGE('',*,*,#4847,.F.);
#4847 = EDGE_CURVE('',#924,#4848,#4850,.T.);
#4848 = VERTEX_POINT('',#4849);
#4849 = CARTESIAN_POINT('',(39.,163.5,-52.));
#4850 = SURFACE_CURVE('',#4851,(#4855,#4862),.PCURVE_S1.);
#4851 = LINE('',#4852,#4853);
#4852 = CARTESIAN_POINT('',(0.,163.5,-52.));
#4853 = VECTOR('',#4854,1.);
#4854 = DIRECTION('',(1.,0.,0.));
#4855 = PCURVE('',#939,#4856);
#4856 = DEFINITIONAL_REPRESENTATION('',(#4857),#4861);
#4857 = LINE('',#4858,#4859);
#4858 = CARTESIAN_POINT('',(-24.16352427218,77.526269138093));
#4859 = VECTOR('',#4860,1.);
#4860 = DIRECTION('',(1.,0.));
#4861 = ( GEOMETRIC_REPRESENTATION_CONTEXT(2) 
PARAMETRIC_REPRESENTATION_CONTEXT() REPRESENTATION_CONTEXT('2D SPACE',''
  ) );
#4862 = PCURVE('',#967,#4863);
#4863 = DEFINITIONAL_REPRESENTATION('',(#4864),#4868);
#4864 = LINE('',#4865,#4866);
#4865 = CARTESIAN_POINT('',(-23.94024600279,-78.49590978111));
#4866 = VECTOR('',#4867,1.);
#4867 = DIRECTION('',(1.,0.));
#4868 = ( GEOMETRIC_REPRESENTATION_CONTEXT(2) 
PARAMETRIC_REPRESENTATION_CONTEXT() REPRESENTATION_CONTEXT('2D SPACE',''
  ) );
#4869 = ORIENTED_EDGE('',*,*,#923,.F.);
#4870 = ORIENTED_EDGE('',*,*,#4821,.F.);
#4871 = ORIENTED_EDGE('',*,*,#3486,.T.);
#4872 = ORIENTED_EDGE('',*,*,#4873,.F.);
#4873 = EDGE_CURVE('',#4874,#3459,#4876,.T.);
#4874 = VERTEX_POINT('',#4875);
#4875 = CARTESIAN_POINT('',(38.999999999999,112.5,-52.));
#4876 = SURFACE_CURVE('',#4877,(#4881,#4888),.PCURVE_S1.);
#4877 = LINE('',#4878,#4879);
#4878 = CARTESIAN_POINT('',(42.17244835257,109.32755164743,-52.));
#4879 = VECTOR('',#4880,1.);
#4880 = DIRECTION('',(0.707106781187,-0.707106781187,0.));
#4881 = PCURVE('',#939,#4882);
#4882 = DEFINITIONAL_REPRESENTATION('',(#4883),#4887);
#4883 = LINE('',#4884,#4885);
#4884 = CARTESIAN_POINT('',(18.008924080387,23.353820785526));
#4885 = VECTOR('',#4886,1.);
#4886 = DIRECTION('',(0.707106781187,-0.707106781187));
#4887 = ( GEOMETRIC_REPRESENTATION_CONTEXT(2) 
PARAMETRIC_REPRESENTATION_CONTEXT() REPRESENTATION_CONTEXT('2D SPACE',''
  ) );
#4888 = PCURVE('',#3474,#4889);
#4889 = DEFINITIONAL_REPRESENTATION('',(#4890),#4894);
#4890 = LINE('',#4891,#4892);
#4891 = CARTESIAN_POINT('',(37.38268590218,3.779412704948));
#4892 = VECTOR('',#4893,1.);
#4893 = DIRECTION('',(-6.154657423448E-14,1.));
#4894 = ( GEOMETRIC_REPRESENTATION_CONTEXT(2) 
PARAMETRIC_REPRESENTATION_CONTEXT() REPRESENTATION_CONTEXT('2D SPACE',''
  ) );
#4895 = ORIENTED_EDGE('',*,*,#4896,.T.);
#4896 = EDGE_CURVE('',#4874,#4897,#4899,.T.);
#4897 = VERTEX_POINT('',#4898);
#4898 = CARTESIAN_POINT('',(36.179491924311,112.5,-52.));
#4899 = SURFACE_CURVE('',#4900,(#4904,#4911),.PCURVE_S1.);
#4900 = LINE('',#4901,#4902);
#4901 = CARTESIAN_POINT('',(15.,112.5,-52.));
#4902 = VECTOR('',#4903,1.);
#4903 = DIRECTION('',(-1.,1.583E-14,0.));
#4904 = PCURVE('',#939,#4905);
#4905 = DEFINITIONAL_REPRESENTATION('',(#4906),#4910);
#4906 = LINE('',#4907,#4908);
#4907 = CARTESIAN_POINT('',(-9.163524272183,26.526269138096));
#4908 = VECTOR('',#4909,1.);
#4909 = DIRECTION('',(-1.,1.583E-14));
#4910 = ( GEOMETRIC_REPRESENTATION_CONTEXT(2) 
PARAMETRIC_REPRESENTATION_CONTEXT() REPRESENTATION_CONTEXT('2D SPACE',''
  ) );
#4911 = PCURVE('',#1503,#4912);
#4912 = DEFINITIONAL_REPRESENTATION('',(#4913),#4917);
#4913 = LINE('',#4914,#4915);
#4914 = CARTESIAN_POINT('',(-5.,-50.02370205355));
#4915 = VECTOR('',#4916,1.);
#4916 = DIRECTION('',(-1.,0.));
#4917 = ( GEOMETRIC_REPRESENTATION_CONTEXT(2) 
PARAMETRIC_REPRESENTATION_CONTEXT() REPRESENTATION_CONTEXT('2D SPACE',''
  ) );
#4918 = ORIENTED_EDGE('',*,*,#4919,.T.);
#4919 = EDGE_CURVE('',#4897,#4920,#4922,.T.);
#4920 = VERTEX_POINT('',#4921);
#4921 = CARTESIAN_POINT('',(36.179491924311,160.5,-52.));
#4922 = SURFACE_CURVE('',#4923,(#4927,#4934),.PCURVE_S1.);
#4923 = LINE('',#4924,#4925);
#4924 = CARTESIAN_POINT('',(36.179491924311,150.,-52.));
#4925 = VECTOR('',#4926,1.);
#4926 = DIRECTION('',(0.,1.,0.));
#4927 = PCURVE('',#939,#4928);
#4928 = DEFINITIONAL_REPRESENTATION('',(#4929),#4933);
#4929 = LINE('',#4930,#4931);
#4930 = CARTESIAN_POINT('',(12.015967652129,64.026269138093));
#4931 = VECTOR('',#4932,1.);
#4932 = DIRECTION('',(0.,1.));
#4933 = ( GEOMETRIC_REPRESENTATION_CONTEXT(2) 
PARAMETRIC_REPRESENTATION_CONTEXT() REPRESENTATION_CONTEXT('2D SPACE',''
  ) );
#4934 = PCURVE('',#1477,#4935);
#4935 = DEFINITIONAL_REPRESENTATION('',(#4936),#4940);
#4936 = LINE('',#4937,#4938);
#4937 = CARTESIAN_POINT('',(32.358983848623,-13.5));
#4938 = VECTOR('',#4939,1.);
#4939 = DIRECTION('',(0.,-1.));
#4940 = ( GEOMETRIC_REPRESENTATION_CONTEXT(2) 
PARAMETRIC_REPRESENTATION_CONTEXT() REPRESENTATION_CONTEXT('2D SPACE',''
  ) );
#4941 = ORIENTED_EDGE('',*,*,#4942,.T.);
#4942 = EDGE_CURVE('',#4920,#4943,#4945,.T.);
#4943 = VERTEX_POINT('',#4944);
#4944 = CARTESIAN_POINT('',(39.,160.5,-52.));
#4945 = SURFACE_CURVE('',#4946,(#4950,#4957),.PCURVE_S1.);
#4946 = LINE('',#4947,#4948);
#4947 = CARTESIAN_POINT('',(15.,160.5,-52.));
#4948 = VECTOR('',#4949,1.);
#4949 = DIRECTION('',(1.,-7.2E-16,0.));
#4950 = PCURVE('',#939,#4951);
#4951 = DEFINITIONAL_REPRESENTATION('',(#4952),#4956);
#4952 = LINE('',#4953,#4954);
#4953 = CARTESIAN_POINT('',(-9.163524272182,74.526269138093));
#4954 = VECTOR('',#4955,1.);
#4955 = DIRECTION('',(1.,-7.2E-16));
#4956 = ( GEOMETRIC_REPRESENTATION_CONTEXT(2) 
PARAMETRIC_REPRESENTATION_CONTEXT() REPRESENTATION_CONTEXT('2D SPACE',''
  ) );
#4957 = PCURVE('',#1449,#4958);
#4958 = DEFINITIONAL_REPRESENTATION('',(#4959),#4963);
#4959 = LINE('',#4960,#4961);
#4960 = CARTESIAN_POINT('',(5.,-50.02370205355));
#4961 = VECTOR('',#4962,1.);
#4962 = DIRECTION('',(-1.,0.));
#4963 = ( GEOMETRIC_REPRESENTATION_CONTEXT(2) 
PARAMETRIC_REPRESENTATION_CONTEXT() REPRESENTATION_CONTEXT('2D SPACE',''
  ) );
#4964 = ORIENTED_EDGE('',*,*,#4965,.T.);
#4965 = EDGE_CURVE('',#4943,#4848,#4966,.T.);
#4966 = SURFACE_CURVE('',#4967,(#4971,#4978),.PCURVE_S1.);
#4967 = LINE('',#4968,#4969);
#4968 = CARTESIAN_POINT('',(39.,160.5,-52.));
#4969 = VECTOR('',#4970,1.);
#4970 = DIRECTION('',(-6.2E-16,1.,0.));
#4971 = PCURVE('',#939,#4972);
#4972 = DEFINITIONAL_REPRESENTATION('',(#4973),#4977);
#4973 = LINE('',#4974,#4975);
#4974 = CARTESIAN_POINT('',(14.836475727818,74.526269138093));
#4975 = VECTOR('',#4976,1.);
#4976 = DIRECTION('',(-6.2E-16,1.));
#4977 = ( GEOMETRIC_REPRESENTATION_CONTEXT(2) 
PARAMETRIC_REPRESENTATION_CONTEXT() REPRESENTATION_CONTEXT('2D SPACE',''
  ) );
#4978 = PCURVE('',#3390,#4979);
#4979 = DEFINITIONAL_REPRESENTATION('',(#4980),#4984);
#4980 = LINE('',#4981,#4982);
#4981 = CARTESIAN_POINT('',(-3.1E-16,-0.707106781187));
#4982 = VECTOR('',#4983,1.);
#4983 = DIRECTION('',(-1.,7.395570986447E-32));
#4984 = ( GEOMETRIC_REPRESENTATION_CONTEXT(2) 
PARAMETRIC_REPRESENTATION_CONTEXT() REPRESENTATION_CONTEXT('2D SPACE',''
  ) );
#4985 = ADVANCED_FACE('',(#4986),#967,.T.);
#4986 = FACE_BOUND('',#4987,.T.);
#4987 = EDGE_LOOP('',(#4988,#4989,#5012,#5040,#5068,#5089,#5090,#5113,
    #5134));
#4988 = ORIENTED_EDGE('',*,*,#4847,.T.);
#4989 = ORIENTED_EDGE('',*,*,#4990,.T.);
#4990 = EDGE_CURVE('',#4848,#4991,#4993,.T.);
#4991 = VERTEX_POINT('',#4992);
#4992 = CARTESIAN_POINT('',(39.,163.5,-161.1414148747));
#4993 = SURFACE_CURVE('',#4994,(#4998,#5005),.PCURVE_S1.);
#4994 = LINE('',#4995,#4996);
#4995 = CARTESIAN_POINT('',(39.,163.5,-52.));
#4996 = VECTOR('',#4997,1.);
#4997 = DIRECTION('',(0.,0.,-1.));
#4998 = PCURVE('',#967,#4999);
#4999 = DEFINITIONAL_REPRESENTATION('',(#5000),#5004);
#5000 = LINE('',#5001,#5002);
#5001 = CARTESIAN_POINT('',(15.059753997205,-78.49590978111));
#5002 = VECTOR('',#5003,1.);
#5003 = DIRECTION('',(0.,1.));
#5004 = ( GEOMETRIC_REPRESENTATION_CONTEXT(2) 
PARAMETRIC_REPRESENTATION_CONTEXT() REPRESENTATION_CONTEXT('2D SPACE',''
  ) );
#5005 = PCURVE('',#3362,#5006);
#5006 = DEFINITIONAL_REPRESENTATION('',(#5007),#5011);
#5007 = LINE('',#5008,#5009);
#5008 = CARTESIAN_POINT('',(-0.,-0.707106781187));
#5009 = VECTOR('',#5010,1.);
#5010 = DIRECTION('',(-1.,0.));
#5011 = ( GEOMETRIC_REPRESENTATION_CONTEXT(2) 
PARAMETRIC_REPRESENTATION_CONTEXT() REPRESENTATION_CONTEXT('2D SPACE',''
  ) );
#5012 = ORIENTED_EDGE('',*,*,#5013,.T.);
#5013 = EDGE_CURVE('',#4991,#5014,#5016,.T.);
#5014 = VERTEX_POINT('',#5015);
#5015 = CARTESIAN_POINT('',(45.916651245989,163.5,-165.1347453334));
#5016 = SURFACE_CURVE('',#5017,(#5021,#5028),.PCURVE_S1.);
#5017 = LINE('',#5018,#5019);
#5018 = CARTESIAN_POINT('',(39.5,163.5,-161.4300900092));
#5019 = VECTOR('',#5020,1.);
#5020 = DIRECTION('',(0.866025403784,0.,-0.5));
#5021 = PCURVE('',#967,#5022);
#5022 = DEFINITIONAL_REPRESENTATION('',(#5023),#5027);
#5023 = LINE('',#5024,#5025);
#5024 = CARTESIAN_POINT('',(15.559753997205,30.934180228179));
#5025 = VECTOR('',#5026,1.);
#5026 = DIRECTION('',(0.866025403784,0.5));
#5027 = ( GEOMETRIC_REPRESENTATION_CONTEXT(2) 
PARAMETRIC_REPRESENTATION_CONTEXT() REPRESENTATION_CONTEXT('2D SPACE',''
  ) );
#5028 = PCURVE('',#5029,#5034);
#5029 = PLANE('',#5030);
#5030 = AXIS2_PLACEMENT_3D('',#5031,#5032,#5033);
#5031 = CARTESIAN_POINT('',(39.75,163.,-160.9970773074));
#5032 = DIRECTION('',(0.353553390593,0.707106781187,0.612372435696));
#5033 = DIRECTION('',(0.866025403784,-1.471045507628E-15,-0.5));
#5034 = DEFINITIONAL_REPRESENTATION('',(#5035),#5039);
#5035 = LINE('',#5036,#5037);
#5036 = CARTESIAN_POINT('',(-4.857225732735E-15,0.707106781187));
#5037 = VECTOR('',#5038,1.);
#5038 = DIRECTION('',(1.,0.));
#5039 = ( GEOMETRIC_REPRESENTATION_CONTEXT(2) 
PARAMETRIC_REPRESENTATION_CONTEXT() REPRESENTATION_CONTEXT('2D SPACE',''
  ) );
#5040 = ORIENTED_EDGE('',*,*,#5041,.F.);
#5041 = EDGE_CURVE('',#5042,#5014,#5044,.T.);
#5042 = VERTEX_POINT('',#5043);
#5043 = CARTESIAN_POINT('',(17.126933041054,163.5,-215.));
#5044 = SURFACE_CURVE('',#5045,(#5049,#5056),.PCURVE_S1.);
#5045 = LINE('',#5046,#5047);
#5046 = CARTESIAN_POINT('',(24.641016151378,163.5,-201.9852262806));
#5047 = VECTOR('',#5048,1.);
#5048 = DIRECTION('',(0.5,0.,0.866025403784));
#5049 = PCURVE('',#967,#5050);
#5050 = DEFINITIONAL_REPRESENTATION('',(#5051),#5055);
#5051 = LINE('',#5052,#5053);
#5052 = CARTESIAN_POINT('',(0.700770148583,71.489316499508));
#5053 = VECTOR('',#5054,1.);
#5054 = DIRECTION('',(0.5,-0.866025403784));
#5055 = ( GEOMETRIC_REPRESENTATION_CONTEXT(2) 
PARAMETRIC_REPRESENTATION_CONTEXT() REPRESENTATION_CONTEXT('2D SPACE',''
  ) );
#5056 = PCURVE('',#5057,#5062);
#5057 = CYLINDRICAL_SURFACE('',#5058,18.);
#5058 = AXIS2_PLACEMENT_3D('',#5059,#5060,#5061);
#5059 = CARTESIAN_POINT('',(24.641016151378,145.5,-201.9852262806));
#5060 = DIRECTION('',(-0.5,-0.,-0.866025403784));
#5061 = DIRECTION('',(0.866025403784,0.,-0.5));
#5062 = DEFINITIONAL_REPRESENTATION('',(#5063),#5067);
#5063 = LINE('',#5064,#5065);
#5064 = CARTESIAN_POINT('',(-1.570796326795,-1.066E-14));
#5065 = VECTOR('',#5066,1.);
#5066 = DIRECTION('',(0.,-1.));
#5067 = ( GEOMETRIC_REPRESENTATION_CONTEXT(2) 
PARAMETRIC_REPRESENTATION_CONTEXT() REPRESENTATION_CONTEXT('2D SPACE',''
  ) );
#5068 = ORIENTED_EDGE('',*,*,#5069,.T.);
#5069 = EDGE_CURVE('',#5042,#1064,#5070,.T.);
#5070 = SURFACE_CURVE('',#5071,(#5075,#5082),.PCURVE_S1.);
#5071 = LINE('',#5072,#5073);
#5072 = CARTESIAN_POINT('',(16.549582771864,163.5,-215.));
#5073 = VECTOR('',#5074,1.);
#5074 = DIRECTION('',(-1.,2.38E-15,0.));
#5075 = PCURVE('',#967,#5076);
#5076 = DEFINITIONAL_REPRESENTATION('',(#5077),#5081);
#5077 = LINE('',#5078,#5079);
#5078 = CARTESIAN_POINT('',(-7.39066323093,84.504090218884));
#5079 = VECTOR('',#5080,1.);
#5080 = DIRECTION('',(-1.,0.));
#5081 = ( GEOMETRIC_REPRESENTATION_CONTEXT(2) 
PARAMETRIC_REPRESENTATION_CONTEXT() REPRESENTATION_CONTEXT('2D SPACE',''
  ) );
#5082 = PCURVE('',#1102,#5083);
#5083 = DEFINITIONAL_REPRESENTATION('',(#5084),#5088);
#5084 = LINE('',#5085,#5086);
#5085 = CARTESIAN_POINT('',(1.19E-15,0.707106781187));
#5086 = VECTOR('',#5087,1.);
#5087 = DIRECTION('',(1.,2.958228394579E-31));
#5088 = ( GEOMETRIC_REPRESENTATION_CONTEXT(2) 
PARAMETRIC_REPRESENTATION_CONTEXT() REPRESENTATION_CONTEXT('2D SPACE',''
  ) );
#5089 = ORIENTED_EDGE('',*,*,#1063,.T.);
#5090 = ORIENTED_EDGE('',*,*,#5091,.F.);
#5091 = EDGE_CURVE('',#5092,#1036,#5094,.T.);
#5092 = VERTEX_POINT('',#5093);
#5093 = CARTESIAN_POINT('',(9.052558883258,163.5,-192.9852262806));
#5094 = SURFACE_CURVE('',#5095,(#5099,#5106),.PCURVE_S1.);
#5095 = LINE('',#5096,#5097);
#5096 = CARTESIAN_POINT('',(9.052558883258,163.5,-192.9852262806));
#5097 = VECTOR('',#5098,1.);
#5098 = DIRECTION('',(0.866025403784,0.,-0.5));
#5099 = PCURVE('',#967,#5100);
#5100 = DEFINITIONAL_REPRESENTATION('',(#5101),#5105);
#5101 = LINE('',#5102,#5103);
#5102 = CARTESIAN_POINT('',(-14.88768711953,62.489316499508));
#5103 = VECTOR('',#5104,1.);
#5104 = DIRECTION('',(0.866025403784,0.5));
#5105 = ( GEOMETRIC_REPRESENTATION_CONTEXT(2) 
PARAMETRIC_REPRESENTATION_CONTEXT() REPRESENTATION_CONTEXT('2D SPACE',''
  ) );
#5106 = PCURVE('',#1051,#5107);
#5107 = DEFINITIONAL_REPRESENTATION('',(#5108),#5112);
#5108 = LINE('',#5109,#5110);
#5109 = CARTESIAN_POINT('',(-15.98562845538,18.));
#5110 = VECTOR('',#5111,1.);
#5111 = DIRECTION('',(1.,1.232595164408E-32));
#5112 = ( GEOMETRIC_REPRESENTATION_CONTEXT(2) 
PARAMETRIC_REPRESENTATION_CONTEXT() REPRESENTATION_CONTEXT('2D SPACE',''
  ) );
#5113 = ORIENTED_EDGE('',*,*,#5114,.T.);
#5114 = EDGE_CURVE('',#5092,#952,#5115,.T.);
#5115 = SURFACE_CURVE('',#5116,(#5120,#5127),.PCURVE_S1.);
#5116 = LINE('',#5117,#5118);
#5117 = CARTESIAN_POINT('',(9.052558883258,163.5,-192.9852262806));
#5118 = VECTOR('',#5119,1.);
#5119 = DIRECTION('',(0.5,0.,0.866025403784));
#5120 = PCURVE('',#967,#5121);
#5121 = DEFINITIONAL_REPRESENTATION('',(#5122),#5126);
#5122 = LINE('',#5123,#5124);
#5123 = CARTESIAN_POINT('',(-14.88768711953,62.489316499508));
#5124 = VECTOR('',#5125,1.);
#5125 = DIRECTION('',(0.5,-0.866025403784));
#5126 = ( GEOMETRIC_REPRESENTATION_CONTEXT(2) 
PARAMETRIC_REPRESENTATION_CONTEXT() REPRESENTATION_CONTEXT('2D SPACE',''
  ) );
#5127 = PCURVE('',#995,#5128);
#5128 = DEFINITIONAL_REPRESENTATION('',(#5129),#5133);
#5129 = LINE('',#5130,#5131);
#5130 = CARTESIAN_POINT('',(30.276122968838,-26.1713181479));
#5131 = VECTOR('',#5132,1.);
#5132 = DIRECTION('',(-1.,-1.355854680849E-31));
#5133 = ( GEOMETRIC_REPRESENTATION_CONTEXT(2) 
PARAMETRIC_REPRESENTATION_CONTEXT() REPRESENTATION_CONTEXT('2D SPACE',''
  ) );
#5134 = ORIENTED_EDGE('',*,*,#951,.T.);
#5135 = ADVANCED_FACE('',(#5136),#995,.T.);
#5136 = FACE_BOUND('',#5137,.T.);
#5137 = EDGE_LOOP('',(#5138,#5161,#5182,#5183));
#5138 = ORIENTED_EDGE('',*,*,#5139,.F.);
#5139 = EDGE_CURVE('',#5140,#5092,#5142,.T.);
#5140 = VERTEX_POINT('',#5141);
#5141 = CARTESIAN_POINT('',(9.052558883258,163.,-192.9852262806));
#5142 = SURFACE_CURVE('',#5143,(#5147,#5154),.PCURVE_S1.);
#5143 = LINE('',#5144,#5145);
#5144 = CARTESIAN_POINT('',(9.052558883258,127.5,-192.9852262806));
#5145 = VECTOR('',#5146,1.);
#5146 = DIRECTION('',(3.377499074759E-16,1.,-1.95E-16));
#5147 = PCURVE('',#995,#5148);
#5148 = DEFINITIONAL_REPRESENTATION('',(#5149),#5153);
#5149 = LINE('',#5150,#5151);
#5150 = CARTESIAN_POINT('',(30.276122968838,9.828681852095));
#5151 = VECTOR('',#5152,1.);
#5152 = DIRECTION('',(1.232595164408E-32,-1.));
#5153 = ( GEOMETRIC_REPRESENTATION_CONTEXT(2) 
PARAMETRIC_REPRESENTATION_CONTEXT() REPRESENTATION_CONTEXT('2D SPACE',''
  ) );
#5154 = PCURVE('',#1051,#5155);
#5155 = DEFINITIONAL_REPRESENTATION('',(#5156),#5160);
#5156 = LINE('',#5157,#5158);
#5157 = CARTESIAN_POINT('',(-15.98562845538,-18.));
#5158 = VECTOR('',#5159,1.);
#5159 = DIRECTION('',(3.9E-16,1.));
#5160 = ( GEOMETRIC_REPRESENTATION_CONTEXT(2) 
PARAMETRIC_REPRESENTATION_CONTEXT() REPRESENTATION_CONTEXT('2D SPACE',''
  ) );
#5161 = ORIENTED_EDGE('',*,*,#5162,.F.);
#5162 = EDGE_CURVE('',#980,#5140,#5163,.T.);
#5163 = SURFACE_CURVE('',#5164,(#5168,#5175),.PCURVE_S1.);
#5164 = LINE('',#5165,#5166);
#5165 = CARTESIAN_POINT('',(11.107656036389,163.,-189.4256935969));
#5166 = VECTOR('',#5167,1.);
#5167 = DIRECTION('',(-0.5,0.,-0.866025403784));
#5168 = PCURVE('',#995,#5169);
#5169 = DEFINITIONAL_REPRESENTATION('',(#5170),#5174);
#5170 = LINE('',#5171,#5172);
#5171 = CARTESIAN_POINT('',(26.165928662575,-25.6713181479));
#5172 = VECTOR('',#5173,1.);
#5173 = DIRECTION('',(1.,1.232595164408E-32));
#5174 = ( GEOMETRIC_REPRESENTATION_CONTEXT(2) 
PARAMETRIC_REPRESENTATION_CONTEXT() REPRESENTATION_CONTEXT('2D SPACE',''
  ) );
#5175 = PCURVE('',#1023,#5176);
#5176 = DEFINITIONAL_REPRESENTATION('',(#5177),#5181);
#5177 = LINE('',#5178,#5179);
#5178 = CARTESIAN_POINT('',(29.57430640309,1.107656036389));
#5179 = VECTOR('',#5180,1.);
#5180 = DIRECTION('',(-0.866025403784,-0.5));
#5181 = ( GEOMETRIC_REPRESENTATION_CONTEXT(2) 
PARAMETRIC_REPRESENTATION_CONTEXT() REPRESENTATION_CONTEXT('2D SPACE',''
  ) );
#5182 = ORIENTED_EDGE('',*,*,#979,.T.);
#5183 = ORIENTED_EDGE('',*,*,#5114,.F.);
#5184 = ADVANCED_FACE('',(#5185),#1023,.F.);
#5185 = FACE_BOUND('',#5186,.F.);
#5186 = EDGE_LOOP('',(#5187,#5188,#5209));
#5187 = ORIENTED_EDGE('',*,*,#1007,.F.);
#5188 = ORIENTED_EDGE('',*,*,#5189,.T.);
#5189 = EDGE_CURVE('',#1008,#5140,#5190,.T.);
#5190 = SURFACE_CURVE('',#5191,(#5195,#5202),.PCURVE_S1.);
#5191 = LINE('',#5192,#5193);
#5192 = CARTESIAN_POINT('',(21.96219319962,163.,-200.4386071283));
#5193 = VECTOR('',#5194,1.);
#5194 = DIRECTION('',(-0.866025403784,0.,0.5));
#5195 = PCURVE('',#1023,#5196);
#5196 = DEFINITIONAL_REPRESENTATION('',(#5197),#5201);
#5197 = LINE('',#5198,#5199);
#5198 = CARTESIAN_POINT('',(18.561392871685,11.96219319962));
#5199 = VECTOR('',#5200,1.);
#5200 = DIRECTION('',(0.5,-0.866025403784));
#5201 = ( GEOMETRIC_REPRESENTATION_CONTEXT(2) 
PARAMETRIC_REPRESENTATION_CONTEXT() REPRESENTATION_CONTEXT('2D SPACE',''
  ) );
#5202 = PCURVE('',#1051,#5203);
#5203 = DEFINITIONAL_REPRESENTATION('',(#5204),#5208);
#5204 = LINE('',#5205,#5206);
#5205 = CARTESIAN_POINT('',(-1.078866760005,17.5));
#5206 = VECTOR('',#5207,1.);
#5207 = DIRECTION('',(-1.,0.));
#5208 = ( GEOMETRIC_REPRESENTATION_CONTEXT(2) 
PARAMETRIC_REPRESENTATION_CONTEXT() REPRESENTATION_CONTEXT('2D SPACE',''
  ) );
#5209 = ORIENTED_EDGE('',*,*,#5162,.F.);
#5210 = ADVANCED_FACE('',(#5211),#1051,.F.);
#5211 = FACE_BOUND('',#5212,.F.);
#5212 = EDGE_LOOP('',(#5213,#5214,#5215,#5216));
#5213 = ORIENTED_EDGE('',*,*,#5189,.F.);
#5214 = ORIENTED_EDGE('',*,*,#1035,.T.);
#5215 = ORIENTED_EDGE('',*,*,#5091,.F.);
#5216 = ORIENTED_EDGE('',*,*,#5139,.F.);
#5217 = ADVANCED_FACE('',(#5218),#1102,.T.);
#5218 = FACE_BOUND('',#5219,.T.);
#5219 = EDGE_LOOP('',(#5220,#5290,#5311,#5312));
#5220 = ORIENTED_EDGE('',*,*,#5221,.F.);
#5221 = EDGE_CURVE('',#5222,#5042,#5224,.T.);
#5222 = VERTEX_POINT('',#5223);
#5223 = CARTESIAN_POINT('',(17.126933041054,162.5,-216.));
#5224 = SURFACE_CURVE('',#5225,(#5228,#5234),.PCURVE_S1.);
#5225 = B_SPLINE_CURVE_WITH_KNOTS('',1,(#5226,#5227),.UNSPECIFIED.,.F.,
  .F.,(2,2),(0.,45.160213438102),.PIECEWISE_BEZIER_KNOTS.);
#5226 = CARTESIAN_POINT('',(17.126933041054,162.5,-216.));
#5227 = CARTESIAN_POINT('',(17.126933041054,163.5,-215.));
#5228 = PCURVE('',#1102,#5229);
#5229 = DEFINITIONAL_REPRESENTATION('',(#5230),#5233);
#5230 = B_SPLINE_CURVE_WITH_KNOTS('',1,(#5231,#5232),.UNSPECIFIED.,.F.,
  .F.,(2,2),(0.,45.160213438102),.PIECEWISE_BEZIER_KNOTS.);
#5231 = CARTESIAN_POINT('',(-0.57735026919,-0.707106781187));
#5232 = CARTESIAN_POINT('',(-0.57735026919,0.707106781186));
#5233 = ( GEOMETRIC_REPRESENTATION_CONTEXT(2) 
PARAMETRIC_REPRESENTATION_CONTEXT() REPRESENTATION_CONTEXT('2D SPACE',''
  ) );
#5234 = PCURVE('',#5235,#5284);
#5235 = B_SPLINE_SURFACE_WITH_KNOTS('',1,12,(
    (#5236,#5237,#5238,#5239,#5240,#5241,#5242,#5243,#5244,#5245,#5246
      ,#5247,#5248,#5249,#5250,#5251,#5252,#5253,#5254,#5255,#5256,#5257
      ,#5258,#5259)
    ,(#5260,#5261,#5262,#5263,#5264,#5265,#5266,#5267,#5268,#5269,#5270
      ,#5271,#5272,#5273,#5274,#5275,#5276,#5277,#5278,#5279,#5280,#5281
      ,#5282,#5283
    )),.UNSPECIFIED.,.F.,.F.,.F.,(2,2),(13,11,13),(0.,45.160213438102),(
    -1.101759655555,0.,44.058453782547),.UNSPECIFIED.);
#5236 = CARTESIAN_POINT('',(30.070610713447,133.05725272756,-216.));
#5237 = CARTESIAN_POINT('',(30.138199389705,133.1157618138,-216.));
#5238 = CARTESIAN_POINT('',(30.205448372822,133.17454153279,
    -215.9999999999));
#5239 = CARTESIAN_POINT('',(30.272355765816,133.23359415335,-216.));
#5240 = CARTESIAN_POINT('',(30.338919915033,133.29292172771,
    -215.9999999999));
#5241 = CARTESIAN_POINT('',(30.405139410218,133.35252609077,-216.));
#5242 = CARTESIAN_POINT('',(30.471013084417,133.41240886154,
    -215.9999999999));
#5243 = CARTESIAN_POINT('',(30.536540014081,133.47257144089,-216.));
#5244 = CARTESIAN_POINT('',(30.601719518984,133.53301501446,-216.));
#5245 = CARTESIAN_POINT('',(30.666551162265,133.59374054956,
    -215.9999999999));
#5246 = CARTESIAN_POINT('',(30.731034750423,133.65474879783,-216.));
#5247 = CARTESIAN_POINT('',(30.795170333303,133.71604029345,
    -215.9999999999));
#5248 = CARTESIAN_POINT('',(33.40978219166,136.23995089906,-216.));
#5249 = CARTESIAN_POINT('',(35.40420150311,139.15525063962,
    -215.9999999999));
#5250 = CARTESIAN_POINT('',(36.710995484301,142.40183071543,
    -216.0000000001));
#5251 = CARTESIAN_POINT('',(37.2468443165,145.83157887992,
    -215.9999999998));
#5252 = CARTESIAN_POINT('',(36.951934301305,149.28622825859,
    -216.0000000001));
#5253 = CARTESIAN_POINT('',(35.878983121847,152.59414849922,
    -215.9999999999));
#5254 = CARTESIAN_POINT('',(34.011404275179,155.67166453175,-216.));
#5255 = CARTESIAN_POINT('',(31.436877940709,158.29554403436,-216.));
#5256 = CARTESIAN_POINT('',(28.290549452942,160.37122531453,
    -215.9999999999));
#5257 = CARTESIAN_POINT('',(24.733036000448,161.78802006106,-216.));
#5258 = CARTESIAN_POINT('',(20.950018847997,162.5,-215.9999999999));
#5259 = CARTESIAN_POINT('',(17.126933041054,162.5,-216.));
#5260 = CARTESIAN_POINT('',(30.929868577787,132.06465302472,
    -215.0501978454));
#5261 = CARTESIAN_POINT('',(31.0049295913,132.1233119578,-215.0517714301
    ));
#5262 = CARTESIAN_POINT('',(31.079670039482,132.18235983315,
    -215.0533576748));
#5263 = CARTESIAN_POINT('',(31.154086108251,132.24179515625,
    -215.0549567621));
#5264 = CARTESIAN_POINT('',(31.228173974778,132.30161632054,
    -215.0565687876));
#5265 = CARTESIAN_POINT('',(31.301929807762,132.3618216092,
    -215.0581937606));
#5266 = CARTESIAN_POINT('',(31.375349767003,132.42240919244,
    -215.0598316025));
#5267 = CARTESIAN_POINT('',(31.448430003923,132.48337713081,
    -215.0614821489));
#5268 = CARTESIAN_POINT('',(31.521166661063,132.54472337193,
    -215.0631451478));
#5269 = CARTESIAN_POINT('',(31.593555872465,132.60644575308,
    -215.0648202606));
#5270 = CARTESIAN_POINT('',(31.665593763448,132.66854199959,
    -215.0665070618));
#5271 = CARTESIAN_POINT('',(31.737276450706,132.7310097256,
    -215.068205039));
#5272 = CARTESIAN_POINT('',(34.660771245903,135.3066342188,
    -215.1382372486));
#5273 = CARTESIAN_POINT('',(36.938000371366,138.40985332722,
    -215.2232043425));
#5274 = CARTESIAN_POINT('',(38.455156318224,141.98301820822,
    -215.2837203894));
#5275 = CARTESIAN_POINT('',(39.022633366676,145.85495369699,
    -215.2692549246));
#5276 = CARTESIAN_POINT('',(38.70043629184,149.67544209259,
    -215.1836510778));
#5277 = CARTESIAN_POINT('',(37.286866464785,153.51188967876,
    -215.0730583425));
#5278 = CARTESIAN_POINT('',(35.003029792037,156.57303895418,
    -215.0037143043));
#5279 = CARTESIAN_POINT('',(32.1978750475,159.2820531865,-215.0062826515
    ));
#5280 = CARTESIAN_POINT('',(28.812516796266,161.34464286523,
    -214.9986339379));
#5281 = CARTESIAN_POINT('',(25.077379847333,162.77535743055,
    -215.0001965147));
#5282 = CARTESIAN_POINT('',(21.120708824735,163.49999999999,
    -214.9999999999));
#5283 = CARTESIAN_POINT('',(17.126933041054,163.5,-215.));
#5284 = DEFINITIONAL_REPRESENTATION('',(#5285),#5289);
#5285 = LINE('',#5286,#5287);
#5286 = CARTESIAN_POINT('',(0.,44.058453782547));
#5287 = VECTOR('',#5288,1.);
#5288 = DIRECTION('',(1.,0.));
#5289 = ( GEOMETRIC_REPRESENTATION_CONTEXT(2) 
PARAMETRIC_REPRESENTATION_CONTEXT() REPRESENTATION_CONTEXT('2D SPACE',''
  ) );
#5290 = ORIENTED_EDGE('',*,*,#5291,.T.);
#5291 = EDGE_CURVE('',#5222,#1087,#5292,.T.);
#5292 = SURFACE_CURVE('',#5293,(#5297,#5304),.PCURVE_S1.);
#5293 = LINE('',#5294,#5295);
#5294 = CARTESIAN_POINT('',(16.549582771864,162.5,-216.));
#5295 = VECTOR('',#5296,1.);
#5296 = DIRECTION('',(-1.,2.38E-15,0.));
#5297 = PCURVE('',#1102,#5298);
#5298 = DEFINITIONAL_REPRESENTATION('',(#5299),#5303);
#5299 = LINE('',#5300,#5301);
#5300 = CARTESIAN_POINT('',(2.362713678801E-15,-0.707106781187));
#5301 = VECTOR('',#5302,1.);
#5302 = DIRECTION('',(1.,2.958228394579E-31));
#5303 = ( GEOMETRIC_REPRESENTATION_CONTEXT(2) 
PARAMETRIC_REPRESENTATION_CONTEXT() REPRESENTATION_CONTEXT('2D SPACE',''
  ) );
#5304 = PCURVE('',#1130,#5305);
#5305 = DEFINITIONAL_REPRESENTATION('',(#5306),#5310);
#5306 = LINE('',#5307,#5308);
#5307 = CARTESIAN_POINT('',(4.516796130031,51.322331191));
#5308 = VECTOR('',#5309,1.);
#5309 = DIRECTION('',(1.,2.38E-15));
#5310 = ( GEOMETRIC_REPRESENTATION_CONTEXT(2) 
PARAMETRIC_REPRESENTATION_CONTEXT() REPRESENTATION_CONTEXT('2D SPACE',''
  ) );
#5311 = ORIENTED_EDGE('',*,*,#1086,.T.);
#5312 = ORIENTED_EDGE('',*,*,#5069,.F.);
#5313 = ADVANCED_FACE('',(#5314),#1130,.T.);
#5314 = FACE_BOUND('',#5315,.T.);
#5315 = EDGE_LOOP('',(#5316,#5317,#5318,#5383,#5411));
#5316 = ORIENTED_EDGE('',*,*,#1114,.T.);
#5317 = ORIENTED_EDGE('',*,*,#5291,.F.);
#5318 = ORIENTED_EDGE('',*,*,#5319,.F.);
#5319 = EDGE_CURVE('',#5320,#5222,#5322,.T.);
#5320 = VERTEX_POINT('',#5321);
#5321 = CARTESIAN_POINT('',(30.560689770792,133.49575288787,-216.));
#5322 = SURFACE_CURVE('',#5323,(#5348,#5376),.PCURVE_S1.);
#5323 = B_SPLINE_CURVE_WITH_KNOTS('',12,(#5324,#5325,#5326,#5327,#5328,
    #5329,#5330,#5331,#5332,#5333,#5334,#5335,#5336,#5337,#5338,#5339,
    #5340,#5341,#5342,#5343,#5344,#5345,#5346,#5347),.UNSPECIFIED.,.F.,
  .F.,(13,11,13),(-1.101759655555,0.,44.058453782547),.UNSPECIFIED.);
#5324 = CARTESIAN_POINT('',(30.070610713447,133.05725272756,-216.));
#5325 = CARTESIAN_POINT('',(30.138199389705,133.1157618138,-216.));
#5326 = CARTESIAN_POINT('',(30.205448372822,133.17454153279,
    -215.9999999999));
#5327 = CARTESIAN_POINT('',(30.272355765816,133.23359415335,-216.));
#5328 = CARTESIAN_POINT('',(30.338919915033,133.29292172771,
    -215.9999999999));
#5329 = CARTESIAN_POINT('',(30.405139410218,133.35252609077,-216.));
#5330 = CARTESIAN_POINT('',(30.471013084417,133.41240886154,
    -215.9999999999));
#5331 = CARTESIAN_POINT('',(30.536540014081,133.47257144089,-216.));
#5332 = CARTESIAN_POINT('',(30.601719518984,133.53301501446,-216.));
#5333 = CARTESIAN_POINT('',(30.666551162265,133.59374054956,
    -215.9999999999));
#5334 = CARTESIAN_POINT('',(30.731034750423,133.65474879783,-216.));
#5335 = CARTESIAN_POINT('',(30.795170333303,133.71604029345,
    -215.9999999999));
#5336 = CARTESIAN_POINT('',(33.40978219166,136.23995089906,-216.));
#5337 = CARTESIAN_POINT('',(35.40420150311,139.15525063962,
    -215.9999999999));
#5338 = CARTESIAN_POINT('',(36.710995484301,142.40183071543,
    -216.0000000001));
#5339 = CARTESIAN_POINT('',(37.2468443165,145.83157887992,
    -215.9999999998));
#5340 = CARTESIAN_POINT('',(36.951934301305,149.28622825859,
    -216.0000000001));
#5341 = CARTESIAN_POINT('',(35.878983121847,152.59414849922,
    -215.9999999999));
#5342 = CARTESIAN_POINT('',(34.011404275179,155.67166453175,-216.));
#5343 = CARTESIAN_POINT('',(31.436877940709,158.29554403436,-216.));
#5344 = CARTESIAN_POINT('',(28.290549452942,160.37122531453,
    -215.9999999999));
#5345 = CARTESIAN_POINT('',(24.733036000448,161.78802006106,-216.));
#5346 = CARTESIAN_POINT('',(20.950018847997,162.5,-215.9999999999));
#5347 = CARTESIAN_POINT('',(17.126933041054,162.5,-216.));
#5348 = PCURVE('',#1130,#5349);
#5349 = DEFINITIONAL_REPRESENTATION('',(#5350),#5375);
#5350 = B_SPLINE_CURVE_WITH_KNOTS('',12,(#5351,#5352,#5353,#5354,#5355,
    #5356,#5357,#5358,#5359,#5360,#5361,#5362,#5363,#5364,#5365,#5366,
    #5367,#5368,#5369,#5370,#5371,#5372,#5373,#5374),.UNSPECIFIED.,.F.,
  .F.,(13,11,13),(-1.101759655555,0.,44.058453782547),.UNSPECIFIED.);
#5351 = CARTESIAN_POINT('',(-9.004231811552,21.879583918567));
#5352 = CARTESIAN_POINT('',(-9.07182048781,21.938093004805));
#5353 = CARTESIAN_POINT('',(-9.139069470927,21.996872723796));
#5354 = CARTESIAN_POINT('',(-9.205976863921,22.055925344359));
#5355 = CARTESIAN_POINT('',(-9.272541013137,22.115252918712));
#5356 = CARTESIAN_POINT('',(-9.338760508323,22.174857281771));
#5357 = CARTESIAN_POINT('',(-9.404634182522,22.234740052543));
#5358 = CARTESIAN_POINT('',(-9.470161112185,22.294902631897));
#5359 = CARTESIAN_POINT('',(-9.535340617089,22.35534620546));
#5360 = CARTESIAN_POINT('',(-9.60017226037,22.416071740561));
#5361 = CARTESIAN_POINT('',(-9.664655848528,22.477079988836));
#5362 = CARTESIAN_POINT('',(-9.728791431408,22.538371484453));
#5363 = CARTESIAN_POINT('',(-12.34340328976,25.062282090064));
#5364 = CARTESIAN_POINT('',(-14.33782260121,27.977581830625));
#5365 = CARTESIAN_POINT('',(-15.6446165824,31.224161906435));
#5366 = CARTESIAN_POINT('',(-16.1804654146,34.653910070921));
#5367 = CARTESIAN_POINT('',(-15.88555539941,38.108559449597));
#5368 = CARTESIAN_POINT('',(-14.81260421995,41.416479690229));
#5369 = CARTESIAN_POINT('',(-12.94502537328,44.493995722758));
#5370 = CARTESIAN_POINT('',(-10.37049903881,47.117875225365));
#5371 = CARTESIAN_POINT('',(-7.224170551047,49.193556505539));
#5372 = CARTESIAN_POINT('',(-3.666657098553,50.610351252069));
#5373 = CARTESIAN_POINT('',(0.116360053898,51.322331191));
#5374 = CARTESIAN_POINT('',(3.939445860842,51.322331191));
#5375 = ( GEOMETRIC_REPRESENTATION_CONTEXT(2) 
PARAMETRIC_REPRESENTATION_CONTEXT() REPRESENTATION_CONTEXT('2D SPACE',''
  ) );
#5376 = PCURVE('',#5235,#5377);
#5377 = DEFINITIONAL_REPRESENTATION('',(#5378),#5382);
#5378 = LINE('',#5379,#5380);
#5379 = CARTESIAN_POINT('',(0.,0.));
#5380 = VECTOR('',#5381,1.);
#5381 = DIRECTION('',(0.,1.));
#5382 = ( GEOMETRIC_REPRESENTATION_CONTEXT(2) 
PARAMETRIC_REPRESENTATION_CONTEXT() REPRESENTATION_CONTEXT('2D SPACE',''
  ) );
#5383 = ORIENTED_EDGE('',*,*,#5384,.T.);
#5384 = EDGE_CURVE('',#5320,#5385,#5387,.T.);
#5385 = VERTEX_POINT('',#5386);
#5386 = CARTESIAN_POINT('',(30.560689770792,100.96120318183,-216.));
#5387 = SURFACE_CURVE('',#5388,(#5392,#5399),.PCURVE_S1.);
#5388 = LINE('',#5389,#5390);
#5389 = CARTESIAN_POINT('',(30.560689770792,133.05010040201,-216.));
#5390 = VECTOR('',#5391,1.);
#5391 = DIRECTION('',(0.,-1.,0.));
#5392 = PCURVE('',#1130,#5393);
#5393 = DEFINITIONAL_REPRESENTATION('',(#5394),#5398);
#5394 = LINE('',#5395,#5396);
#5395 = CARTESIAN_POINT('',(-9.494310868897,21.87243159301));
#5396 = VECTOR('',#5397,1.);
#5397 = DIRECTION('',(0.,-1.));
#5398 = ( GEOMETRIC_REPRESENTATION_CONTEXT(2) 
PARAMETRIC_REPRESENTATION_CONTEXT() REPRESENTATION_CONTEXT('2D SPACE',''
  ) );
#5399 = PCURVE('',#5400,#5405);
#5400 = PLANE('',#5401);
#5401 = AXIS2_PLACEMENT_3D('',#5402,#5403,#5404);
#5402 = CARTESIAN_POINT('',(31.310689770792,133.05010040201,
    -215.5669872981));
#5403 = DIRECTION('',(0.5,0.,-0.866025403784));
#5404 = DIRECTION('',(0.,1.,0.));
#5405 = DEFINITIONAL_REPRESENTATION('',(#5406),#5410);
#5406 = LINE('',#5407,#5408);
#5407 = CARTESIAN_POINT('',(-0.,-0.866025403784));
#5408 = VECTOR('',#5409,1.);
#5409 = DIRECTION('',(-1.,0.));
#5410 = ( GEOMETRIC_REPRESENTATION_CONTEXT(2) 
PARAMETRIC_REPRESENTATION_CONTEXT() REPRESENTATION_CONTEXT('2D SPACE',''
  ) );
#5411 = ORIENTED_EDGE('',*,*,#5412,.F.);
#5412 = EDGE_CURVE('',#1115,#5385,#5413,.T.);
#5413 = SURFACE_CURVE('',#5414,(#5447,#5483),.PCURVE_S1.);
#5414 = B_SPLINE_CURVE_WITH_KNOTS('',11,(#5415,#5416,#5417,#5418,#5419,
    #5420,#5421,#5422,#5423,#5424,#5425,#5426,#5427,#5428,#5429,#5430,
    #5431,#5432,#5433,#5434,#5435,#5436,#5437,#5438,#5439,#5440,#5441,
    #5442,#5443,#5444,#5445,#5446),.UNSPECIFIED.,.F.,.F.,(12,10,10,12),(
    -2.434810473085,-6.498798705447E-03,61.609270660472,63.592471326249)
  ,.UNSPECIFIED.);
#5415 = CARTESIAN_POINT('',(7.241923004025,57.434207941198,-216.));
#5416 = CARTESIAN_POINT('',(7.488487754715,57.46261650511,-216.));
#5417 = CARTESIAN_POINT('',(7.733677250377,57.490866615633,-216.));
#5418 = CARTESIAN_POINT('',(7.977491491012,57.518958272767,-216.));
#5419 = CARTESIAN_POINT('',(8.21993047662,57.546891476512,-216.));
#5420 = CARTESIAN_POINT('',(8.4609942072,57.574666226869,-216.));
#5421 = CARTESIAN_POINT('',(8.700682682752,57.602282523836,-216.));
#5422 = CARTESIAN_POINT('',(8.938995903277,57.629740367414,-216.));
#5423 = CARTESIAN_POINT('',(9.175933868775,57.657039757604,-216.));
#5424 = CARTESIAN_POINT('',(9.411496579245,57.684180694404,-216.));
#5425 = CARTESIAN_POINT('',(9.645684034687,57.711163177815,-216.));
#5426 = CARTESIAN_POINT('',(15.785852782205,58.418617815214,
    -215.9999999999));
#5427 = CARTESIAN_POINT('',(21.526930828713,60.165000122979,-216.));
#5428 = CARTESIAN_POINT('',(26.809990932992,62.942205854917,
    -215.9999999998));
#5429 = CARTESIAN_POINT('',(31.351446464072,66.647848252807,
    -216.0000000003));
#5430 = CARTESIAN_POINT('',(34.923950112401,71.108739612048,
    -215.9999999996));
#5431 = CARTESIAN_POINT('',(37.313441089277,76.121058491172,
    -216.0000000003));
#5432 = CARTESIAN_POINT('',(38.456557150404,81.38988812137,
    -215.9999999997));
#5433 = CARTESIAN_POINT('',(38.320552920306,86.729292308184,
    -216.0000000001));
#5434 = CARTESIAN_POINT('',(36.920739515372,91.873380680512,
    -215.9999999999));
#5435 = CARTESIAN_POINT('',(34.361090747308,96.592465138631,-216.));
#5436 = CARTESIAN_POINT('',(30.691503706815,100.81446727283,-216.));
#5437 = CARTESIAN_POINT('',(30.576044216573,100.94547025073,
    -215.9999999999));
#5438 = CARTESIAN_POINT('',(30.45955555684,101.07581922504,
    -216.0000000001));
#5439 = CARTESIAN_POINT('',(30.342040597989,101.20551228446,
    -215.9999999998));
#5440 = CARTESIAN_POINT('',(30.223503145836,101.33454829629,
    -216.0000000002));
#5441 = CARTESIAN_POINT('',(30.103947940858,101.46292690419,
    -215.9999999997));
#5442 = CARTESIAN_POINT('',(29.983380659224,101.59064853112,
    -216.0000000001));
#5443 = CARTESIAN_POINT('',(29.861807911701,101.71771437622,
    -215.9999999999));
#5444 = CARTESIAN_POINT('',(29.739237244602,101.8441264175,-216.));
#5445 = CARTESIAN_POINT('',(29.615677139113,101.96988740997,
    -215.9999999999));
#5446 = CARTESIAN_POINT('',(29.491137011681,102.09500088668,-216.));
#5447 = PCURVE('',#1130,#5448);
#5448 = DEFINITIONAL_REPRESENTATION('',(#5449),#5482);
#5449 = B_SPLINE_CURVE_WITH_KNOTS('',11,(#5450,#5451,#5452,#5453,#5454,
    #5455,#5456,#5457,#5458,#5459,#5460,#5461,#5462,#5463,#5464,#5465,
    #5466,#5467,#5468,#5469,#5470,#5471,#5472,#5473,#5474,#5475,#5476,
    #5477,#5478,#5479,#5480,#5481),.UNSPECIFIED.,.F.,.F.,(12,10,10,12),(
    -2.434810473085,-6.498798705447E-03,61.609270660472,63.592471326249)
  ,.UNSPECIFIED.);
#5450 = CARTESIAN_POINT('',(13.82445589787,-53.7434608678));
#5451 = CARTESIAN_POINT('',(13.57789114718,-53.71505230389));
#5452 = CARTESIAN_POINT('',(13.332701651518,-53.68680219336));
#5453 = CARTESIAN_POINT('',(13.088887410883,-53.65871053623));
#5454 = CARTESIAN_POINT('',(12.846448425275,-53.63077733248));
#5455 = CARTESIAN_POINT('',(12.605384694695,-53.60300258213));
#5456 = CARTESIAN_POINT('',(12.365696219143,-53.57538628516));
#5457 = CARTESIAN_POINT('',(12.127382998618,-53.54792844158));
#5458 = CARTESIAN_POINT('',(11.89044503312,-53.52062905139));
#5459 = CARTESIAN_POINT('',(11.65488232265,-53.49348811459));
#5460 = CARTESIAN_POINT('',(11.420694867208,-53.46650563118));
#5461 = CARTESIAN_POINT('',(5.28052611969,-52.75905099378));
#5462 = CARTESIAN_POINT('',(-0.460551926818,-51.01266868602));
#5463 = CARTESIAN_POINT('',(-5.743612031097,-48.23546295408));
#5464 = CARTESIAN_POINT('',(-10.28506756217,-44.52982055619));
#5465 = CARTESIAN_POINT('',(-13.8575712105,-40.06892919695));
#5466 = CARTESIAN_POINT('',(-16.24706218738,-35.05661031782));
#5467 = CARTESIAN_POINT('',(-17.3901782485,-29.78778068763));
#5468 = CARTESIAN_POINT('',(-17.25417401841,-24.44837650081));
#5469 = CARTESIAN_POINT('',(-15.85436061347,-19.30428812848));
#5470 = CARTESIAN_POINT('',(-13.29471184541,-14.58520367036));
#5471 = CARTESIAN_POINT('',(-9.625124804919,-10.36320153616));
#5472 = CARTESIAN_POINT('',(-9.509665314677,-10.23219855826));
#5473 = CARTESIAN_POINT('',(-9.393176654944,-10.10184958395));
#5474 = CARTESIAN_POINT('',(-9.275661696094,-9.972156524539));
#5475 = CARTESIAN_POINT('',(-9.15712424394,-9.843120512707));
#5476 = CARTESIAN_POINT('',(-9.037569038962,-9.714741904807));
#5477 = CARTESIAN_POINT('',(-8.917001757329,-9.587020277879));
#5478 = CARTESIAN_POINT('',(-8.795429009806,-9.459954432777));
#5479 = CARTESIAN_POINT('',(-8.672858342706,-9.333542391491));
#5480 = CARTESIAN_POINT('',(-8.549298237218,-9.207781399021));
#5481 = CARTESIAN_POINT('',(-8.424758109786,-9.08266792232));
#5482 = ( GEOMETRIC_REPRESENTATION_CONTEXT(2) 
PARAMETRIC_REPRESENTATION_CONTEXT() REPRESENTATION_CONTEXT('2D SPACE',''
  ) );
#5483 = PCURVE('',#1162,#5484);
#5484 = DEFINITIONAL_REPRESENTATION('',(#5485),#5489);
#5485 = LINE('',#5486,#5487);
#5486 = CARTESIAN_POINT('',(63.598970124954,0.));
#5487 = VECTOR('',#5488,1.);
#5488 = DIRECTION('',(0.,1.));
#5489 = ( GEOMETRIC_REPRESENTATION_CONTEXT(2) 
PARAMETRIC_REPRESENTATION_CONTEXT() REPRESENTATION_CONTEXT('2D SPACE',''
  ) );
#5490 = ADVANCED_FACE('',(#5491),#1162,.T.);
#5491 = FACE_BOUND('',#5492,.T.);
#5492 = EDGE_LOOP('',(#5493,#5525,#5552,#5553,#5554));
#5493 = ORIENTED_EDGE('',*,*,#5494,.T.);
#5494 = EDGE_CURVE('',#5385,#5495,#5497,.T.);
#5495 = VERTEX_POINT('',#5496);
#5496 = CARTESIAN_POINT('',(32.060689770792,101.25572744241,
    -215.1339745962));
#5497 = SURFACE_CURVE('',#5498,(#5505,#5515),.PCURVE_S1.);
#5498 = B_SPLINE_CURVE_WITH_KNOTS('',5,(#5499,#5500,#5501,#5502,#5503,
    #5504),.UNSPECIFIED.,.F.,.F.,(6,6),(0.,1.),
  .PIECEWISE_BEZIER_KNOTS.);
#5499 = CARTESIAN_POINT('',(30.560689770793,100.96120318183,-216.));
#5500 = CARTESIAN_POINT('',(30.861812738446,101.01972092457,
    -215.8261465735));
#5501 = CARTESIAN_POINT('',(31.162341750666,101.07846033614,
    -215.6526360674));
#5502 = CARTESIAN_POINT('',(31.462310948405,101.1373891422,
    -215.4794487703));
#5503 = CARTESIAN_POINT('',(31.761750776345,101.19648598159,
    -215.3065671051));
#5504 = CARTESIAN_POINT('',(32.060689770792,101.25572744241,
    -215.1339745962));
#5505 = PCURVE('',#1162,#5506);
#5506 = DEFINITIONAL_REPRESENTATION('',(#5507),#5514);
#5507 = B_SPLINE_CURVE_WITH_KNOTS('',5,(#5508,#5509,#5510,#5511,#5512,
    #5513),.UNSPECIFIED.,.F.,.F.,(6,6),(0.,1.),
  .PIECEWISE_BEZIER_KNOTS.);
#5508 = CARTESIAN_POINT('',(63.598970124954,61.992339929151));
#5509 = CARTESIAN_POINT('',(51.570480582081,61.830515369723));
#5510 = CARTESIAN_POINT('',(39.541915694485,61.672898230555));
#5511 = CARTESIAN_POINT('',(27.513280866609,61.519308970707));
#5512 = CARTESIAN_POINT('',(15.484581181632,61.369558746848));
#5513 = CARTESIAN_POINT('',(3.455821045755,61.223478086108));
#5514 = ( GEOMETRIC_REPRESENTATION_CONTEXT(2) 
PARAMETRIC_REPRESENTATION_CONTEXT() REPRESENTATION_CONTEXT('2D SPACE',''
  ) );
#5515 = PCURVE('',#5400,#5516);
#5516 = DEFINITIONAL_REPRESENTATION('',(#5517),#5524);
#5517 = B_SPLINE_CURVE_WITH_KNOTS('',5,(#5518,#5519,#5520,#5521,#5522,
    #5523),.UNSPECIFIED.,.F.,.F.,(6,6),(0.,1.),
  .PIECEWISE_BEZIER_KNOTS.);
#5518 = CARTESIAN_POINT('',(-32.08889722017,-0.866025403784));
#5519 = CARTESIAN_POINT('',(-32.03037947743,-0.518318550916));
#5520 = CARTESIAN_POINT('',(-31.97164006586,-0.171297538707));
#5521 = CARTESIAN_POINT('',(-31.9127112598,0.175077055419));
#5522 = CARTESIAN_POINT('',(-31.85361442041,0.520840385954));
#5523 = CARTESIAN_POINT('',(-31.79437295959,0.866025403784));
#5524 = ( GEOMETRIC_REPRESENTATION_CONTEXT(2) 
PARAMETRIC_REPRESENTATION_CONTEXT() REPRESENTATION_CONTEXT('2D SPACE',''
  ) );
#5525 = ORIENTED_EDGE('',*,*,#5526,.T.);
#5526 = EDGE_CURVE('',#5495,#4118,#5527,.T.);
#5527 = SURFACE_CURVE('',#5528,(#5534,#5543),.PCURVE_S1.);
#5528 = B_SPLINE_CURVE_WITH_KNOTS('',4,(#5529,#5530,#5531,#5532,#5533),
  .UNSPECIFIED.,.F.,.F.,(5,5),(0.,1.),.PIECEWISE_BEZIER_KNOTS.);
#5529 = CARTESIAN_POINT('',(32.060689770792,101.25572744241,
    -215.1339745962));
#5530 = CARTESIAN_POINT('',(32.067899182302,101.27652377439,
    -215.1214875291));
#5531 = CARTESIAN_POINT('',(32.075109561401,101.29730407747,
    -215.1089987862));
#5532 = CARTESIAN_POINT('',(32.082320902147,101.31806847312,
    -215.0965083776));
#5533 = CARTESIAN_POINT('',(32.089533198704,101.33881708013,
    -215.0840163136));
#5534 = PCURVE('',#1162,#5535);
#5535 = DEFINITIONAL_REPRESENTATION('',(#5536),#5542);
#5536 = B_SPLINE_CURVE_WITH_KNOTS('',4,(#5537,#5538,#5539,#5540,#5541),
  .UNSPECIFIED.,.F.,.F.,(5,5),(0.,1.),.PIECEWISE_BEZIER_KNOTS.);
#5537 = CARTESIAN_POINT('',(3.455821096312,61.223478077542));
#5538 = CARTESIAN_POINT('',(2.591867503671,61.234569155908));
#5539 = CARTESIAN_POINT('',(1.727912782451,61.245627402384));
#5540 = CARTESIAN_POINT('',(0.863956944216,61.256653070625));
#5541 = CARTESIAN_POINT('',(0.,61.267646408605));
#5542 = ( GEOMETRIC_REPRESENTATION_CONTEXT(2) 
PARAMETRIC_REPRESENTATION_CONTEXT() REPRESENTATION_CONTEXT('2D SPACE',''
  ) );
#5543 = PCURVE('',#4133,#5544);
#5544 = DEFINITIONAL_REPRESENTATION('',(#5545),#5551);
#5545 = B_SPLINE_CURVE_WITH_KNOTS('',4,(#5546,#5547,#5548,#5549,#5550),
  .UNSPECIFIED.,.F.,.F.,(5,5),(0.,1.),.PIECEWISE_BEZIER_KNOTS.);
#5546 = CARTESIAN_POINT('',(-8.308923149235E-02,-36.22858344878));
#5547 = CARTESIAN_POINT('',(-6.229289951513E-02,-36.21416462576));
#5548 = CARTESIAN_POINT('',(-4.151259643739E-02,-36.19974386756));
#5549 = CARTESIAN_POINT('',(-2.074820078373E-02,-36.18532118607));
#5550 = CARTESIAN_POINT('',(4.062229947976E-07,-36.17089659296));
#5551 = ( GEOMETRIC_REPRESENTATION_CONTEXT(2) 
PARAMETRIC_REPRESENTATION_CONTEXT() REPRESENTATION_CONTEXT('2D SPACE',''
  ) );
#5552 = ORIENTED_EDGE('',*,*,#4145,.F.);
#5553 = ORIENTED_EDGE('',*,*,#1142,.T.);
#5554 = ORIENTED_EDGE('',*,*,#5412,.T.);
#5555 = ADVANCED_FACE('',(#5556),#1284,.T.);
#5556 = FACE_BOUND('',#5557,.T.);
#5557 = EDGE_LOOP('',(#5558,#5581,#5582,#5583,#5606,#5629,#5652));
#5558 = ORIENTED_EDGE('',*,*,#5559,.F.);
#5559 = EDGE_CURVE('',#1297,#5560,#5562,.T.);
#5560 = VERTEX_POINT('',#5561);
#5561 = CARTESIAN_POINT('',(39.,109.5,-102.3730669589));
#5562 = SURFACE_CURVE('',#5563,(#5567,#5574),.PCURVE_S1.);
#5563 = LINE('',#5564,#5565);
#5564 = CARTESIAN_POINT('',(29.052558883258,109.5,-119.6025403784));
#5565 = VECTOR('',#5566,1.);
#5566 = DIRECTION('',(0.5,0.,0.866025403784));
#5567 = PCURVE('',#1284,#5568);
#5568 = DEFINITIONAL_REPRESENTATION('',(#5569),#5573);
#5569 = LINE('',#5570,#5571);
#5570 = CARTESIAN_POINT('',(-18.10511776651,-25.));
#5571 = VECTOR('',#5572,1.);
#5572 = DIRECTION('',(-1.,0.));
#5573 = ( GEOMETRIC_REPRESENTATION_CONTEXT(2) 
PARAMETRIC_REPRESENTATION_CONTEXT() REPRESENTATION_CONTEXT('2D SPACE',''
  ) );
#5574 = PCURVE('',#1335,#5575);
#5575 = DEFINITIONAL_REPRESENTATION('',(#5576),#5580);
#5576 = LINE('',#5577,#5578);
#5577 = CARTESIAN_POINT('',(6.320508075689,9.052558883258));
#5578 = VECTOR('',#5579,1.);
#5579 = DIRECTION('',(-0.866025403784,0.5));
#5580 = ( GEOMETRIC_REPRESENTATION_CONTEXT(2) 
PARAMETRIC_REPRESENTATION_CONTEXT() REPRESENTATION_CONTEXT('2D SPACE',''
  ) );
#5581 = ORIENTED_EDGE('',*,*,#1296,.F.);
#5582 = ORIENTED_EDGE('',*,*,#1266,.F.);
#5583 = ORIENTED_EDGE('',*,*,#5584,.F.);
#5584 = EDGE_CURVE('',#5585,#1267,#5587,.T.);
#5585 = VERTEX_POINT('',#5586);
#5586 = CARTESIAN_POINT('',(39.,59.5,-102.3730669589));
#5587 = SURFACE_CURVE('',#5588,(#5592,#5599),.PCURVE_S1.);
#5588 = LINE('',#5589,#5590);
#5589 = CARTESIAN_POINT('',(29.052558883258,59.5,-119.6025403784));
#5590 = VECTOR('',#5591,1.);
#5591 = DIRECTION('',(-0.5,0.,-0.866025403784));
#5592 = PCURVE('',#1284,#5593);
#5593 = DEFINITIONAL_REPRESENTATION('',(#5594),#5598);
#5594 = LINE('',#5595,#5596);
#5595 = CARTESIAN_POINT('',(-18.10511776651,25.));
#5596 = VECTOR('',#5597,1.);
#5597 = DIRECTION('',(1.,-0.));
#5598 = ( GEOMETRIC_REPRESENTATION_CONTEXT(2) 
PARAMETRIC_REPRESENTATION_CONTEXT() REPRESENTATION_CONTEXT('2D SPACE',''
  ) );
#5599 = PCURVE('',#1389,#5600);
#5600 = DEFINITIONAL_REPRESENTATION('',(#5601),#5605);
#5601 = LINE('',#5602,#5603);
#5602 = CARTESIAN_POINT('',(-6.320508075689,9.052558883258));
#5603 = VECTOR('',#5604,1.);
#5604 = DIRECTION('',(-0.866025403784,-0.5));
#5605 = ( GEOMETRIC_REPRESENTATION_CONTEXT(2) 
PARAMETRIC_REPRESENTATION_CONTEXT() REPRESENTATION_CONTEXT('2D SPACE',''
  ) );
#5606 = ORIENTED_EDGE('',*,*,#5607,.F.);
#5607 = EDGE_CURVE('',#5608,#5585,#5610,.T.);
#5608 = VERTEX_POINT('',#5609);
#5609 = CARTESIAN_POINT('',(39.5,59.,-101.5070415551));
#5610 = SURFACE_CURVE('',#5611,(#5615,#5622),.PCURVE_S1.);
#5611 = LINE('',#5612,#5613);
#5612 = CARTESIAN_POINT('',(29.3,69.2,-119.1739597923));
#5613 = VECTOR('',#5614,1.);
#5614 = DIRECTION('',(-0.4472135955,0.4472135955,-0.774596669241));
#5615 = PCURVE('',#1284,#5616);
#5616 = DEFINITIONAL_REPRESENTATION('',(#5617),#5621);
#5617 = LINE('',#5618,#5619);
#5618 = CARTESIAN_POINT('',(-18.6,15.3));
#5619 = VECTOR('',#5620,1.);
#5620 = DIRECTION('',(0.894427191,-0.4472135955));
#5621 = ( GEOMETRIC_REPRESENTATION_CONTEXT(2) 
PARAMETRIC_REPRESENTATION_CONTEXT() REPRESENTATION_CONTEXT('2D SPACE',''
  ) );
#5622 = PCURVE('',#3832,#5623);
#5623 = DEFINITIONAL_REPRESENTATION('',(#5624),#5628);
#5624 = LINE('',#5625,#5626);
#5625 = CARTESIAN_POINT('',(-18.53294364098,-14.4249783362));
#5626 = VECTOR('',#5627,1.);
#5627 = DIRECTION('',(-0.774596669241,-0.632455532034));
#5628 = ( GEOMETRIC_REPRESENTATION_CONTEXT(2) 
PARAMETRIC_REPRESENTATION_CONTEXT() REPRESENTATION_CONTEXT('2D SPACE',''
  ) );
#5629 = ORIENTED_EDGE('',*,*,#5630,.T.);
#5630 = EDGE_CURVE('',#5608,#5631,#5633,.T.);
#5631 = VERTEX_POINT('',#5632);
#5632 = CARTESIAN_POINT('',(39.5,110.,-101.5070415551));
#5633 = SURFACE_CURVE('',#5634,(#5638,#5645),.PCURVE_S1.);
#5634 = LINE('',#5635,#5636);
#5635 = CARTESIAN_POINT('',(39.5,59.5,-101.5070415551));
#5636 = VECTOR('',#5637,1.);
#5637 = DIRECTION('',(-7.3E-16,1.,-1.26E-15));
#5638 = PCURVE('',#1284,#5639);
#5639 = DEFINITIONAL_REPRESENTATION('',(#5640),#5644);
#5640 = LINE('',#5641,#5642);
#5641 = CARTESIAN_POINT('',(-39.,25.));
#5642 = VECTOR('',#5643,1.);
#5643 = DIRECTION('',(1.456192008768E-15,-1.));
#5644 = ( GEOMETRIC_REPRESENTATION_CONTEXT(2) 
PARAMETRIC_REPRESENTATION_CONTEXT() REPRESENTATION_CONTEXT('2D SPACE',''
  ) );
#5645 = PCURVE('',#3806,#5646);
#5646 = DEFINITIONAL_REPRESENTATION('',(#5647),#5651);
#5647 = LINE('',#5648,#5649);
#5648 = CARTESIAN_POINT('',(-9.809600438418E-17,-0.258819045103));
#5649 = VECTOR('',#5650,1.);
#5650 = DIRECTION('',(-1.,-4.930380657631E-32));
#5651 = ( GEOMETRIC_REPRESENTATION_CONTEXT(2) 
PARAMETRIC_REPRESENTATION_CONTEXT() REPRESENTATION_CONTEXT('2D SPACE',''
  ) );
#5652 = ORIENTED_EDGE('',*,*,#5653,.T.);
#5653 = EDGE_CURVE('',#5631,#5560,#5654,.T.);
#5654 = SURFACE_CURVE('',#5655,(#5659,#5666),.PCURVE_S1.);
#5655 = LINE('',#5656,#5657);
#5656 = CARTESIAN_POINT('',(29.3,99.8,-119.1739597923));
#5657 = VECTOR('',#5658,1.);
#5658 = DIRECTION('',(-0.4472135955,-0.4472135955,-0.774596669241));
#5659 = PCURVE('',#1284,#5660);
#5660 = DEFINITIONAL_REPRESENTATION('',(#5661),#5665);
#5661 = LINE('',#5662,#5663);
#5662 = CARTESIAN_POINT('',(-18.6,-15.3));
#5663 = VECTOR('',#5664,1.);
#5664 = DIRECTION('',(0.894427191,0.4472135955));
#5665 = ( GEOMETRIC_REPRESENTATION_CONTEXT(2) 
PARAMETRIC_REPRESENTATION_CONTEXT() REPRESENTATION_CONTEXT('2D SPACE',''
  ) );
#5666 = PCURVE('',#3778,#5667);
#5667 = DEFINITIONAL_REPRESENTATION('',(#5668),#5672);
#5668 = LINE('',#5669,#5670);
#5669 = CARTESIAN_POINT('',(18.532943640987,-14.4249783362));
#5670 = VECTOR('',#5671,1.);
#5671 = DIRECTION('',(0.774596669241,-0.632455532034));
#5672 = ( GEOMETRIC_REPRESENTATION_CONTEXT(2) 
PARAMETRIC_REPRESENTATION_CONTEXT() REPRESENTATION_CONTEXT('2D SPACE',''
  ) );
#5673 = ADVANCED_FACE('',(#5674),#1335,.T.);
#5674 = FACE_BOUND('',#5675,.T.);
#5675 = EDGE_LOOP('',(#5676,#5699,#5700,#5701));
#5676 = ORIENTED_EDGE('',*,*,#5677,.F.);
#5677 = EDGE_CURVE('',#1320,#5678,#5680,.T.);
#5678 = VERTEX_POINT('',#5679);
#5679 = CARTESIAN_POINT('',(39.,109.5,-58.37306695894));
#5680 = SURFACE_CURVE('',#5681,(#5685,#5692),.PCURVE_S1.);
#5681 = LINE('',#5682,#5683);
#5682 = CARTESIAN_POINT('',(10.,109.5,-108.6025403784));
#5683 = VECTOR('',#5684,1.);
#5684 = DIRECTION('',(0.5,0.,0.866025403784));
#5685 = PCURVE('',#1335,#5686);
#5686 = DEFINITIONAL_REPRESENTATION('',(#5687),#5691);
#5687 = LINE('',#5688,#5689);
#5688 = CARTESIAN_POINT('',(-4.679491924311,-10.));
#5689 = VECTOR('',#5690,1.);
#5690 = DIRECTION('',(-0.866025403784,0.5));
#5691 = ( GEOMETRIC_REPRESENTATION_CONTEXT(2) 
PARAMETRIC_REPRESENTATION_CONTEXT() REPRESENTATION_CONTEXT('2D SPACE',''
  ) );
#5692 = PCURVE('',#1363,#5693);
#5693 = DEFINITIONAL_REPRESENTATION('',(#5694),#5698);
#5694 = LINE('',#5695,#5696);
#5695 = CARTESIAN_POINT('',(-20.,-25.));
#5696 = VECTOR('',#5697,1.);
#5697 = DIRECTION('',(1.,0.));
#5698 = ( GEOMETRIC_REPRESENTATION_CONTEXT(2) 
PARAMETRIC_REPRESENTATION_CONTEXT() REPRESENTATION_CONTEXT('2D SPACE',''
  ) );
#5699 = ORIENTED_EDGE('',*,*,#1319,.F.);
#5700 = ORIENTED_EDGE('',*,*,#5559,.T.);
#5701 = ORIENTED_EDGE('',*,*,#5702,.T.);
#5702 = EDGE_CURVE('',#5560,#5678,#5703,.T.);
#5703 = SURFACE_CURVE('',#5704,(#5708,#5715),.PCURVE_S1.);
#5704 = LINE('',#5705,#5706);
#5705 = CARTESIAN_POINT('',(39.,109.5,-100.6410161513));
#5706 = VECTOR('',#5707,1.);
#5707 = DIRECTION('',(0.,0.,1.));
#5708 = PCURVE('',#1335,#5709);
#5709 = DEFINITIONAL_REPRESENTATION('',(#5710),#5714);
#5710 = LINE('',#5711,#5712);
#5711 = CARTESIAN_POINT('',(-12.64101615137,19.));
#5712 = VECTOR('',#5713,1.);
#5713 = DIRECTION('',(-1.,0.));
#5714 = ( GEOMETRIC_REPRESENTATION_CONTEXT(2) 
PARAMETRIC_REPRESENTATION_CONTEXT() REPRESENTATION_CONTEXT('2D SPACE',''
  ) );
#5715 = PCURVE('',#3778,#5716);
#5716 = DEFINITIONAL_REPRESENTATION('',(#5717),#5721);
#5717 = LINE('',#5718,#5719);
#5718 = CARTESIAN_POINT('',(-0.,-0.707106781187));
#5719 = VECTOR('',#5720,1.);
#5720 = DIRECTION('',(-1.,0.));
#5721 = ( GEOMETRIC_REPRESENTATION_CONTEXT(2) 
PARAMETRIC_REPRESENTATION_CONTEXT() REPRESENTATION_CONTEXT('2D SPACE',''
  ) );
#5722 = ADVANCED_FACE('',(#5723),#1363,.T.);
#5723 = FACE_BOUND('',#5724,.T.);
#5724 = EDGE_LOOP('',(#5725,#5748,#5749,#5750,#5773,#5796));
#5725 = ORIENTED_EDGE('',*,*,#5726,.F.);
#5726 = EDGE_CURVE('',#1348,#5727,#5729,.T.);
#5727 = VERTEX_POINT('',#5728);
#5728 = CARTESIAN_POINT('',(39.,59.5,-58.37306695894));
#5729 = SURFACE_CURVE('',#5730,(#5734,#5741),.PCURVE_S1.);
#5730 = LINE('',#5731,#5732);
#5731 = CARTESIAN_POINT('',(10.,59.5,-108.6025403784));
#5732 = VECTOR('',#5733,1.);
#5733 = DIRECTION('',(0.5,0.,0.866025403784));
#5734 = PCURVE('',#1363,#5735);
#5735 = DEFINITIONAL_REPRESENTATION('',(#5736),#5740);
#5736 = LINE('',#5737,#5738);
#5737 = CARTESIAN_POINT('',(-20.,25.));
#5738 = VECTOR('',#5739,1.);
#5739 = DIRECTION('',(1.,0.));
#5740 = ( GEOMETRIC_REPRESENTATION_CONTEXT(2) 
PARAMETRIC_REPRESENTATION_CONTEXT() REPRESENTATION_CONTEXT('2D SPACE',''
  ) );
#5741 = PCURVE('',#1389,#5742);
#5742 = DEFINITIONAL_REPRESENTATION('',(#5743),#5747);
#5743 = LINE('',#5744,#5745);
#5744 = CARTESIAN_POINT('',(4.679491924311,-10.));
#5745 = VECTOR('',#5746,1.);
#5746 = DIRECTION('',(0.866025403784,0.5));
#5747 = ( GEOMETRIC_REPRESENTATION_CONTEXT(2) 
PARAMETRIC_REPRESENTATION_CONTEXT() REPRESENTATION_CONTEXT('2D SPACE',''
  ) );
#5748 = ORIENTED_EDGE('',*,*,#1347,.F.);
#5749 = ORIENTED_EDGE('',*,*,#5677,.T.);
#5750 = ORIENTED_EDGE('',*,*,#5751,.F.);
#5751 = EDGE_CURVE('',#5752,#5678,#5754,.T.);
#5752 = VERTEX_POINT('',#5753);
#5753 = CARTESIAN_POINT('',(39.5,110.,-57.50704155516));
#5754 = SURFACE_CURVE('',#5755,(#5759,#5766),.PCURVE_S1.);
#5755 = LINE('',#5756,#5757);
#5756 = CARTESIAN_POINT('',(21.678976446697,92.178976446697,
    -88.37395979236));
#5757 = VECTOR('',#5758,1.);
#5758 = DIRECTION('',(-0.4472135955,-0.4472135955,-0.774596669241));
#5759 = PCURVE('',#1363,#5760);
#5760 = DEFINITIONAL_REPRESENTATION('',(#5761),#5765);
#5761 = LINE('',#5762,#5763);
#5762 = CARTESIAN_POINT('',(3.357952893394,-7.678976446697));
#5763 = VECTOR('',#5764,1.);
#5764 = DIRECTION('',(-0.894427191,0.4472135955));
#5765 = ( GEOMETRIC_REPRESENTATION_CONTEXT(2) 
PARAMETRIC_REPRESENTATION_CONTEXT() REPRESENTATION_CONTEXT('2D SPACE',''
  ) );
#5766 = PCURVE('',#3778,#5767);
#5767 = DEFINITIONAL_REPRESENTATION('',(#5768),#5772);
#5768 = LINE('',#5769,#5770);
#5769 = CARTESIAN_POINT('',(-12.26705635901,-25.20273320445));
#5770 = VECTOR('',#5771,1.);
#5771 = DIRECTION('',(0.774596669241,-0.632455532034));
#5772 = ( GEOMETRIC_REPRESENTATION_CONTEXT(2) 
PARAMETRIC_REPRESENTATION_CONTEXT() REPRESENTATION_CONTEXT('2D SPACE',''
  ) );
#5773 = ORIENTED_EDGE('',*,*,#5774,.F.);
#5774 = EDGE_CURVE('',#5775,#5752,#5777,.T.);
#5775 = VERTEX_POINT('',#5776);
#5776 = CARTESIAN_POINT('',(39.5,59.,-57.50704155516));
#5777 = SURFACE_CURVE('',#5778,(#5782,#5789),.PCURVE_S1.);
#5778 = LINE('',#5779,#5780);
#5779 = CARTESIAN_POINT('',(39.5,59.5,-57.50704155516));
#5780 = VECTOR('',#5781,1.);
#5781 = DIRECTION('',(-7.3E-16,1.,-1.26E-15));
#5782 = PCURVE('',#1363,#5783);
#5783 = DEFINITIONAL_REPRESENTATION('',(#5784),#5788);
#5784 = LINE('',#5785,#5786);
#5785 = CARTESIAN_POINT('',(39.,25.));
#5786 = VECTOR('',#5787,1.);
#5787 = DIRECTION('',(-1.456192008768E-15,-1.));
#5788 = ( GEOMETRIC_REPRESENTATION_CONTEXT(2) 
PARAMETRIC_REPRESENTATION_CONTEXT() REPRESENTATION_CONTEXT('2D SPACE',''
  ) );
#5789 = PCURVE('',#3750,#5790);
#5790 = DEFINITIONAL_REPRESENTATION('',(#5791),#5795);
#5791 = LINE('',#5792,#5793);
#5792 = CARTESIAN_POINT('',(1.358096004384E-15,-0.965925826289));
#5793 = VECTOR('',#5794,1.);
#5794 = DIRECTION('',(1.,-1.972152263053E-31));
#5795 = ( GEOMETRIC_REPRESENTATION_CONTEXT(2) 
PARAMETRIC_REPRESENTATION_CONTEXT() REPRESENTATION_CONTEXT('2D SPACE',''
  ) );
#5796 = ORIENTED_EDGE('',*,*,#5797,.T.);
#5797 = EDGE_CURVE('',#5775,#5727,#5798,.T.);
#5798 = SURFACE_CURVE('',#5799,(#5803,#5810),.PCURVE_S1.);
#5799 = LINE('',#5800,#5801);
#5800 = CARTESIAN_POINT('',(21.678976446697,76.821023553303,
    -88.37395979236));
#5801 = VECTOR('',#5802,1.);
#5802 = DIRECTION('',(-0.4472135955,0.4472135955,-0.774596669241));
#5803 = PCURVE('',#1363,#5804);
#5804 = DEFINITIONAL_REPRESENTATION('',(#5805),#5809);
#5805 = LINE('',#5806,#5807);
#5806 = CARTESIAN_POINT('',(3.357952893394,7.678976446697));
#5807 = VECTOR('',#5808,1.);
#5808 = DIRECTION('',(-0.894427191,-0.4472135955));
#5809 = ( GEOMETRIC_REPRESENTATION_CONTEXT(2) 
PARAMETRIC_REPRESENTATION_CONTEXT() REPRESENTATION_CONTEXT('2D SPACE',''
  ) );
#5810 = PCURVE('',#3832,#5811);
#5811 = DEFINITIONAL_REPRESENTATION('',(#5812),#5816);
#5812 = LINE('',#5813,#5814);
#5813 = CARTESIAN_POINT('',(12.267056359013,-25.20273320445));
#5814 = VECTOR('',#5815,1.);
#5815 = DIRECTION('',(-0.774596669241,-0.632455532034));
#5816 = ( GEOMETRIC_REPRESENTATION_CONTEXT(2) 
PARAMETRIC_REPRESENTATION_CONTEXT() REPRESENTATION_CONTEXT('2D SPACE',''
  ) );
#5817 = ADVANCED_FACE('',(#5818),#1389,.T.);
#5818 = FACE_BOUND('',#5819,.T.);
#5819 = EDGE_LOOP('',(#5820,#5821,#5842,#5843));
#5820 = ORIENTED_EDGE('',*,*,#5726,.T.);
#5821 = ORIENTED_EDGE('',*,*,#5822,.F.);
#5822 = EDGE_CURVE('',#5585,#5727,#5823,.T.);
#5823 = SURFACE_CURVE('',#5824,(#5828,#5835),.PCURVE_S1.);
#5824 = LINE('',#5825,#5826);
#5825 = CARTESIAN_POINT('',(39.,59.5,-100.6410161513));
#5826 = VECTOR('',#5827,1.);
#5827 = DIRECTION('',(0.,0.,1.));
#5828 = PCURVE('',#1389,#5829);
#5829 = DEFINITIONAL_REPRESENTATION('',(#5830),#5834);
#5830 = LINE('',#5831,#5832);
#5831 = CARTESIAN_POINT('',(12.641016151378,19.));
#5832 = VECTOR('',#5833,1.);
#5833 = DIRECTION('',(1.,0.));
#5834 = ( GEOMETRIC_REPRESENTATION_CONTEXT(2) 
PARAMETRIC_REPRESENTATION_CONTEXT() REPRESENTATION_CONTEXT('2D SPACE',''
  ) );
#5835 = PCURVE('',#3832,#5836);
#5836 = DEFINITIONAL_REPRESENTATION('',(#5837),#5841);
#5837 = LINE('',#5838,#5839);
#5838 = CARTESIAN_POINT('',(0.,-0.707106781187));
#5839 = VECTOR('',#5840,1.);
#5840 = DIRECTION('',(1.,0.));
#5841 = ( GEOMETRIC_REPRESENTATION_CONTEXT(2) 
PARAMETRIC_REPRESENTATION_CONTEXT() REPRESENTATION_CONTEXT('2D SPACE',''
  ) );
#5842 = ORIENTED_EDGE('',*,*,#5584,.T.);
#5843 = ORIENTED_EDGE('',*,*,#1375,.F.);
#5844 = ADVANCED_FACE('',(#5845),#1421,.T.);
#5845 = FACE_BOUND('',#5846,.T.);
#5846 = EDGE_LOOP('',(#5847,#5870,#5871,#5894,#5917,#5940));
#5847 = ORIENTED_EDGE('',*,*,#5848,.F.);
#5848 = EDGE_CURVE('',#1406,#5849,#5851,.T.);
#5849 = VERTEX_POINT('',#5850);
#5850 = CARTESIAN_POINT('',(39.,160.5,-91.11473670974));
#5851 = SURFACE_CURVE('',#5852,(#5856,#5863),.PCURVE_S1.);
#5852 = LINE('',#5853,#5854);
#5853 = CARTESIAN_POINT('',(29.052558883258,160.5,-108.3442101292));
#5854 = VECTOR('',#5855,1.);
#5855 = DIRECTION('',(0.5,0.,0.866025403784));
#5856 = PCURVE('',#1421,#5857);
#5857 = DEFINITIONAL_REPRESENTATION('',(#5858),#5862);
#5858 = LINE('',#5859,#5860);
#5859 = CARTESIAN_POINT('',(-18.10511776651,-24.));
#5860 = VECTOR('',#5861,1.);
#5861 = DIRECTION('',(-1.,4.930380657631E-32));
#5862 = ( GEOMETRIC_REPRESENTATION_CONTEXT(2) 
PARAMETRIC_REPRESENTATION_CONTEXT() REPRESENTATION_CONTEXT('2D SPACE',''
  ) );
#5863 = PCURVE('',#1449,#5864);
#5864 = DEFINITIONAL_REPRESENTATION('',(#5865),#5869);
#5865 = LINE('',#5866,#5867);
#5866 = CARTESIAN_POINT('',(-9.052558883258,6.320508075688));
#5867 = VECTOR('',#5868,1.);
#5868 = DIRECTION('',(-0.5,-0.866025403784));
#5869 = ( GEOMETRIC_REPRESENTATION_CONTEXT(2) 
PARAMETRIC_REPRESENTATION_CONTEXT() REPRESENTATION_CONTEXT('2D SPACE',''
  ) );
#5870 = ORIENTED_EDGE('',*,*,#1403,.F.);
#5871 = ORIENTED_EDGE('',*,*,#5872,.T.);
#5872 = EDGE_CURVE('',#1404,#5873,#5875,.T.);
#5873 = VERTEX_POINT('',#5874);
#5874 = CARTESIAN_POINT('',(39.,112.5,-91.11473670974));
#5875 = SURFACE_CURVE('',#5876,(#5880,#5887),.PCURVE_S1.);
#5876 = LINE('',#5877,#5878);
#5877 = CARTESIAN_POINT('',(29.052558883258,112.5,-108.3442101292));
#5878 = VECTOR('',#5879,1.);
#5879 = DIRECTION('',(0.5,0.,0.866025403784));
#5880 = PCURVE('',#1421,#5881);
#5881 = DEFINITIONAL_REPRESENTATION('',(#5882),#5886);
#5882 = LINE('',#5883,#5884);
#5883 = CARTESIAN_POINT('',(-18.10511776651,24.));
#5884 = VECTOR('',#5885,1.);
#5885 = DIRECTION('',(-1.,4.930380657631E-32));
#5886 = ( GEOMETRIC_REPRESENTATION_CONTEXT(2) 
PARAMETRIC_REPRESENTATION_CONTEXT() REPRESENTATION_CONTEXT('2D SPACE',''
  ) );
#5887 = PCURVE('',#1503,#5888);
#5888 = DEFINITIONAL_REPRESENTATION('',(#5889),#5893);
#5889 = LINE('',#5890,#5891);
#5890 = CARTESIAN_POINT('',(9.052558883258,6.320508075689));
#5891 = VECTOR('',#5892,1.);
#5892 = DIRECTION('',(0.5,-0.866025403784));
#5893 = ( GEOMETRIC_REPRESENTATION_CONTEXT(2) 
PARAMETRIC_REPRESENTATION_CONTEXT() REPRESENTATION_CONTEXT('2D SPACE',''
  ) );
#5894 = ORIENTED_EDGE('',*,*,#5895,.F.);
#5895 = EDGE_CURVE('',#5896,#5873,#5898,.T.);
#5896 = VERTEX_POINT('',#5897);
#5897 = CARTESIAN_POINT('',(39.5,112.,-90.24871130596));
#5898 = SURFACE_CURVE('',#5899,(#5903,#5910),.PCURVE_S1.);
#5899 = LINE('',#5900,#5901);
#5900 = CARTESIAN_POINT('',(29.4,122.1,-107.7424244624));
#5901 = VECTOR('',#5902,1.);
#5902 = DIRECTION('',(-0.4472135955,0.4472135955,-0.774596669241));
#5903 = PCURVE('',#1421,#5904);
#5904 = DEFINITIONAL_REPRESENTATION('',(#5905),#5909);
#5905 = LINE('',#5906,#5907);
#5906 = CARTESIAN_POINT('',(-18.8,14.399999999998));
#5907 = VECTOR('',#5908,1.);
#5908 = DIRECTION('',(0.894427191,-0.4472135955));
#5909 = ( GEOMETRIC_REPRESENTATION_CONTEXT(2) 
PARAMETRIC_REPRESENTATION_CONTEXT() REPRESENTATION_CONTEXT('2D SPACE',''
  ) );
#5910 = PCURVE('',#3474,#5911);
#5911 = DEFINITIONAL_REPRESENTATION('',(#5912),#5916);
#5912 = LINE('',#5913,#5914);
#5913 = CARTESIAN_POINT('',(-18.35973856022,-14.28355697996));
#5914 = VECTOR('',#5915,1.);
#5915 = DIRECTION('',(-0.774596669241,-0.632455532034));
#5916 = ( GEOMETRIC_REPRESENTATION_CONTEXT(2) 
PARAMETRIC_REPRESENTATION_CONTEXT() REPRESENTATION_CONTEXT('2D SPACE',''
  ) );
#5917 = ORIENTED_EDGE('',*,*,#5918,.T.);
#5918 = EDGE_CURVE('',#5896,#5919,#5921,.T.);
#5919 = VERTEX_POINT('',#5920);
#5920 = CARTESIAN_POINT('',(39.5,161.,-90.24871130596));
#5921 = SURFACE_CURVE('',#5922,(#5926,#5933),.PCURVE_S1.);
#5922 = LINE('',#5923,#5924);
#5923 = CARTESIAN_POINT('',(39.5,112.5,-90.24871130596));
#5924 = VECTOR('',#5925,1.);
#5925 = DIRECTION('',(-7.3E-16,1.,-1.27E-15));
#5926 = PCURVE('',#1421,#5927);
#5927 = DEFINITIONAL_REPRESENTATION('',(#5928),#5932);
#5928 = LINE('',#5929,#5930);
#5929 = CARTESIAN_POINT('',(-39.,24.));
#5930 = VECTOR('',#5931,1.);
#5931 = DIRECTION('',(1.464852262806E-15,-1.));
#5932 = ( GEOMETRIC_REPRESENTATION_CONTEXT(2) 
PARAMETRIC_REPRESENTATION_CONTEXT() REPRESENTATION_CONTEXT('2D SPACE',''
  ) );
#5933 = PCURVE('',#3446,#5934);
#5934 = DEFINITIONAL_REPRESENTATION('',(#5935),#5939);
#5935 = LINE('',#5936,#5937);
#5936 = CARTESIAN_POINT('',(-9.742613140311E-17,-0.258819045103));
#5937 = VECTOR('',#5938,1.);
#5938 = DIRECTION('',(-1.,0.));
#5939 = ( GEOMETRIC_REPRESENTATION_CONTEXT(2) 
PARAMETRIC_REPRESENTATION_CONTEXT() REPRESENTATION_CONTEXT('2D SPACE',''
  ) );
#5940 = ORIENTED_EDGE('',*,*,#5941,.T.);
#5941 = EDGE_CURVE('',#5919,#5849,#5942,.T.);
#5942 = SURFACE_CURVE('',#5943,(#5947,#5954),.PCURVE_S1.);
#5943 = LINE('',#5944,#5945);
#5944 = CARTESIAN_POINT('',(29.4,150.9,-107.7424244624));
#5945 = VECTOR('',#5946,1.);
#5946 = DIRECTION('',(-0.4472135955,-0.4472135955,-0.774596669241));
#5947 = PCURVE('',#1421,#5948);
#5948 = DEFINITIONAL_REPRESENTATION('',(#5949),#5953);
#5949 = LINE('',#5950,#5951);
#5950 = CARTESIAN_POINT('',(-18.8,-14.4));
#5951 = VECTOR('',#5952,1.);
#5952 = DIRECTION('',(0.894427191,0.4472135955));
#5953 = ( GEOMETRIC_REPRESENTATION_CONTEXT(2) 
PARAMETRIC_REPRESENTATION_CONTEXT() REPRESENTATION_CONTEXT('2D SPACE',''
  ) );
#5954 = PCURVE('',#3418,#5955);
#5955 = DEFINITIONAL_REPRESENTATION('',(#5956),#5960);
#5956 = LINE('',#5957,#5958);
#5957 = CARTESIAN_POINT('',(18.35973856023,-14.28355697996));
#5958 = VECTOR('',#5959,1.);
#5959 = DIRECTION('',(0.774596669241,-0.632455532034));
#5960 = ( GEOMETRIC_REPRESENTATION_CONTEXT(2) 
PARAMETRIC_REPRESENTATION_CONTEXT() REPRESENTATION_CONTEXT('2D SPACE',''
  ) );
#5961 = ADVANCED_FACE('',(#5962),#1449,.T.);
#5962 = FACE_BOUND('',#5963,.T.);
#5963 = EDGE_LOOP('',(#5964,#5965,#5986,#5987,#5988));
#5964 = ORIENTED_EDGE('',*,*,#4942,.F.);
#5965 = ORIENTED_EDGE('',*,*,#5966,.F.);
#5966 = EDGE_CURVE('',#1434,#4920,#5967,.T.);
#5967 = SURFACE_CURVE('',#5968,(#5972,#5979),.PCURVE_S1.);
#5968 = LINE('',#5969,#5970);
#5969 = CARTESIAN_POINT('',(10.,160.5,-97.34421012924));
#5970 = VECTOR('',#5971,1.);
#5971 = DIRECTION('',(0.5,0.,0.866025403784));
#5972 = PCURVE('',#1449,#5973);
#5973 = DEFINITIONAL_REPRESENTATION('',(#5974),#5978);
#5974 = LINE('',#5975,#5976);
#5975 = CARTESIAN_POINT('',(10.,-4.679491924312));
#5976 = VECTOR('',#5977,1.);
#5977 = DIRECTION('',(-0.5,-0.866025403784));
#5978 = ( GEOMETRIC_REPRESENTATION_CONTEXT(2) 
PARAMETRIC_REPRESENTATION_CONTEXT() REPRESENTATION_CONTEXT('2D SPACE',''
  ) );
#5979 = PCURVE('',#1477,#5980);
#5980 = DEFINITIONAL_REPRESENTATION('',(#5981),#5985);
#5981 = LINE('',#5982,#5983);
#5982 = CARTESIAN_POINT('',(-20.,-24.));
#5983 = VECTOR('',#5984,1.);
#5984 = DIRECTION('',(1.,0.));
#5985 = ( GEOMETRIC_REPRESENTATION_CONTEXT(2) 
PARAMETRIC_REPRESENTATION_CONTEXT() REPRESENTATION_CONTEXT('2D SPACE',''
  ) );
#5986 = ORIENTED_EDGE('',*,*,#1433,.F.);
#5987 = ORIENTED_EDGE('',*,*,#5848,.T.);
#5988 = ORIENTED_EDGE('',*,*,#5989,.T.);
#5989 = EDGE_CURVE('',#5849,#4943,#5990,.T.);
#5990 = SURFACE_CURVE('',#5991,(#5995,#6002),.PCURVE_S1.);
#5991 = LINE('',#5992,#5993);
#5992 = CARTESIAN_POINT('',(39.,160.5,-89.38268590218));
#5993 = VECTOR('',#5994,1.);
#5994 = DIRECTION('',(0.,0.,1.));
#5995 = PCURVE('',#1449,#5996);
#5996 = DEFINITIONAL_REPRESENTATION('',(#5997),#6001);
#5997 = LINE('',#5998,#5999);
#5998 = CARTESIAN_POINT('',(-19.,-12.64101615137));
#5999 = VECTOR('',#6000,1.);
#6000 = DIRECTION('',(0.,-1.));
#6001 = ( GEOMETRIC_REPRESENTATION_CONTEXT(2) 
PARAMETRIC_REPRESENTATION_CONTEXT() REPRESENTATION_CONTEXT('2D SPACE',''
  ) );
#6002 = PCURVE('',#3418,#6003);
#6003 = DEFINITIONAL_REPRESENTATION('',(#6004),#6008);
#6004 = LINE('',#6005,#6006);
#6005 = CARTESIAN_POINT('',(-0.,-0.707106781187));
#6006 = VECTOR('',#6007,1.);
#6007 = DIRECTION('',(-1.,0.));
#6008 = ( GEOMETRIC_REPRESENTATION_CONTEXT(2) 
PARAMETRIC_REPRESENTATION_CONTEXT() REPRESENTATION_CONTEXT('2D SPACE',''
  ) );
#6009 = ADVANCED_FACE('',(#6010,#6036),#1477,.T.);
#6010 = FACE_BOUND('',#6011,.T.);
#6011 = EDGE_LOOP('',(#6012,#6013,#6014,#6015));
#6012 = ORIENTED_EDGE('',*,*,#1461,.F.);
#6013 = ORIENTED_EDGE('',*,*,#5966,.T.);
#6014 = ORIENTED_EDGE('',*,*,#4919,.F.);
#6015 = ORIENTED_EDGE('',*,*,#6016,.T.);
#6016 = EDGE_CURVE('',#4897,#1462,#6017,.T.);
#6017 = SURFACE_CURVE('',#6018,(#6022,#6029),.PCURVE_S1.);
#6018 = LINE('',#6019,#6020);
#6019 = CARTESIAN_POINT('',(10.,112.5,-97.34421012924));
#6020 = VECTOR('',#6021,1.);
#6021 = DIRECTION('',(-0.5,0.,-0.866025403784));
#6022 = PCURVE('',#1477,#6023);
#6023 = DEFINITIONAL_REPRESENTATION('',(#6024),#6028);
#6024 = LINE('',#6025,#6026);
#6025 = CARTESIAN_POINT('',(-20.,24.));
#6026 = VECTOR('',#6027,1.);
#6027 = DIRECTION('',(-1.,-0.));
#6028 = ( GEOMETRIC_REPRESENTATION_CONTEXT(2) 
PARAMETRIC_REPRESENTATION_CONTEXT() REPRESENTATION_CONTEXT('2D SPACE',''
  ) );
#6029 = PCURVE('',#1503,#6030);
#6030 = DEFINITIONAL_REPRESENTATION('',(#6031),#6035);
#6031 = LINE('',#6032,#6033);
#6032 = CARTESIAN_POINT('',(-10.,-4.679491924311));
#6033 = VECTOR('',#6034,1.);
#6034 = DIRECTION('',(-0.5,0.866025403784));
#6035 = ( GEOMETRIC_REPRESENTATION_CONTEXT(2) 
PARAMETRIC_REPRESENTATION_CONTEXT() REPRESENTATION_CONTEXT('2D SPACE',''
  ) );
#6036 = FACE_BOUND('',#6037,.T.);
#6037 = EDGE_LOOP('',(#6038));
#6038 = ORIENTED_EDGE('',*,*,#6039,.F.);
#6039 = EDGE_CURVE('',#6040,#6040,#6042,.T.);
#6040 = VERTEX_POINT('',#6041);
#6041 = CARTESIAN_POINT('',(25.388040039984,131.,-70.69134295109));
#6042 = SURFACE_CURVE('',#6043,(#6048,#6055),.PCURVE_S1.);
#6043 = ELLIPSE('',#6044,6.350852961086,5.5);
#6044 = AXIS2_PLACEMENT_3D('',#6045,#6046,#6047);
#6045 = CARTESIAN_POINT('',(25.388040039984,136.5,-70.69134295109));
#6046 = DIRECTION('',(0.866025403784,0.,-0.5));
#6047 = DIRECTION('',(-0.5,0.,-0.866025403784));
#6048 = PCURVE('',#1477,#6049);
#6049 = DEFINITIONAL_REPRESENTATION('',(#6050),#6054);
#6050 = ELLIPSE('',#6051,6.350852961086,5.5);
#6051 = AXIS2_PLACEMENT_2D('',#6052,#6053);
#6052 = CARTESIAN_POINT('',(10.776080079968,2.84217094304E-14));
#6053 = DIRECTION('',(-1.,-0.));
#6054 = ( GEOMETRIC_REPRESENTATION_CONTEXT(2) 
PARAMETRIC_REPRESENTATION_CONTEXT() REPRESENTATION_CONTEXT('2D SPACE',''
  ) );
#6055 = PCURVE('',#6056,#6061);
#6056 = CYLINDRICAL_SURFACE('',#6057,5.5);
#6057 = AXIS2_PLACEMENT_3D('',#6058,#6059,#6060);
#6058 = CARTESIAN_POINT('',(16.,136.5,-70.69134295109));
#6059 = DIRECTION('',(-1.,0.,0.));
#6060 = DIRECTION('',(0.,-1.,0.));
#6061 = DEFINITIONAL_REPRESENTATION('',(#6062),#6093);
#6062 = B_SPLINE_CURVE_WITH_KNOTS('',8,(#6063,#6064,#6065,#6066,#6067,
    #6068,#6069,#6070,#6071,#6072,#6073,#6074,#6075,#6076,#6077,#6078,
    #6079,#6080,#6081,#6082,#6083,#6084,#6085,#6086,#6087,#6088,#6089,
    #6090,#6091,#6092),.UNSPECIFIED.,.F.,.F.,(9,7,7,7,9),(4.712388980385
    ,6.28318530718,7.461282552276,9.22842841992,10.995574287564),
  .UNSPECIFIED.);
#6063 = CARTESIAN_POINT('',(6.28318530718,-9.388040039984));
#6064 = CARTESIAN_POINT('',(6.08683576633,-8.764546508528));
#6065 = CARTESIAN_POINT('',(5.890486225481,-8.141052829027));
#6066 = CARTESIAN_POINT('',(5.694136684634,-7.55418913746));
#6067 = CARTESIAN_POINT('',(5.497787143783,-7.040578227374));
#6068 = CARTESIAN_POINT('',(5.301437602937,-6.632347635346));
#6069 = CARTESIAN_POINT('',(5.105088062084,-6.352525314254));
#6070 = CARTESIAN_POINT('',(4.908738521234,-6.212613559441));
#6071 = CARTESIAN_POINT('',(4.565126824748,-6.212613559441));
#6072 = CARTESIAN_POINT('',(4.41786466911,-6.291314129215));
#6073 = CARTESIAN_POINT('',(4.270602513474,-6.448713330028));
#6074 = CARTESIAN_POINT('',(4.123340357836,-6.681175980049));
#6075 = CARTESIAN_POINT('',(3.976078202199,-6.981410274311));
#6076 = CARTESIAN_POINT('',(3.828816046563,-7.338925128919));
#6077 = CARTESIAN_POINT('',(3.681553890926,-7.740832250913));
#6078 = CARTESIAN_POINT('',(3.313398501833,-8.820893961597));
#6079 = CARTESIAN_POINT('',(3.092505268382,-9.536695423605));
#6080 = CARTESIAN_POINT('',(2.871612034927,-10.27207341254));
#6081 = CARTESIAN_POINT('',(2.65071880148,-10.9718116602));
#6082 = CARTESIAN_POINT('',(2.429825568014,-11.58108275839));
#6083 = CARTESIAN_POINT('',(2.208932334558,-12.05509341969));
#6084 = CARTESIAN_POINT('',(1.9880391011,-12.36560934304));
#6085 = CARTESIAN_POINT('',(1.546252634189,-12.63929383915));
#6086 = CARTESIAN_POINT('',(1.325359400744,-12.60246256341));
#6087 = CARTESIAN_POINT('',(1.104466167227,-12.38178618054));
#6088 = CARTESIAN_POINT('',(0.883572933882,-11.98515606253));
#6089 = CARTESIAN_POINT('',(0.662679700326,-11.44017520971));
#6090 = CARTESIAN_POINT('',(0.441786466922,-10.79090087399));
#6091 = CARTESIAN_POINT('',(0.220893233456,-10.08947026287));
#6092 = CARTESIAN_POINT('',(1.066E-14,-9.388040039984));
#6093 = ( GEOMETRIC_REPRESENTATION_CONTEXT(2) 
PARAMETRIC_REPRESENTATION_CONTEXT() REPRESENTATION_CONTEXT('2D SPACE',''
  ) );
#6094 = ADVANCED_FACE('',(#6095),#1503,.T.);
#6095 = FACE_BOUND('',#6096,.T.);
#6096 = EDGE_LOOP('',(#6097,#6098,#6119,#6120,#6121));
#6097 = ORIENTED_EDGE('',*,*,#4896,.F.);
#6098 = ORIENTED_EDGE('',*,*,#6099,.F.);
#6099 = EDGE_CURVE('',#5873,#4874,#6100,.T.);
#6100 = SURFACE_CURVE('',#6101,(#6105,#6112),.PCURVE_S1.);
#6101 = LINE('',#6102,#6103);
#6102 = CARTESIAN_POINT('',(39.,112.5,-89.38268590218));
#6103 = VECTOR('',#6104,1.);
#6104 = DIRECTION('',(0.,8.704E-14,1.));
#6105 = PCURVE('',#1503,#6106);
#6106 = DEFINITIONAL_REPRESENTATION('',(#6107),#6111);
#6107 = LINE('',#6108,#6109);
#6108 = CARTESIAN_POINT('',(19.,-12.64101615137));
#6109 = VECTOR('',#6110,1.);
#6110 = DIRECTION('',(-1.3778432E-27,-1.));
#6111 = ( GEOMETRIC_REPRESENTATION_CONTEXT(2) 
PARAMETRIC_REPRESENTATION_CONTEXT() REPRESENTATION_CONTEXT('2D SPACE',''
  ) );
#6112 = PCURVE('',#3474,#6113);
#6113 = DEFINITIONAL_REPRESENTATION('',(#6114),#6118);
#6114 = LINE('',#6115,#6116);
#6115 = CARTESIAN_POINT('',(8.87435854394E-16,-0.707106781187));
#6116 = VECTOR('',#6117,1.);
#6117 = DIRECTION('',(1.,-1.262177448354E-29));
#6118 = ( GEOMETRIC_REPRESENTATION_CONTEXT(2) 
PARAMETRIC_REPRESENTATION_CONTEXT() REPRESENTATION_CONTEXT('2D SPACE',''
  ) );
#6119 = ORIENTED_EDGE('',*,*,#5872,.F.);
#6120 = ORIENTED_EDGE('',*,*,#1489,.F.);
#6121 = ORIENTED_EDGE('',*,*,#6016,.F.);
#6122 = ADVANCED_FACE('',(#6123),#1535,.T.);
#6123 = FACE_BOUND('',#6124,.T.);
#6124 = EDGE_LOOP('',(#6125,#6148,#6149,#6172,#6195,#6218));
#6125 = ORIENTED_EDGE('',*,*,#6126,.F.);
#6126 = EDGE_CURVE('',#1520,#6127,#6129,.T.);
#6127 = VERTEX_POINT('',#6128);
#6128 = CARTESIAN_POINT('',(39.,160.5,-141.1147367097));
#6129 = SURFACE_CURVE('',#6130,(#6134,#6141),.PCURVE_S1.);
#6130 = LINE('',#6131,#6132);
#6131 = CARTESIAN_POINT('',(29.052558883258,160.5,-158.3442101292));
#6132 = VECTOR('',#6133,1.);
#6133 = DIRECTION('',(0.5,0.,0.866025403784));
#6134 = PCURVE('',#1535,#6135);
#6135 = DEFINITIONAL_REPRESENTATION('',(#6136),#6140);
#6136 = LINE('',#6137,#6138);
#6137 = CARTESIAN_POINT('',(-9.723877031162,-23.1713181479));
#6138 = VECTOR('',#6139,1.);
#6139 = DIRECTION('',(-1.,-1.109335647967E-31));
#6140 = ( GEOMETRIC_REPRESENTATION_CONTEXT(2) 
PARAMETRIC_REPRESENTATION_CONTEXT() REPRESENTATION_CONTEXT('2D SPACE',''
  ) );
#6141 = PCURVE('',#1563,#6142);
#6142 = DEFINITIONAL_REPRESENTATION('',(#6143),#6147);
#6143 = LINE('',#6144,#6145);
#6144 = CARTESIAN_POINT('',(6.320508075688,9.052558883258));
#6145 = VECTOR('',#6146,1.);
#6146 = DIRECTION('',(-0.866025403784,0.5));
#6147 = ( GEOMETRIC_REPRESENTATION_CONTEXT(2) 
PARAMETRIC_REPRESENTATION_CONTEXT() REPRESENTATION_CONTEXT('2D SPACE',''
  ) );
#6148 = ORIENTED_EDGE('',*,*,#1517,.F.);
#6149 = ORIENTED_EDGE('',*,*,#6150,.T.);
#6150 = EDGE_CURVE('',#1518,#6151,#6153,.T.);
#6151 = VERTEX_POINT('',#6152);
#6152 = CARTESIAN_POINT('',(39.,112.5,-141.1147367097));
#6153 = SURFACE_CURVE('',#6154,(#6158,#6165),.PCURVE_S1.);
#6154 = LINE('',#6155,#6156);
#6155 = CARTESIAN_POINT('',(29.052558883258,112.5,-158.3442101292));
#6156 = VECTOR('',#6157,1.);
#6157 = DIRECTION('',(0.5,0.,0.866025403784));
#6158 = PCURVE('',#1535,#6159);
#6159 = DEFINITIONAL_REPRESENTATION('',(#6160),#6164);
#6160 = LINE('',#6161,#6162);
#6161 = CARTESIAN_POINT('',(-9.723877031162,24.828681852096));
#6162 = VECTOR('',#6163,1.);
#6163 = DIRECTION('',(-1.,-1.109335647967E-31));
#6164 = ( GEOMETRIC_REPRESENTATION_CONTEXT(2) 
PARAMETRIC_REPRESENTATION_CONTEXT() REPRESENTATION_CONTEXT('2D SPACE',''
  ) );
#6165 = PCURVE('',#1617,#6166);
#6166 = DEFINITIONAL_REPRESENTATION('',(#6167),#6171);
#6167 = LINE('',#6168,#6169);
#6168 = CARTESIAN_POINT('',(9.052558883258,20.06217782649));
#6169 = VECTOR('',#6170,1.);
#6170 = DIRECTION('',(0.5,-0.866025403784));
#6171 = ( GEOMETRIC_REPRESENTATION_CONTEXT(2) 
PARAMETRIC_REPRESENTATION_CONTEXT() REPRESENTATION_CONTEXT('2D SPACE',''
  ) );
#6172 = ORIENTED_EDGE('',*,*,#6173,.F.);
#6173 = EDGE_CURVE('',#6174,#6151,#6176,.T.);
#6174 = VERTEX_POINT('',#6175);
#6175 = CARTESIAN_POINT('',(39.5,112.,-140.2487113059));
#6176 = SURFACE_CURVE('',#6177,(#6181,#6188),.PCURVE_S1.);
#6177 = LINE('',#6178,#6179);
#6178 = CARTESIAN_POINT('',(30.993379961861,120.50662003814,
    -154.9826094127));
#6179 = VECTOR('',#6180,1.);
#6180 = DIRECTION('',(-0.4472135955,0.4472135955,-0.774596669241));
#6181 = PCURVE('',#1535,#6182);
#6182 = DEFINITIONAL_REPRESENTATION('',(#6183),#6187);
#6183 = LINE('',#6184,#6185);
#6184 = CARTESIAN_POINT('',(-13.60551918836,16.822061813955));
#6185 = VECTOR('',#6186,1.);
#6186 = DIRECTION('',(0.894427191,-0.4472135955));
#6187 = ( GEOMETRIC_REPRESENTATION_CONTEXT(2) 
PARAMETRIC_REPRESENTATION_CONTEXT() REPRESENTATION_CONTEXT('2D SPACE',''
  ) );
#6188 = PCURVE('',#3946,#6189);
#6189 = DEFINITIONAL_REPRESENTATION('',(#6190),#6194);
#6190 = LINE('',#6191,#6192);
#6191 = CARTESIAN_POINT('',(-15.59992351052,-12.03017742789));
#6192 = VECTOR('',#6193,1.);
#6193 = DIRECTION('',(-0.774596669241,-0.632455532034));
#6194 = ( GEOMETRIC_REPRESENTATION_CONTEXT(2) 
PARAMETRIC_REPRESENTATION_CONTEXT() REPRESENTATION_CONTEXT('2D SPACE',''
  ) );
#6195 = ORIENTED_EDGE('',*,*,#6196,.T.);
#6196 = EDGE_CURVE('',#6174,#6197,#6199,.T.);
#6197 = VERTEX_POINT('',#6198);
#6198 = CARTESIAN_POINT('',(39.5,161.,-140.2487113059));
#6199 = SURFACE_CURVE('',#6200,(#6204,#6211),.PCURVE_S1.);
#6200 = LINE('',#6201,#6202);
#6201 = CARTESIAN_POINT('',(39.5,112.5,-140.2487113059));
#6202 = VECTOR('',#6203,1.);
#6203 = DIRECTION('',(-6.E-16,1.,-1.05E-15));
#6204 = PCURVE('',#1535,#6205);
#6205 = DEFINITIONAL_REPRESENTATION('',(#6206),#6210);
#6206 = LINE('',#6207,#6208);
#6207 = CARTESIAN_POINT('',(-30.61875926464,24.828681852096));
#6208 = VECTOR('',#6209,1.);
#6209 = DIRECTION('',(1.209326673974E-15,-1.));
#6210 = ( GEOMETRIC_REPRESENTATION_CONTEXT(2) 
PARAMETRIC_REPRESENTATION_CONTEXT() REPRESENTATION_CONTEXT('2D SPACE',''
  ) );
#6211 = PCURVE('',#3920,#6212);
#6212 = DEFINITIONAL_REPRESENTATION('',(#6213),#6217);
#6213 = LINE('',#6214,#6215);
#6214 = CARTESIAN_POINT('',(-7.96633369868E-17,-0.258819045103));
#6215 = VECTOR('',#6216,1.);
#6216 = DIRECTION('',(-1.,0.));
#6217 = ( GEOMETRIC_REPRESENTATION_CONTEXT(2) 
PARAMETRIC_REPRESENTATION_CONTEXT() REPRESENTATION_CONTEXT('2D SPACE',''
  ) );
#6218 = ORIENTED_EDGE('',*,*,#6219,.T.);
#6219 = EDGE_CURVE('',#6197,#6127,#6220,.T.);
#6220 = SURFACE_CURVE('',#6221,(#6225,#6232),.PCURVE_S1.);
#6221 = LINE('',#6222,#6223);
#6222 = CARTESIAN_POINT('',(31.15911633228,152.65911633228,
    -154.6955455984));
#6223 = VECTOR('',#6224,1.);
#6224 = DIRECTION('',(-0.4472135955,-0.4472135955,-0.774596669241));
#6225 = PCURVE('',#1535,#6226);
#6226 = DEFINITIONAL_REPRESENTATION('',(#6227),#6231);
#6227 = LINE('',#6228,#6229);
#6228 = CARTESIAN_POINT('',(-13.9369919292,-15.33043448018));
#6229 = VECTOR('',#6230,1.);
#6230 = DIRECTION('',(0.894427191,0.4472135955));
#6231 = ( GEOMETRIC_REPRESENTATION_CONTEXT(2) 
PARAMETRIC_REPRESENTATION_CONTEXT() REPRESENTATION_CONTEXT('2D SPACE',''
  ) );
#6232 = PCURVE('',#3892,#6233);
#6233 = DEFINITIONAL_REPRESENTATION('',(#6234),#6238);
#6234 = LINE('',#6235,#6236);
#6235 = CARTESIAN_POINT('',(15.312859696296,-11.79579080506));
#6236 = VECTOR('',#6237,1.);
#6237 = DIRECTION('',(0.774596669241,-0.632455532034));
#6238 = ( GEOMETRIC_REPRESENTATION_CONTEXT(2) 
PARAMETRIC_REPRESENTATION_CONTEXT() REPRESENTATION_CONTEXT('2D SPACE',''
  ) );
#6239 = ADVANCED_FACE('',(#6240),#1563,.T.);
#6240 = FACE_BOUND('',#6241,.T.);
#6241 = EDGE_LOOP('',(#6242,#6265,#6266,#6267));
#6242 = ORIENTED_EDGE('',*,*,#6243,.F.);
#6243 = EDGE_CURVE('',#1548,#6244,#6246,.T.);
#6244 = VERTEX_POINT('',#6245);
#6245 = CARTESIAN_POINT('',(39.,160.5,-97.11473670974));
#6246 = SURFACE_CURVE('',#6247,(#6251,#6258),.PCURVE_S1.);
#6247 = LINE('',#6248,#6249);
#6248 = CARTESIAN_POINT('',(10.,160.5,-147.3442101292));
#6249 = VECTOR('',#6250,1.);
#6250 = DIRECTION('',(0.5,0.,0.866025403784));
#6251 = PCURVE('',#1563,#6252);
#6252 = DEFINITIONAL_REPRESENTATION('',(#6253),#6257);
#6253 = LINE('',#6254,#6255);
#6254 = CARTESIAN_POINT('',(-4.679491924312,-10.));
#6255 = VECTOR('',#6256,1.);
#6256 = DIRECTION('',(-0.866025403784,0.5));
#6257 = ( GEOMETRIC_REPRESENTATION_CONTEXT(2) 
PARAMETRIC_REPRESENTATION_CONTEXT() REPRESENTATION_CONTEXT('2D SPACE',''
  ) );
#6258 = PCURVE('',#1591,#6259);
#6259 = DEFINITIONAL_REPRESENTATION('',(#6260),#6264);
#6260 = LINE('',#6261,#6262);
#6261 = CARTESIAN_POINT('',(-20.,-24.));
#6262 = VECTOR('',#6263,1.);
#6263 = DIRECTION('',(1.,0.));
#6264 = ( GEOMETRIC_REPRESENTATION_CONTEXT(2) 
PARAMETRIC_REPRESENTATION_CONTEXT() REPRESENTATION_CONTEXT('2D SPACE',''
  ) );
#6265 = ORIENTED_EDGE('',*,*,#1547,.F.);
#6266 = ORIENTED_EDGE('',*,*,#6126,.T.);
#6267 = ORIENTED_EDGE('',*,*,#6268,.T.);
#6268 = EDGE_CURVE('',#6127,#6244,#6269,.T.);
#6269 = SURFACE_CURVE('',#6270,(#6274,#6281),.PCURVE_S1.);
#6270 = LINE('',#6271,#6272);
#6271 = CARTESIAN_POINT('',(39.,160.5,-139.3826859021));
#6272 = VECTOR('',#6273,1.);
#6273 = DIRECTION('',(0.,0.,1.));
#6274 = PCURVE('',#1563,#6275);
#6275 = DEFINITIONAL_REPRESENTATION('',(#6276),#6280);
#6276 = LINE('',#6277,#6278);
#6277 = CARTESIAN_POINT('',(-12.64101615137,19.));
#6278 = VECTOR('',#6279,1.);
#6279 = DIRECTION('',(-1.,0.));
#6280 = ( GEOMETRIC_REPRESENTATION_CONTEXT(2) 
PARAMETRIC_REPRESENTATION_CONTEXT() REPRESENTATION_CONTEXT('2D SPACE',''
  ) );
#6281 = PCURVE('',#3892,#6282);
#6282 = DEFINITIONAL_REPRESENTATION('',(#6283),#6287);
#6283 = LINE('',#6284,#6285);
#6284 = CARTESIAN_POINT('',(-0.,-0.707106781187));
#6285 = VECTOR('',#6286,1.);
#6286 = DIRECTION('',(-1.,0.));
#6287 = ( GEOMETRIC_REPRESENTATION_CONTEXT(2) 
PARAMETRIC_REPRESENTATION_CONTEXT() REPRESENTATION_CONTEXT('2D SPACE',''
  ) );
#6288 = ADVANCED_FACE('',(#6289),#1591,.T.);
#6289 = FACE_BOUND('',#6290,.T.);
#6290 = EDGE_LOOP('',(#6291,#6314,#6315,#6316,#6339,#6362));
#6291 = ORIENTED_EDGE('',*,*,#6292,.T.);
#6292 = EDGE_CURVE('',#6293,#1576,#6295,.T.);
#6293 = VERTEX_POINT('',#6294);
#6294 = CARTESIAN_POINT('',(38.999999999999,112.5,-97.11473670974));
#6295 = SURFACE_CURVE('',#6296,(#6300,#6307),.PCURVE_S1.);
#6296 = LINE('',#6297,#6298);
#6297 = CARTESIAN_POINT('',(18.212019052838,112.5,-133.120575897));
#6298 = VECTOR('',#6299,1.);
#6299 = DIRECTION('',(-0.5,-2.E-17,-0.866025403784));
#6300 = PCURVE('',#1591,#6301);
#6301 = DEFINITIONAL_REPRESENTATION('',(#6302),#6306);
#6302 = LINE('',#6303,#6304);
#6303 = CARTESIAN_POINT('',(-3.575961894324,23.999999999997));
#6304 = VECTOR('',#6305,1.);
#6305 = DIRECTION('',(-1.,2.E-17));
#6306 = ( GEOMETRIC_REPRESENTATION_CONTEXT(2) 
PARAMETRIC_REPRESENTATION_CONTEXT() REPRESENTATION_CONTEXT('2D SPACE',''
  ) );
#6307 = PCURVE('',#1617,#6308);
#6308 = DEFINITIONAL_REPRESENTATION('',(#6309),#6313);
#6309 = LINE('',#6310,#6311);
#6310 = CARTESIAN_POINT('',(-1.787980947162,-5.161456405749));
#6311 = VECTOR('',#6312,1.);
#6312 = DIRECTION('',(-0.5,0.866025403784));
#6313 = ( GEOMETRIC_REPRESENTATION_CONTEXT(2) 
PARAMETRIC_REPRESENTATION_CONTEXT() REPRESENTATION_CONTEXT('2D SPACE',''
  ) );
#6314 = ORIENTED_EDGE('',*,*,#1575,.F.);
#6315 = ORIENTED_EDGE('',*,*,#6243,.T.);
#6316 = ORIENTED_EDGE('',*,*,#6317,.F.);
#6317 = EDGE_CURVE('',#6318,#6244,#6320,.T.);
#6318 = VERTEX_POINT('',#6319);
#6319 = CARTESIAN_POINT('',(39.5,161.,-96.24871130596));
#6320 = SURFACE_CURVE('',#6321,(#6325,#6332),.PCURVE_S1.);
#6321 = LINE('',#6322,#6323);
#6322 = CARTESIAN_POINT('',(21.778976446697,143.27897644669,
    -126.9424244624));
#6323 = VECTOR('',#6324,1.);
#6324 = DIRECTION('',(-0.4472135955,-0.4472135955,-0.774596669241));
#6325 = PCURVE('',#1591,#6326);
#6326 = DEFINITIONAL_REPRESENTATION('',(#6327),#6331);
#6327 = LINE('',#6328,#6329);
#6328 = CARTESIAN_POINT('',(3.557952893394,-6.778976446697));
#6329 = VECTOR('',#6330,1.);
#6330 = DIRECTION('',(-0.894427191,0.4472135955));
#6331 = ( GEOMETRIC_REPRESENTATION_CONTEXT(2) 
PARAMETRIC_REPRESENTATION_CONTEXT() REPRESENTATION_CONTEXT('2D SPACE',''
  ) );
#6332 = PCURVE('',#3892,#6333);
#6333 = DEFINITIONAL_REPRESENTATION('',(#6334),#6338);
#6334 = LINE('',#6335,#6336);
#6335 = CARTESIAN_POINT('',(-12.44026143977,-25.06131184821));
#6336 = VECTOR('',#6337,1.);
#6337 = DIRECTION('',(0.774596669241,-0.632455532034));
#6338 = ( GEOMETRIC_REPRESENTATION_CONTEXT(2) 
PARAMETRIC_REPRESENTATION_CONTEXT() REPRESENTATION_CONTEXT('2D SPACE',''
  ) );
#6339 = ORIENTED_EDGE('',*,*,#6340,.T.);
#6340 = EDGE_CURVE('',#6318,#6341,#6343,.T.);
#6341 = VERTEX_POINT('',#6342);
#6342 = CARTESIAN_POINT('',(39.5,112.,-96.24871130596));
#6343 = SURFACE_CURVE('',#6344,(#6348,#6355),.PCURVE_S1.);
#6344 = LINE('',#6345,#6346);
#6345 = CARTESIAN_POINT('',(39.5,160.5,-96.24871130596));
#6346 = VECTOR('',#6347,1.);
#6347 = DIRECTION('',(7.3E-16,-1.,1.27E-15));
#6348 = PCURVE('',#1591,#6349);
#6349 = DEFINITIONAL_REPRESENTATION('',(#6350),#6354);
#6350 = LINE('',#6351,#6352);
#6351 = CARTESIAN_POINT('',(39.,-24.));
#6352 = VECTOR('',#6353,1.);
#6353 = DIRECTION('',(1.464852262806E-15,1.));
#6354 = ( GEOMETRIC_REPRESENTATION_CONTEXT(2) 
PARAMETRIC_REPRESENTATION_CONTEXT() REPRESENTATION_CONTEXT('2D SPACE',''
  ) );
#6355 = PCURVE('',#3864,#6356);
#6356 = DEFINITIONAL_REPRESENTATION('',(#6357),#6361);
#6357 = LINE('',#6358,#6359);
#6358 = CARTESIAN_POINT('',(1.367426131403E-15,-0.965925826289));
#6359 = VECTOR('',#6360,1.);
#6360 = DIRECTION('',(-1.,-1.972152263053E-31));
#6361 = ( GEOMETRIC_REPRESENTATION_CONTEXT(2) 
PARAMETRIC_REPRESENTATION_CONTEXT() REPRESENTATION_CONTEXT('2D SPACE',''
  ) );
#6362 = ORIENTED_EDGE('',*,*,#6363,.T.);
#6363 = EDGE_CURVE('',#6341,#6293,#6364,.T.);
#6364 = SURFACE_CURVE('',#6365,(#6369,#6376),.PCURVE_S1.);
#6365 = LINE('',#6366,#6367);
#6366 = CARTESIAN_POINT('',(21.778976446697,129.7210235533,
    -126.9424244624));
#6367 = VECTOR('',#6368,1.);
#6368 = DIRECTION('',(-0.4472135955,0.4472135955,-0.774596669241));
#6369 = PCURVE('',#1591,#6370);
#6370 = DEFINITIONAL_REPRESENTATION('',(#6371),#6375);
#6371 = LINE('',#6372,#6373);
#6372 = CARTESIAN_POINT('',(3.557952893395,6.778976446694));
#6373 = VECTOR('',#6374,1.);
#6374 = DIRECTION('',(-0.894427191,-0.4472135955));
#6375 = ( GEOMETRIC_REPRESENTATION_CONTEXT(2) 
PARAMETRIC_REPRESENTATION_CONTEXT() REPRESENTATION_CONTEXT('2D SPACE',''
  ) );
#6376 = PCURVE('',#3946,#6377);
#6377 = DEFINITIONAL_REPRESENTATION('',(#6378),#6382);
#6378 = LINE('',#6379,#6380);
#6379 = CARTESIAN_POINT('',(12.440261439772,-25.06131184821));
#6380 = VECTOR('',#6381,1.);
#6381 = DIRECTION('',(-0.774596669241,-0.632455532034));
#6382 = ( GEOMETRIC_REPRESENTATION_CONTEXT(2) 
PARAMETRIC_REPRESENTATION_CONTEXT() REPRESENTATION_CONTEXT('2D SPACE',''
  ) );
#6383 = ADVANCED_FACE('',(#6384),#1617,.T.);
#6384 = FACE_BOUND('',#6385,.T.);
#6385 = EDGE_LOOP('',(#6386,#6387,#6408,#6409));
#6386 = ORIENTED_EDGE('',*,*,#6292,.F.);
#6387 = ORIENTED_EDGE('',*,*,#6388,.F.);
#6388 = EDGE_CURVE('',#6151,#6293,#6389,.T.);
#6389 = SURFACE_CURVE('',#6390,(#6394,#6401),.PCURVE_S1.);
#6390 = LINE('',#6391,#6392);
#6391 = CARTESIAN_POINT('',(39.,112.5,-139.3826859021));
#6392 = VECTOR('',#6393,1.);
#6393 = DIRECTION('',(0.,8.704E-14,1.));
#6394 = PCURVE('',#1617,#6395);
#6395 = DEFINITIONAL_REPRESENTATION('',(#6396),#6400);
#6396 = LINE('',#6397,#6398);
#6397 = CARTESIAN_POINT('',(19.,1.100653599424));
#6398 = VECTOR('',#6399,1.);
#6399 = DIRECTION('',(-6.110208E-27,-1.));
#6400 = ( GEOMETRIC_REPRESENTATION_CONTEXT(2) 
PARAMETRIC_REPRESENTATION_CONTEXT() REPRESENTATION_CONTEXT('2D SPACE',''
  ) );
#6401 = PCURVE('',#3946,#6402);
#6402 = DEFINITIONAL_REPRESENTATION('',(#6403),#6407);
#6403 = LINE('',#6404,#6405);
#6404 = CARTESIAN_POINT('',(-1.33234188608E-14,-0.707106781187));
#6405 = VECTOR('',#6406,1.);
#6406 = DIRECTION('',(1.,0.));
#6407 = ( GEOMETRIC_REPRESENTATION_CONTEXT(2) 
PARAMETRIC_REPRESENTATION_CONTEXT() REPRESENTATION_CONTEXT('2D SPACE',''
  ) );
#6408 = ORIENTED_EDGE('',*,*,#6150,.F.);
#6409 = ORIENTED_EDGE('',*,*,#1603,.F.);
#6410 = ADVANCED_FACE('',(#6411),#1654,.F.);
#6411 = FACE_BOUND('',#6412,.F.);
#6412 = EDGE_LOOP('',(#6413,#6437,#6470,#6471,#6504,#6505,#6529,#6636));
#6413 = ORIENTED_EDGE('',*,*,#6414,.T.);
#6414 = EDGE_CURVE('',#6415,#6417,#6419,.T.);
#6415 = VERTEX_POINT('',#6416);
#6416 = CARTESIAN_POINT('',(58.907032302755,145.5,-172.6347453334));
#6417 = VERTEX_POINT('',#6418);
#6418 = CARTESIAN_POINT('',(35.602141655122,145.5,-213.));
#6419 = SEAM_CURVE('',#6420,(#6423,#6430),.PCURVE_S1.);
#6420 = B_SPLINE_CURVE_WITH_KNOTS('',1,(#6421,#6422),.UNSPECIFIED.,.F.,
  .F.,(2,2),(-43.55127018922,55.262794416288),.PIECEWISE_BEZIER_KNOTS.);
#6421 = CARTESIAN_POINT('',(59.407032302755,145.5,-171.7687199296));
#6422 = CARTESIAN_POINT('',(10.,145.5,-257.3442101292));
#6423 = PCURVE('',#1654,#6424);
#6424 = DEFINITIONAL_REPRESENTATION('',(#6425),#6429);
#6425 = LINE('',#6426,#6427);
#6426 = CARTESIAN_POINT('',(6.28318530718,0.));
#6427 = VECTOR('',#6428,1.);
#6428 = DIRECTION('',(0.,1.));
#6429 = ( GEOMETRIC_REPRESENTATION_CONTEXT(2) 
PARAMETRIC_REPRESENTATION_CONTEXT() REPRESENTATION_CONTEXT('2D SPACE',''
  ) );
#6430 = PCURVE('',#1654,#6431);
#6431 = DEFINITIONAL_REPRESENTATION('',(#6432),#6436);
#6432 = LINE('',#6433,#6434);
#6433 = CARTESIAN_POINT('',(-8.9E-16,0.));
#6434 = VECTOR('',#6435,1.);
#6435 = DIRECTION('',(0.,1.));
#6436 = ( GEOMETRIC_REPRESENTATION_CONTEXT(2) 
PARAMETRIC_REPRESENTATION_CONTEXT() REPRESENTATION_CONTEXT('2D SPACE',''
  ) );
#6437 = ORIENTED_EDGE('',*,*,#6438,.T.);
#6438 = EDGE_CURVE('',#6417,#1632,#6439,.T.);
#6439 = SURFACE_CURVE('',#6440,(#6445,#6463),.PCURVE_S1.);
#6440 = ELLIPSE('',#6441,17.320508075689,15.);
#6441 = AXIS2_PLACEMENT_3D('',#6442,#6443,#6444);
#6442 = CARTESIAN_POINT('',(18.281633579433,145.5,-213.));
#6443 = DIRECTION('',(0.,0.,1.));
#6444 = DIRECTION('',(-1.,0.,0.));
#6445 = PCURVE('',#1654,#6446);
#6446 = DEFINITIONAL_REPRESENTATION('',(#6447),#6462);
#6447 = B_SPLINE_CURVE_WITH_KNOTS('',7,(#6448,#6449,#6450,#6451,#6452,
    #6453,#6454,#6455,#6456,#6457,#6458,#6459,#6460,#6461),
  .UNSPECIFIED.,.F.,.F.,(8,6,8),(3.14159265359,4.274336788969,
    5.407080924348),.UNSPECIFIED.);
#6448 = CARTESIAN_POINT('',(6.28318530718,4.058511106045));
#6449 = CARTESIAN_POINT('',(6.121364716411,4.058511106045));
#6450 = CARTESIAN_POINT('',(5.959544125643,4.323084540888));
#6451 = CARTESIAN_POINT('',(5.797723534874,4.852225152592));
#6452 = CARTESIAN_POINT('',(5.635902944106,5.628984056071));
#6453 = CARTESIAN_POINT('',(5.474082353337,6.619344240819));
#6454 = CARTESIAN_POINT('',(5.312261762569,7.776204010512));
#6455 = CARTESIAN_POINT('',(4.988620581032,10.314375946378));
#6456 = CARTESIAN_POINT('',(4.826799990263,11.695687317166));
#6457 = CARTESIAN_POINT('',(4.664979399495,13.134945395117));
#6458 = CARTESIAN_POINT('',(4.503158808726,14.570669850655));
#6459 = CARTESIAN_POINT('',(4.341338217959,15.939985248822));
#6460 = CARTESIAN_POINT('',(4.17951762719,17.185983850943));
#6461 = CARTESIAN_POINT('',(4.017697036421,18.262616422146));
#6462 = ( GEOMETRIC_REPRESENTATION_CONTEXT(2) 
PARAMETRIC_REPRESENTATION_CONTEXT() REPRESENTATION_CONTEXT('2D SPACE',''
  ) );
#6463 = PCURVE('',#1684,#6464);
#6464 = DEFINITIONAL_REPRESENTATION('',(#6465),#6469);
#6465 = ELLIPSE('',#6466,17.320508075689,15.);
#6466 = AXIS2_PLACEMENT_2D('',#6467,#6468);
#6467 = CARTESIAN_POINT('',(-2.784745322462,34.322331191));
#6468 = DIRECTION('',(-1.,0.));
#6469 = ( GEOMETRIC_REPRESENTATION_CONTEXT(2) 
PARAMETRIC_REPRESENTATION_CONTEXT() REPRESENTATION_CONTEXT('2D SPACE',''
  ) );
#6470 = ORIENTED_EDGE('',*,*,#1631,.T.);
#6471 = ORIENTED_EDGE('',*,*,#6472,.T.);
#6472 = EDGE_CURVE('',#1634,#6417,#6473,.T.);
#6473 = SURFACE_CURVE('',#6474,(#6479,#6497),.PCURVE_S1.);
#6474 = ELLIPSE('',#6475,17.320508075689,15.);
#6475 = AXIS2_PLACEMENT_3D('',#6476,#6477,#6478);
#6476 = CARTESIAN_POINT('',(18.281633579433,145.5,-213.));
#6477 = DIRECTION('',(0.,0.,1.));
#6478 = DIRECTION('',(-1.,0.,0.));
#6479 = PCURVE('',#1654,#6480);
#6480 = DEFINITIONAL_REPRESENTATION('',(#6481),#6496);
#6481 = B_SPLINE_CURVE_WITH_KNOTS('',7,(#6482,#6483,#6484,#6485,#6486,
    #6487,#6488,#6489,#6490,#6491,#6492,#6493,#6494,#6495),
  .UNSPECIFIED.,.F.,.F.,(8,6,8),(0.876104382832,2.008848518211,
    3.14159265359),.UNSPECIFIED.);
#6482 = CARTESIAN_POINT('',(2.265488270758,18.262616422146));
#6483 = CARTESIAN_POINT('',(2.10366767999,17.185983850943));
#6484 = CARTESIAN_POINT('',(1.941847089221,15.939985248823));
#6485 = CARTESIAN_POINT('',(1.780026498455,14.570669850653));
#6486 = CARTESIAN_POINT('',(1.618205907684,13.134945395121));
#6487 = CARTESIAN_POINT('',(1.456385316916,11.695687317167));
#6488 = CARTESIAN_POINT('',(1.294564726148,10.314375946378));
#6489 = CARTESIAN_POINT('',(0.970923544611,7.776204010512));
#6490 = CARTESIAN_POINT('',(0.809102953842,6.619344240818));
#6491 = CARTESIAN_POINT('',(0.647282363074,5.628984056074));
#6492 = CARTESIAN_POINT('',(0.485461772305,4.85222515259));
#6493 = CARTESIAN_POINT('',(0.323641181537,4.323084540889));
#6494 = CARTESIAN_POINT('',(0.161820590768,4.058511106045));
#6495 = CARTESIAN_POINT('',(0.,4.058511106045));
#6496 = ( GEOMETRIC_REPRESENTATION_CONTEXT(2) 
PARAMETRIC_REPRESENTATION_CONTEXT() REPRESENTATION_CONTEXT('2D SPACE',''
  ) );
#6497 = PCURVE('',#1684,#6498);
#6498 = DEFINITIONAL_REPRESENTATION('',(#6499),#6503);
#6499 = ELLIPSE('',#6500,17.320508075689,15.);
#6500 = AXIS2_PLACEMENT_2D('',#6501,#6502);
#6501 = CARTESIAN_POINT('',(-2.784745322462,34.322331191));
#6502 = DIRECTION('',(-1.,0.));
#6503 = ( GEOMETRIC_REPRESENTATION_CONTEXT(2) 
PARAMETRIC_REPRESENTATION_CONTEXT() REPRESENTATION_CONTEXT('2D SPACE',''
  ) );
#6504 = ORIENTED_EDGE('',*,*,#6414,.F.);
#6505 = ORIENTED_EDGE('',*,*,#6506,.T.);
#6506 = EDGE_CURVE('',#6415,#6507,#6509,.T.);
#6507 = VERTEX_POINT('',#6508);
#6508 = CARTESIAN_POINT('',(39.099011983202,132.7318210118,
    -161.1985794698));
#6509 = SURFACE_CURVE('',#6510,(#6515,#6522),.PCURVE_S1.);
#6510 = CIRCLE('',#6511,15.);
#6511 = AXIS2_PLACEMENT_3D('',#6512,#6513,#6514);
#6512 = CARTESIAN_POINT('',(45.916651245989,145.5,-165.1347453334));
#6513 = DIRECTION('',(-0.5,-0.,-0.866025403784));
#6514 = DIRECTION('',(0.866025403784,0.,-0.5));
#6515 = PCURVE('',#1654,#6516);
#6516 = DEFINITIONAL_REPRESENTATION('',(#6517),#6521);
#6517 = LINE('',#6518,#6519);
#6518 = CARTESIAN_POINT('',(0.,-42.55127018922));
#6519 = VECTOR('',#6520,1.);
#6520 = DIRECTION('',(1.,0.));
#6521 = ( GEOMETRIC_REPRESENTATION_CONTEXT(2) 
PARAMETRIC_REPRESENTATION_CONTEXT() REPRESENTATION_CONTEXT('2D SPACE',''
  ) );
#6522 = PCURVE('',#3049,#6523);
#6523 = DEFINITIONAL_REPRESENTATION('',(#6524),#6528);
#6524 = LINE('',#6525,#6526);
#6525 = CARTESIAN_POINT('',(-0.,0.));
#6526 = VECTOR('',#6527,1.);
#6527 = DIRECTION('',(-1.,0.));
#6528 = ( GEOMETRIC_REPRESENTATION_CONTEXT(2) 
PARAMETRIC_REPRESENTATION_CONTEXT() REPRESENTATION_CONTEXT('2D SPACE',''
  ) );
#6529 = ORIENTED_EDGE('',*,*,#6530,.F.);
#6530 = EDGE_CURVE('',#6531,#6507,#6533,.T.);
#6531 = VERTEX_POINT('',#6532);
#6532 = CARTESIAN_POINT('',(39.099012317237,158.26817916369,
    -161.1985796627));
#6533 = SURFACE_CURVE('',#6534,(#6587,#6629),.PCURVE_S1.);
#6534 = B_SPLINE_CURVE_WITH_KNOTS('',11,(#6535,#6536,#6537,#6538,#6539,
    #6540,#6541,#6542,#6543,#6544,#6545,#6546,#6547,#6548,#6549,#6550,
    #6551,#6552,#6553,#6554,#6555,#6556,#6557,#6558,#6559,#6560,#6561,
    #6562,#6563,#6564,#6565,#6566,#6567,#6568,#6569,#6570,#6571,#6572,
    #6573,#6574,#6575,#6576,#6577,#6578,#6579,#6580,#6581,#6582,#6583,
    #6584,#6585,#6586),.UNSPECIFIED.,.F.,.F.,(12,10,10,10,10,12),(
    -1.035839830895,0.,21.337587572014,32.304953945987,43.272320319961,
    43.711014974912),.UNSPECIFIED.);
#6535 = CARTESIAN_POINT('',(39.088086018003,158.50640430273,
    -162.0178108429));
#6536 = CARTESIAN_POINT('',(39.089656863617,158.47191210321,
    -161.8950127584));
#6537 = CARTESIAN_POINT('',(39.091246984922,158.43712332159,
    -161.7725603575));
#6538 = CARTESIAN_POINT('',(39.092855061538,158.40203875329,
    -161.6504575967));
#6539 = CARTESIAN_POINT('',(39.09447991949,158.36665920634,
    -161.5287082408));
#6540 = CARTESIAN_POINT('',(39.096120530809,158.33098549808,
    -161.407315859));
#6541 = CARTESIAN_POINT('',(39.097776014166,158.29501846037,
    -161.2862838305));
#6542 = CARTESIAN_POINT('',(39.099445634065,158.25875893297,
    -161.1656153376));
#6543 = CARTESIAN_POINT('',(39.10112880168,158.22220777038,
    -161.0453133727));
#6544 = CARTESIAN_POINT('',(39.102825074144,158.18536583611,
    -160.9253807325));
#6545 = CARTESIAN_POINT('',(39.10453415504,158.14823400651,
    -160.805820022));
#6546 = CARTESIAN_POINT('',(39.141722534432,157.33996966756,
    -158.2314764674));
#6547 = CARTESIAN_POINT('',(39.182584185959,156.44646499388,
    -155.9350309997));
#6548 = CARTESIAN_POINT('',(39.227809540528,155.44180863246,
    -153.8294805176));
#6549 = CARTESIAN_POINT('',(39.276260988002,154.33902185231,
    -151.9396056876));
#6550 = CARTESIAN_POINT('',(39.326047703762,153.1550713335,
    -150.2994105658));
#6551 = CARTESIAN_POINT('',(39.375192167517,151.91018198271,
    -148.9205161104));
#6552 = CARTESIAN_POINT('',(39.421179590653,150.62246890992,
    -147.8242981834));
#6553 = CARTESIAN_POINT('',(39.459875296919,149.32145082291,
    -147.0291703236));
#6554 = CARTESIAN_POINT('',(39.486579845269,148.04323425977,
    -146.5091866683));
#6555 = CARTESIAN_POINT('',(39.5,146.77151001346,-146.2487113059));
#6556 = CARTESIAN_POINT('',(39.5,144.84645300839,-146.2487113059));
#6557 = CARTESIAN_POINT('',(39.49645837984,144.19290903943,
    -146.3175486371));
#6558 = CARTESIAN_POINT('',(39.489378322129,143.53826997233,
    -146.454974757));
#6559 = CARTESIAN_POINT('',(39.478878598983,142.88131906328,
    -146.6622377947));
#6560 = CARTESIAN_POINT('',(39.465217049345,142.22196617223,
    -146.9411650982));
#6561 = CARTESIAN_POINT('',(39.448771548682,141.56156916864,
    -147.2934435388));
#6562 = CARTESIAN_POINT('',(39.42999526374,140.9026448655,
    -147.7201126607));
#6563 = CARTESIAN_POINT('',(39.40936298844,140.24828283432,
    -148.2212857602));
#6564 = CARTESIAN_POINT('',(39.387325353094,139.60157545085,
    -148.7961139858));
#6565 = CARTESIAN_POINT('',(39.364287702885,138.96537752339,
    -149.4430085429));
#6566 = CARTESIAN_POINT('',(39.316973174022,137.72004018477,
    -150.877263642));
#6567 = CARTESIAN_POINT('',(39.292685441673,137.11088160314,
    -151.6645715333));
#6568 = CARTESIAN_POINT('',(39.268229353667,136.51805314057,
    -152.5202192029));
#6569 = CARTESIAN_POINT('',(39.24356669288,135.9446770659,
    -153.4411034052));
#6570 = CARTESIAN_POINT('',(39.220013165411,135.39235845846,
    -154.4259654182));
#6571 = CARTESIAN_POINT('',(39.19585854233,134.86534336366,
    -155.4682493345));
#6572 = CARTESIAN_POINT('',(39.174107761009,134.36306283768,
    -156.5693244498));
#6573 = CARTESIAN_POINT('',(39.151970949078,133.89051705161,
    -157.7199167375));
#6574 = CARTESIAN_POINT('',(39.132047063378,133.44693766088,
    -158.9208902829));
#6575 = CARTESIAN_POINT('',(39.112977037392,133.03562911381,
    -160.1648392956));
#6576 = CARTESIAN_POINT('',(39.094883304387,132.64206219842,
    -161.5005663237));
#6577 = CARTESIAN_POINT('',(39.09419009255,132.62697765289,
    -161.5520049437));
#6578 = CARTESIAN_POINT('',(39.093499662225,132.61194581122,
    -161.6035078002));
#6579 = CARTESIAN_POINT('',(39.09281209388,132.59696673309,
    -161.6550746252));
#6580 = CARTESIAN_POINT('',(39.092127468137,132.58204047954,
    -161.7067051527));
#6581 = CARTESIAN_POINT('',(39.091445865377,132.56716710949,
    -161.7583991137));
#6582 = CARTESIAN_POINT('',(39.090767366276,132.55234668448,
    -161.8101562426));
#6583 = CARTESIAN_POINT('',(39.090092051223,132.53757926344,
    -161.8619762707));
#6584 = CARTESIAN_POINT('',(39.089420000829,132.52286490741,
    -161.9138589316));
#6585 = CARTESIAN_POINT('',(39.088751295568,132.50820367605,
    -161.9658039576));
#6586 = CARTESIAN_POINT('',(39.088086015982,132.49359562972,
    -162.0178110815));
#6587 = PCURVE('',#1654,#6588);
#6588 = DEFINITIONAL_REPRESENTATION('',(#6589),#6628);
#6589 = B_SPLINE_CURVE_WITH_KNOTS('',10,(#6590,#6591,#6592,#6593,#6594,
    #6595,#6596,#6597,#6598,#6599,#6600,#6601,#6602,#6603,#6604,#6605,
    #6606,#6607,#6608,#6609,#6610,#6611,#6612,#6613,#6614,#6615,#6616,
    #6617,#6618,#6619,#6620,#6621,#6622,#6623,#6624,#6625,#6626,#6627),
  .UNSPECIFIED.,.F.,.F.,(11,9,9,9,11),(-0.40204931053,10.467768945699,
    21.337587201928,32.207405458157,43.077223714386),.UNSPECIFIED.);
#6590 = CARTESIAN_POINT('',(4.15988288922,-42.55127018922));
#6591 = CARTESIAN_POINT('',(4.106666715861,-43.76671997679));
#6592 = CARTESIAN_POINT('',(4.05355562146,-44.94060981799));
#6593 = CARTESIAN_POINT('',(4.000494440223,-46.06892334858));
#6594 = CARTESIAN_POINT('',(3.947647391765,-47.14447939075));
#6595 = CARTESIAN_POINT('',(3.894810745135,-48.16651892772));
#6596 = CARTESIAN_POINT('',(3.842260258385,-49.12624910884));
#6597 = CARTESIAN_POINT('',(3.789834798879,-50.02319309235));
#6598 = CARTESIAN_POINT('',(3.737694091337,-50.85164916089));
#6599 = CARTESIAN_POINT('',(3.685851291602,-51.60925721118));
#6600 = CARTESIAN_POINT('',(3.582918103381,-52.97735126069));
#6601 = CARTESIAN_POINT('',(3.531826715157,-53.58786876359));
#6602 = CARTESIAN_POINT('',(3.481174690401,-54.12231317433));
#6603 = CARTESIAN_POINT('',(3.431041713239,-54.57894880248));
#6604 = CARTESIAN_POINT('',(3.381494480249,-54.9567219593));
#6605 = CARTESIAN_POINT('',(3.332590375723,-55.25584050182));
#6606 = CARTESIAN_POINT('',(3.284334382605,-55.47788790939));
#6607 = CARTESIAN_POINT('',(3.236597617437,-55.62504426564));
#6608 = CARTESIAN_POINT('',(3.189093219926,-55.6987297882));
#6609 = CARTESIAN_POINT('',(3.094092119599,-55.69872983335));
#6610 = CARTESIAN_POINT('',(3.04659210087,-55.62503230914));
#6611 = CARTESIAN_POINT('',(2.998844692015,-55.47792514441));
#6612 = CARTESIAN_POINT('',(2.950593229868,-55.25582292847));
#6613 = CARTESIAN_POINT('',(2.901696953498,-54.95667509264));
#6614 = CARTESIAN_POINT('',(2.852144813815,-54.57897720692));
#6615 = CARTESIAN_POINT('',(2.80200545676,-54.12237123226));
#6616 = CARTESIAN_POINT('',(2.751360387818,-53.58782054445));
#6617 = CARTESIAN_POINT('',(2.700267325679,-52.97734554766));
#6618 = CARTESIAN_POINT('',(2.597334179913,-51.60926583995));
#6619 = CARTESIAN_POINT('',(2.545494531454,-50.85168836898));
#6620 = CARTESIAN_POINT('',(2.493337374901,-50.02301876224));
#6621 = CARTESIAN_POINT('',(2.440951919086,-49.12666321062));
#6622 = CARTESIAN_POINT('',(2.388339288889,-48.16588207552));
#6623 = CARTESIAN_POINT('',(2.335567276334,-47.14506213201));
#6624 = CARTESIAN_POINT('',(2.282677646739,-46.06865276968));
#6625 = CARTESIAN_POINT('',(2.229632080154,-44.94066225999));
#6626 = CARTESIAN_POINT('',(2.176518656423,-43.76671508826));
#6627 = CARTESIAN_POINT('',(2.123302446089,-42.55127018922));
#6628 = ( GEOMETRIC_REPRESENTATION_CONTEXT(2) 
PARAMETRIC_REPRESENTATION_CONTEXT() REPRESENTATION_CONTEXT('2D SPACE',''
  ) );
#6629 = PCURVE('',#3177,#6630);
#6630 = DEFINITIONAL_REPRESENTATION('',(#6631),#6635);
#6631 = LINE('',#6632,#6633);
#6632 = CARTESIAN_POINT('',(0.,0.));
#6633 = VECTOR('',#6634,1.);
#6634 = DIRECTION('',(0.,1.));
#6635 = ( GEOMETRIC_REPRESENTATION_CONTEXT(2) 
PARAMETRIC_REPRESENTATION_CONTEXT() REPRESENTATION_CONTEXT('2D SPACE',''
  ) );
#6636 = ORIENTED_EDGE('',*,*,#6637,.T.);
#6637 = EDGE_CURVE('',#6531,#6415,#6638,.T.);
#6638 = SURFACE_CURVE('',#6639,(#6644,#6651),.PCURVE_S1.);
#6639 = CIRCLE('',#6640,15.);
#6640 = AXIS2_PLACEMENT_3D('',#6641,#6642,#6643);
#6641 = CARTESIAN_POINT('',(45.916651245989,145.5,-165.1347453334));
#6642 = DIRECTION('',(-0.5,0.,-0.866025403784));
#6643 = DIRECTION('',(-0.427776749733,0.869488012099,0.246977021611));
#6644 = PCURVE('',#1654,#6645);
#6645 = DEFINITIONAL_REPRESENTATION('',(#6646),#6650);
#6646 = LINE('',#6647,#6648);
#6647 = CARTESIAN_POINT('',(4.195757517473,-42.55127018922));
#6648 = VECTOR('',#6649,1.);
#6649 = DIRECTION('',(1.,0.));
#6650 = ( GEOMETRIC_REPRESENTATION_CONTEXT(2) 
PARAMETRIC_REPRESENTATION_CONTEXT() REPRESENTATION_CONTEXT('2D SPACE',''
  ) );
#6651 = PCURVE('',#3309,#6652);
#6652 = DEFINITIONAL_REPRESENTATION('',(#6653),#6657);
#6653 = LINE('',#6654,#6655);
#6654 = CARTESIAN_POINT('',(-0.,0.));
#6655 = VECTOR('',#6656,1.);
#6656 = DIRECTION('',(-1.,0.));
#6657 = ( GEOMETRIC_REPRESENTATION_CONTEXT(2) 
PARAMETRIC_REPRESENTATION_CONTEXT() REPRESENTATION_CONTEXT('2D SPACE',''
  ) );
#6658 = ADVANCED_FACE('',(#6659),#1684,.T.);
#6659 = FACE_BOUND('',#6660,.T.);
#6660 = EDGE_LOOP('',(#6661,#6662,#6663));
#6661 = ORIENTED_EDGE('',*,*,#1670,.F.);
#6662 = ORIENTED_EDGE('',*,*,#6472,.T.);
#6663 = ORIENTED_EDGE('',*,*,#6438,.T.);
#6664 = ADVANCED_FACE('',(#6665),#1761,.T.);
#6665 = FACE_BOUND('',#6666,.T.);
#6666 = EDGE_LOOP('',(#6667,#6668,#6669,#6692,#6729));
#6667 = ORIENTED_EDGE('',*,*,#1745,.F.);
#6668 = ORIENTED_EDGE('',*,*,#4281,.F.);
#6669 = ORIENTED_EDGE('',*,*,#6670,.T.);
#6670 = EDGE_CURVE('',#4282,#6671,#6673,.T.);
#6671 = VERTEX_POINT('',#6672);
#6672 = CARTESIAN_POINT('',(29.828638963225,130.5333704529,-213.));
#6673 = SURFACE_CURVE('',#6674,(#6678,#6685),.PCURVE_S1.);
#6674 = LINE('',#6675,#6676);
#6675 = CARTESIAN_POINT('',(29.828638963225,120.85551963095,-213.));
#6676 = VECTOR('',#6677,1.);
#6677 = DIRECTION('',(0.,1.,0.));
#6678 = PCURVE('',#1761,#6679);
#6679 = DEFINITIONAL_REPRESENTATION('',(#6680),#6684);
#6680 = LINE('',#6681,#6682);
#6681 = CARTESIAN_POINT('',(8.76226006133,9.677850821952));
#6682 = VECTOR('',#6683,1.);
#6683 = DIRECTION('',(0.,1.));
#6684 = ( GEOMETRIC_REPRESENTATION_CONTEXT(2) 
PARAMETRIC_REPRESENTATION_CONTEXT() REPRESENTATION_CONTEXT('2D SPACE',''
  ) );
#6685 = PCURVE('',#4334,#6686);
#6686 = DEFINITIONAL_REPRESENTATION('',(#6687),#6691);
#6687 = LINE('',#6688,#6689);
#6688 = CARTESIAN_POINT('',(9.677850821952,-35.49653264121));
#6689 = VECTOR('',#6690,1.);
#6690 = DIRECTION('',(-1.,0.));
#6691 = ( GEOMETRIC_REPRESENTATION_CONTEXT(2) 
PARAMETRIC_REPRESENTATION_CONTEXT() REPRESENTATION_CONTEXT('2D SPACE',''
  ) );
#6692 = ORIENTED_EDGE('',*,*,#6693,.F.);
#6693 = EDGE_CURVE('',#6694,#6671,#6696,.T.);
#6694 = VERTEX_POINT('',#6695);
#6695 = CARTESIAN_POINT('',(18.281633579433,127.5,-213.));
#6696 = SURFACE_CURVE('',#6697,(#6702,#6709),.PCURVE_S1.);
#6697 = ELLIPSE('',#6698,20.784609690826,18.);
#6698 = AXIS2_PLACEMENT_3D('',#6699,#6700,#6701);
#6699 = CARTESIAN_POINT('',(18.281633579433,145.5,-213.));
#6700 = DIRECTION('',(0.,0.,1.));
#6701 = DIRECTION('',(-1.,0.,0.));
#6702 = PCURVE('',#1761,#6703);
#6703 = DEFINITIONAL_REPRESENTATION('',(#6704),#6708);
#6704 = ELLIPSE('',#6705,20.784609690826,18.);
#6705 = AXIS2_PLACEMENT_2D('',#6706,#6707);
#6706 = CARTESIAN_POINT('',(-2.784745322462,34.322331191));
#6707 = DIRECTION('',(-1.,0.));
#6708 = ( GEOMETRIC_REPRESENTATION_CONTEXT(2) 
PARAMETRIC_REPRESENTATION_CONTEXT() REPRESENTATION_CONTEXT('2D SPACE',''
  ) );
#6709 = PCURVE('',#5057,#6710);
#6710 = DEFINITIONAL_REPRESENTATION('',(#6711),#6728);
#6711 = B_SPLINE_CURVE_WITH_KNOTS('',8,(#6712,#6713,#6714,#6715,#6716,
    #6717,#6718,#6719,#6720,#6721,#6722,#6723,#6724,#6725,#6726,#6727),
  .UNSPECIFIED.,.F.,.F.,(9,7,9),(1.570796326795,3.14159265359,
    4.712388980385),.UNSPECIFIED.);
#6712 = CARTESIAN_POINT('',(1.570796326795,12.718765143889));
#6713 = CARTESIAN_POINT('',(1.374446785946,10.678240859126));
#6714 = CARTESIAN_POINT('',(1.178097245096,8.637716089882));
#6715 = CARTESIAN_POINT('',(0.981747704245,6.717071281075));
#6716 = CARTESIAN_POINT('',(0.785398163398,5.036162848264));
#6717 = CARTESIAN_POINT('',(0.589048622546,3.700135455951));
#6718 = CARTESIAN_POINT('',(0.392699081699,2.784353314254));
#6719 = CARTESIAN_POINT('',(0.196349540849,2.326460298476));
#6720 = CARTESIAN_POINT('',(-0.196349540849,2.326460298476));
#6721 = CARTESIAN_POINT('',(-0.392699081698,2.784353314253));
#6722 = CARTESIAN_POINT('',(-0.589048622548,3.700135455962));
#6723 = CARTESIAN_POINT('',(-0.785398163395,5.036162848257));
#6724 = CARTESIAN_POINT('',(-0.981747704249,6.717071281109));
#6725 = CARTESIAN_POINT('',(-1.178097245096,8.637716089876));
#6726 = CARTESIAN_POINT('',(-1.374446785946,10.678240859126));
#6727 = CARTESIAN_POINT('',(-1.570796326795,12.718765143889));
#6728 = ( GEOMETRIC_REPRESENTATION_CONTEXT(2) 
PARAMETRIC_REPRESENTATION_CONTEXT() REPRESENTATION_CONTEXT('2D SPACE',''
  ) );
#6729 = ORIENTED_EDGE('',*,*,#6730,.T.);
#6730 = EDGE_CURVE('',#6694,#1746,#6731,.T.);
#6731 = SURFACE_CURVE('',#6732,(#6736,#6743),.PCURVE_S1.);
#6732 = LINE('',#6733,#6734);
#6733 = CARTESIAN_POINT('',(23.42770358748,127.5,-213.));
#6734 = VECTOR('',#6735,1.);
#6735 = DIRECTION('',(-1.,0.,0.));
#6736 = PCURVE('',#1761,#6737);
#6737 = DEFINITIONAL_REPRESENTATION('',(#6738),#6742);
#6738 = LINE('',#6739,#6740);
#6739 = CARTESIAN_POINT('',(2.361324685585,16.322331191));
#6740 = VECTOR('',#6741,1.);
#6741 = DIRECTION('',(-1.,0.));
#6742 = ( GEOMETRIC_REPRESENTATION_CONTEXT(2) 
PARAMETRIC_REPRESENTATION_CONTEXT() REPRESENTATION_CONTEXT('2D SPACE',''
  ) );
#6743 = PCURVE('',#1789,#6744);
#6744 = DEFINITIONAL_REPRESENTATION('',(#6745),#6749);
#6745 = LINE('',#6746,#6747);
#6746 = CARTESIAN_POINT('',(27.26834475021,-2.361324685585));
#6747 = VECTOR('',#6748,1.);
#6748 = DIRECTION('',(0.,-1.));
#6749 = ( GEOMETRIC_REPRESENTATION_CONTEXT(2) 
PARAMETRIC_REPRESENTATION_CONTEXT() REPRESENTATION_CONTEXT('2D SPACE',''
  ) );
#6750 = ADVANCED_FACE('',(#6751),#1789,.T.);
#6751 = FACE_BOUND('',#6752,.T.);
#6752 = EDGE_LOOP('',(#6753,#6776,#6797,#6798,#6819,#6820));
#6753 = ORIENTED_EDGE('',*,*,#6754,.F.);
#6754 = EDGE_CURVE('',#6755,#6694,#6757,.T.);
#6755 = VERTEX_POINT('',#6756);
#6756 = CARTESIAN_POINT('',(45.916651245989,127.5,-165.1347453334));
#6757 = SURFACE_CURVE('',#6758,(#6762,#6769),.PCURVE_S1.);
#6758 = LINE('',#6759,#6760);
#6759 = CARTESIAN_POINT('',(24.641016151378,127.5,-201.9852262806));
#6760 = VECTOR('',#6761,1.);
#6761 = DIRECTION('',(-0.5,0.,-0.866025403784));
#6762 = PCURVE('',#1789,#6763);
#6763 = DEFINITIONAL_REPRESENTATION('',(#6764),#6768);
#6764 = LINE('',#6765,#6766);
#6765 = CARTESIAN_POINT('',(16.253571030833,-1.148012121687));
#6766 = VECTOR('',#6767,1.);
#6767 = DIRECTION('',(0.866025403784,-0.5));
#6768 = ( GEOMETRIC_REPRESENTATION_CONTEXT(2) 
PARAMETRIC_REPRESENTATION_CONTEXT() REPRESENTATION_CONTEXT('2D SPACE',''
  ) );
#6769 = PCURVE('',#5057,#6770);
#6770 = DEFINITIONAL_REPRESENTATION('',(#6771),#6775);
#6771 = LINE('',#6772,#6773);
#6772 = CARTESIAN_POINT('',(1.570796326795,0.));
#6773 = VECTOR('',#6774,1.);
#6774 = DIRECTION('',(0.,1.));
#6775 = ( GEOMETRIC_REPRESENTATION_CONTEXT(2) 
PARAMETRIC_REPRESENTATION_CONTEXT() REPRESENTATION_CONTEXT('2D SPACE',''
  ) );
#6776 = ORIENTED_EDGE('',*,*,#6777,.T.);
#6777 = EDGE_CURVE('',#6755,#2951,#6778,.T.);
#6778 = SURFACE_CURVE('',#6779,(#6783,#6790),.PCURVE_S1.);
#6779 = LINE('',#6780,#6781);
#6780 = CARTESIAN_POINT('',(45.916651245992,127.5,-165.1347453334));
#6781 = VECTOR('',#6782,1.);
#6782 = DIRECTION('',(-0.866025403784,0.,0.5));
#6783 = PCURVE('',#1789,#6784);
#6784 = DEFINITIONAL_REPRESENTATION('',(#6785),#6789);
#6785 = LINE('',#6786,#6787);
#6786 = CARTESIAN_POINT('',(-20.59690991632,20.127622972927));
#6787 = VECTOR('',#6788,1.);
#6788 = DIRECTION('',(-0.5,-0.866025403784));
#6789 = ( GEOMETRIC_REPRESENTATION_CONTEXT(2) 
PARAMETRIC_REPRESENTATION_CONTEXT() REPRESENTATION_CONTEXT('2D SPACE',''
  ) );
#6790 = PCURVE('',#2989,#6791);
#6791 = DEFINITIONAL_REPRESENTATION('',(#6792),#6796);
#6792 = LINE('',#6793,#6794);
#6793 = CARTESIAN_POINT('',(4.829470157119E-15,0.707106781187));
#6794 = VECTOR('',#6795,1.);
#6795 = DIRECTION('',(1.,5.551115123126E-17));
#6796 = ( GEOMETRIC_REPRESENTATION_CONTEXT(2) 
PARAMETRIC_REPRESENTATION_CONTEXT() REPRESENTATION_CONTEXT('2D SPACE',''
  ) );
#6797 = ORIENTED_EDGE('',*,*,#2950,.F.);
#6798 = ORIENTED_EDGE('',*,*,#6799,.F.);
#6799 = EDGE_CURVE('',#1774,#2905,#6800,.T.);
#6800 = SURFACE_CURVE('',#6801,(#6805,#6812),.PCURVE_S1.);
#6801 = LINE('',#6802,#6803);
#6802 = CARTESIAN_POINT('',(32.4028579489,127.5,-173.4983606729));
#6803 = VECTOR('',#6804,1.);
#6804 = DIRECTION('',(0.5,0.,0.866025403784));
#6805 = PCURVE('',#1789,#6806);
#6806 = DEFINITIONAL_REPRESENTATION('',(#6807),#6811);
#6807 = LINE('',#6808,#6809);
#6808 = CARTESIAN_POINT('',(-12.23329457686,6.613829675835));
#6809 = VECTOR('',#6810,1.);
#6810 = DIRECTION('',(-0.866025403784,0.5));
#6811 = ( GEOMETRIC_REPRESENTATION_CONTEXT(2) 
PARAMETRIC_REPRESENTATION_CONTEXT() REPRESENTATION_CONTEXT('2D SPACE',''
  ) );
#6812 = PCURVE('',#1818,#6813);
#6813 = DEFINITIONAL_REPRESENTATION('',(#6814),#6818);
#6814 = LINE('',#6815,#6816);
#6815 = CARTESIAN_POINT('',(1.578240049729,-2.842E-14));
#6816 = VECTOR('',#6817,1.);
#6817 = DIRECTION('',(0.,1.));
#6818 = ( GEOMETRIC_REPRESENTATION_CONTEXT(2) 
PARAMETRIC_REPRESENTATION_CONTEXT() REPRESENTATION_CONTEXT('2D SPACE',''
  ) );
#6819 = ORIENTED_EDGE('',*,*,#1773,.F.);
#6820 = ORIENTED_EDGE('',*,*,#6730,.F.);
#6821 = ADVANCED_FACE('',(#6822),#1818,.F.);
#6822 = FACE_BOUND('',#6823,.F.);
#6823 = EDGE_LOOP('',(#6824,#6825,#6826,#6827,#6828,#6829));
#6824 = ORIENTED_EDGE('',*,*,#1801,.F.);
#6825 = ORIENTED_EDGE('',*,*,#1852,.F.);
#6826 = ORIENTED_EDGE('',*,*,#4259,.T.);
#6827 = ORIENTED_EDGE('',*,*,#2858,.F.);
#6828 = ORIENTED_EDGE('',*,*,#2904,.F.);
#6829 = ORIENTED_EDGE('',*,*,#6799,.F.);
#6830 = ADVANCED_FACE('',(#6831),#1915,.F.);
#6831 = FACE_BOUND('',#6832,.F.);
#6832 = EDGE_LOOP('',(#6833,#6834,#6857,#6886,#6953));
#6833 = ORIENTED_EDGE('',*,*,#1898,.F.);
#6834 = ORIENTED_EDGE('',*,*,#6835,.T.);
#6835 = EDGE_CURVE('',#1899,#6836,#6838,.T.);
#6836 = VERTEX_POINT('',#6837);
#6837 = CARTESIAN_POINT('',(11.3,82.,-155.9063879557));
#6838 = SEAM_CURVE('',#6839,(#6843,#6850),.PCURVE_S1.);
#6839 = LINE('',#6840,#6841);
#6840 = CARTESIAN_POINT('',(10.,82.,-155.9063879557));
#6841 = VECTOR('',#6842,1.);
#6842 = DIRECTION('',(1.,0.,0.));
#6843 = PCURVE('',#1915,#6844);
#6844 = DEFINITIONAL_REPRESENTATION('',(#6845),#6849);
#6845 = LINE('',#6846,#6847);
#6846 = CARTESIAN_POINT('',(6.28318530718,0.));
#6847 = VECTOR('',#6848,1.);
#6848 = DIRECTION('',(0.,-1.));
#6849 = ( GEOMETRIC_REPRESENTATION_CONTEXT(2) 
PARAMETRIC_REPRESENTATION_CONTEXT() REPRESENTATION_CONTEXT('2D SPACE',''
  ) );
#6850 = PCURVE('',#1915,#6851);
#6851 = DEFINITIONAL_REPRESENTATION('',(#6852),#6856);
#6852 = LINE('',#6853,#6854);
#6853 = CARTESIAN_POINT('',(0.,0.));
#6854 = VECTOR('',#6855,1.);
#6855 = DIRECTION('',(0.,-1.));
#6856 = ( GEOMETRIC_REPRESENTATION_CONTEXT(2) 
PARAMETRIC_REPRESENTATION_CONTEXT() REPRESENTATION_CONTEXT('2D SPACE',''
  ) );
#6857 = ORIENTED_EDGE('',*,*,#6858,.T.);
#6858 = EDGE_CURVE('',#6836,#6859,#6861,.T.);
#6859 = VERTEX_POINT('',#6860);
#6860 = CARTESIAN_POINT('',(11.3,84.5,-153.4063879557));
#6861 = SURFACE_CURVE('',#6862,(#6867,#6874),.PCURVE_S1.);
#6862 = CIRCLE('',#6863,2.5);
#6863 = AXIS2_PLACEMENT_3D('',#6864,#6865,#6866);
#6864 = CARTESIAN_POINT('',(11.3,84.5,-155.9063879557));
#6865 = DIRECTION('',(-1.,0.,0.));
#6866 = DIRECTION('',(0.,-1.,0.));
#6867 = PCURVE('',#1915,#6868);
#6868 = DEFINITIONAL_REPRESENTATION('',(#6869),#6873);
#6869 = LINE('',#6870,#6871);
#6870 = CARTESIAN_POINT('',(0.,-1.3));
#6871 = VECTOR('',#6872,1.);
#6872 = DIRECTION('',(1.,0.));
#6873 = ( GEOMETRIC_REPRESENTATION_CONTEXT(2) 
PARAMETRIC_REPRESENTATION_CONTEXT() REPRESENTATION_CONTEXT('2D SPACE',''
  ) );
#6874 = PCURVE('',#6875,#6880);
#6875 = CONICAL_SURFACE('',#6876,2.5,0.785398163397);
#6876 = AXIS2_PLACEMENT_3D('',#6877,#6878,#6879);
#6877 = CARTESIAN_POINT('',(11.3,84.5,-155.9063879557));
#6878 = DIRECTION('',(1.,0.,0.));
#6879 = DIRECTION('',(0.,-1.,0.));
#6880 = DEFINITIONAL_REPRESENTATION('',(#6881),#6885);
#6881 = LINE('',#6882,#6883);
#6882 = CARTESIAN_POINT('',(-0.,0.));
#6883 = VECTOR('',#6884,1.);
#6884 = DIRECTION('',(-1.,0.));
#6885 = ( GEOMETRIC_REPRESENTATION_CONTEXT(2) 
PARAMETRIC_REPRESENTATION_CONTEXT() REPRESENTATION_CONTEXT('2D SPACE',''
  ) );
#6886 = ORIENTED_EDGE('',*,*,#6887,.T.);
#6887 = EDGE_CURVE('',#6859,#6836,#6888,.T.);
#6888 = SURFACE_CURVE('',#6889,(#6903,#6919),.PCURVE_S1.);
#6889 = B_SPLINE_CURVE_WITH_KNOTS('',12,(#6890,#6891,#6892,#6893,#6894,
    #6895,#6896,#6897,#6898,#6899,#6900,#6901,#6902),.UNSPECIFIED.,.F.,
  .F.,(13,13),(15.707963267949,27.488935718911),
  .PIECEWISE_BEZIER_KNOTS.);
#6890 = CARTESIAN_POINT('',(11.3,84.5,-153.4063879557));
#6891 = CARTESIAN_POINT('',(11.300000000001,85.478893229503,
    -153.4063879557));
#6892 = CARTESIAN_POINT('',(11.299999999996,86.462977713166,
    -153.8246109217));
#6893 = CARTESIAN_POINT('',(11.300000000011,87.250074168796,
    -154.6675441156));
#6894 = CARTESIAN_POINT('',(11.299999999979,87.632800472558,
    -155.8319218392));
#6895 = CARTESIAN_POINT('',(11.300000000028,87.484672156724,
    -157.0843876611));
#6896 = CARTESIAN_POINT('',(11.299999999971,86.801065411787,
    -158.2074533673));
#6897 = CARTESIAN_POINT('',(11.300000000024,85.677999705222,
    -158.8910601126));
#6898 = CARTESIAN_POINT('',(11.299999999985,84.425533883629,
    -159.0391884282));
#6899 = CARTESIAN_POINT('',(11.300000000007,83.261156159862,
    -158.6564621245));
#6900 = CARTESIAN_POINT('',(11.299999999997,82.418222966035,
    -157.8693656688));
#6901 = CARTESIAN_POINT('',(11.300000000001,82.,-156.8852811852));
#6902 = CARTESIAN_POINT('',(11.3,82.,-155.9063879557));
#6903 = PCURVE('',#1915,#6904);
#6904 = DEFINITIONAL_REPRESENTATION('',(#6905),#6918);
#6905 = B_SPLINE_CURVE_WITH_KNOTS('',11,(#6906,#6907,#6908,#6909,#6910,
    #6911,#6912,#6913,#6914,#6915,#6916,#6917),.UNSPECIFIED.,.F.,.F.,(12
    ,12),(15.707963267949,27.488935718911),.PIECEWISE_BEZIER_KNOTS.);
#6906 = CARTESIAN_POINT('',(1.570796326795,-1.3));
#6907 = CARTESIAN_POINT('',(1.997949736032,-1.3));
#6908 = CARTESIAN_POINT('',(2.427606826037,-1.3));
#6909 = CARTESIAN_POINT('',(2.856581141859,-1.3));
#6910 = CARTESIAN_POINT('',(3.284114446652,-1.3));
#6911 = CARTESIAN_POINT('',(3.71259883481,-1.3));
#6912 = CARTESIAN_POINT('',(4.14138279916,-1.3));
#6913 = CARTESIAN_POINT('',(4.569867187333,-1.299999999999));
#6914 = CARTESIAN_POINT('',(4.997400492106,-1.300000000001));
#6915 = CARTESIAN_POINT('',(5.426374807942,-1.3));
#6916 = CARTESIAN_POINT('',(5.856031897941,-1.3));
#6917 = CARTESIAN_POINT('',(6.28318530718,-1.3));
#6918 = ( GEOMETRIC_REPRESENTATION_CONTEXT(2) 
PARAMETRIC_REPRESENTATION_CONTEXT() REPRESENTATION_CONTEXT('2D SPACE',''
  ) );
#6919 = PCURVE('',#6920,#6947);
#6920 = B_SPLINE_SURFACE_WITH_KNOTS('',1,12,(
    (#6921,#6922,#6923,#6924,#6925,#6926,#6927,#6928,#6929,#6930,#6931
      ,#6932,#6933)
    ,(#6934,#6935,#6936,#6937,#6938,#6939,#6940,#6941,#6942,#6943,#6944
      ,#6945,#6946
    )),.UNSPECIFIED.,.F.,.F.,.F.,(2,2),(13,13),(0.,11.780972450962),(
    15.707963267949,27.488935718911),.PIECEWISE_BEZIER_KNOTS.);
#6921 = CARTESIAN_POINT('',(11.3,84.5,-153.4063879557));
#6922 = CARTESIAN_POINT('',(11.300000000001,85.478893229503,
    -153.4063879557));
#6923 = CARTESIAN_POINT('',(11.299999999996,86.462977713166,
    -153.8246109217));
#6924 = CARTESIAN_POINT('',(11.300000000011,87.250074168796,
    -154.6675441156));
#6925 = CARTESIAN_POINT('',(11.299999999979,87.632800472558,
    -155.8319218392));
#6926 = CARTESIAN_POINT('',(11.300000000028,87.484672156724,
    -157.0843876611));
#6927 = CARTESIAN_POINT('',(11.299999999971,86.801065411787,
    -158.2074533673));
#6928 = CARTESIAN_POINT('',(11.300000000024,85.677999705222,
    -158.8910601126));
#6929 = CARTESIAN_POINT('',(11.299999999985,84.425533883629,
    -159.0391884282));
#6930 = CARTESIAN_POINT('',(11.300000000007,83.261156159862,
    -158.6564621245));
#6931 = CARTESIAN_POINT('',(11.299999999997,82.418222966035,
    -157.8693656688));
#6932 = CARTESIAN_POINT('',(11.300000000001,82.,-156.8852811852));
#6933 = CARTESIAN_POINT('',(11.3,82.,-155.9063879557));
#6934 = CARTESIAN_POINT('',(13.,84.5,-151.7063879557));
#6935 = CARTESIAN_POINT('',(13.000000000001,86.144540625565,
    -151.7063879557));
#6936 = CARTESIAN_POINT('',(12.999999999996,87.797802558118,
    -152.4090025386));
#6937 = CARTESIAN_POINT('',(13.000000000009,89.120124603582,
    -153.8251303043));
#6938 = CARTESIAN_POINT('',(12.999999999984,89.763104793882,
    -155.78128488));
#6939 = CARTESIAN_POINT('',(13.00000000002,89.51424922333,
    -157.8854274606));
#6940 = CARTESIAN_POINT('',(12.999999999981,88.365789891754,
    -159.7721778474));
#6941 = CARTESIAN_POINT('',(13.000000000015,86.479039504823,
    -160.920637179));
#6942 = CARTESIAN_POINT('',(12.999999999991,84.374896924459,
    -161.1694927496));
#6943 = CARTESIAN_POINT('',(13.000000000004,82.418742348588,
    -160.5265125592));
#6944 = CARTESIAN_POINT('',(12.999999999999,81.00261458293,
    -159.2041905138));
#6945 = CARTESIAN_POINT('',(13.,80.300000000001,-157.5509285812));
#6946 = CARTESIAN_POINT('',(13.,80.3,-155.9063879557));
#6947 = DEFINITIONAL_REPRESENTATION('',(#6948),#6952);
#6948 = LINE('',#6949,#6950);
#6949 = CARTESIAN_POINT('',(0.,0.));
#6950 = VECTOR('',#6951,1.);
#6951 = DIRECTION('',(0.,1.));
#6952 = ( GEOMETRIC_REPRESENTATION_CONTEXT(2) 
PARAMETRIC_REPRESENTATION_CONTEXT() REPRESENTATION_CONTEXT('2D SPACE',''
  ) );
#6953 = ORIENTED_EDGE('',*,*,#6835,.F.);
#6954 = ADVANCED_FACE('',(#6955),#1946,.F.);
#6955 = FACE_BOUND('',#6956,.F.);
#6956 = EDGE_LOOP('',(#6957,#6958,#6981,#7008));
#6957 = ORIENTED_EDGE('',*,*,#1929,.F.);
#6958 = ORIENTED_EDGE('',*,*,#6959,.T.);
#6959 = EDGE_CURVE('',#1930,#6960,#6962,.T.);
#6960 = VERTEX_POINT('',#6961);
#6961 = CARTESIAN_POINT('',(14.3,134.,-70.69134295109));
#6962 = SEAM_CURVE('',#6963,(#6967,#6974),.PCURVE_S1.);
#6963 = LINE('',#6964,#6965);
#6964 = CARTESIAN_POINT('',(10.,134.,-70.69134295109));
#6965 = VECTOR('',#6966,1.);
#6966 = DIRECTION('',(1.,0.,0.));
#6967 = PCURVE('',#1946,#6968);
#6968 = DEFINITIONAL_REPRESENTATION('',(#6969),#6973);
#6969 = LINE('',#6970,#6971);
#6970 = CARTESIAN_POINT('',(6.28318530718,0.));
#6971 = VECTOR('',#6972,1.);
#6972 = DIRECTION('',(0.,-1.));
#6973 = ( GEOMETRIC_REPRESENTATION_CONTEXT(2) 
PARAMETRIC_REPRESENTATION_CONTEXT() REPRESENTATION_CONTEXT('2D SPACE',''
  ) );
#6974 = PCURVE('',#1946,#6975);
#6975 = DEFINITIONAL_REPRESENTATION('',(#6976),#6980);
#6976 = LINE('',#6977,#6978);
#6977 = CARTESIAN_POINT('',(0.,0.));
#6978 = VECTOR('',#6979,1.);
#6979 = DIRECTION('',(0.,-1.));
#6980 = ( GEOMETRIC_REPRESENTATION_CONTEXT(2) 
PARAMETRIC_REPRESENTATION_CONTEXT() REPRESENTATION_CONTEXT('2D SPACE',''
  ) );
#6981 = ORIENTED_EDGE('',*,*,#6982,.T.);
#6982 = EDGE_CURVE('',#6960,#6960,#6983,.T.);
#6983 = SURFACE_CURVE('',#6984,(#6989,#6996),.PCURVE_S1.);
#6984 = CIRCLE('',#6985,2.5);
#6985 = AXIS2_PLACEMENT_3D('',#6986,#6987,#6988);
#6986 = CARTESIAN_POINT('',(14.3,136.5,-70.69134295109));
#6987 = DIRECTION('',(-1.,0.,0.));
#6988 = DIRECTION('',(0.,-1.,0.));
#6989 = PCURVE('',#1946,#6990);
#6990 = DEFINITIONAL_REPRESENTATION('',(#6991),#6995);
#6991 = LINE('',#6992,#6993);
#6992 = CARTESIAN_POINT('',(0.,-4.3));
#6993 = VECTOR('',#6994,1.);
#6994 = DIRECTION('',(1.,0.));
#6995 = ( GEOMETRIC_REPRESENTATION_CONTEXT(2) 
PARAMETRIC_REPRESENTATION_CONTEXT() REPRESENTATION_CONTEXT('2D SPACE',''
  ) );
#6996 = PCURVE('',#6997,#7002);
#6997 = CONICAL_SURFACE('',#6998,2.5,0.785398163397);
#6998 = AXIS2_PLACEMENT_3D('',#6999,#7000,#7001);
#6999 = CARTESIAN_POINT('',(14.3,136.5,-70.69134295109));
#7000 = DIRECTION('',(1.,0.,0.));
#7001 = DIRECTION('',(0.,-1.,0.));
#7002 = DEFINITIONAL_REPRESENTATION('',(#7003),#7007);
#7003 = LINE('',#7004,#7005);
#7004 = CARTESIAN_POINT('',(-0.,0.));
#7005 = VECTOR('',#7006,1.);
#7006 = DIRECTION('',(-1.,0.));
#7007 = ( GEOMETRIC_REPRESENTATION_CONTEXT(2) 
PARAMETRIC_REPRESENTATION_CONTEXT() REPRESENTATION_CONTEXT('2D SPACE',''
  ) );
#7008 = ORIENTED_EDGE('',*,*,#6959,.F.);
#7009 = ADVANCED_FACE('',(#7010),#1977,.F.);
#7010 = FACE_BOUND('',#7011,.F.);
#7011 = EDGE_LOOP('',(#7012,#7035,#7057,#7058));
#7012 = ORIENTED_EDGE('',*,*,#7013,.T.);
#7013 = EDGE_CURVE('',#1961,#7014,#7016,.T.);
#7014 = VERTEX_POINT('',#7015);
#7015 = CARTESIAN_POINT('',(11.3,42.75,-88.5));
#7016 = SEAM_CURVE('',#7017,(#7021,#7028),.PCURVE_S1.);
#7017 = LINE('',#7018,#7019);
#7018 = CARTESIAN_POINT('',(10.,42.75,-88.5));
#7019 = VECTOR('',#7020,1.);
#7020 = DIRECTION('',(1.,0.,0.));
#7021 = PCURVE('',#1977,#7022);
#7022 = DEFINITIONAL_REPRESENTATION('',(#7023),#7027);
#7023 = LINE('',#7024,#7025);
#7024 = CARTESIAN_POINT('',(0.,0.));
#7025 = VECTOR('',#7026,1.);
#7026 = DIRECTION('',(0.,-1.));
#7027 = ( GEOMETRIC_REPRESENTATION_CONTEXT(2) 
PARAMETRIC_REPRESENTATION_CONTEXT() REPRESENTATION_CONTEXT('2D SPACE',''
  ) );
#7028 = PCURVE('',#1977,#7029);
#7029 = DEFINITIONAL_REPRESENTATION('',(#7030),#7034);
#7030 = LINE('',#7031,#7032);
#7031 = CARTESIAN_POINT('',(6.28318530718,0.));
#7032 = VECTOR('',#7033,1.);
#7033 = DIRECTION('',(0.,-1.));
#7034 = ( GEOMETRIC_REPRESENTATION_CONTEXT(2) 
PARAMETRIC_REPRESENTATION_CONTEXT() REPRESENTATION_CONTEXT('2D SPACE',''
  ) );
#7035 = ORIENTED_EDGE('',*,*,#7036,.T.);
#7036 = EDGE_CURVE('',#7014,#7014,#7037,.T.);
#7037 = SURFACE_CURVE('',#7038,(#7043,#7050),.PCURVE_S1.);
#7038 = CIRCLE('',#7039,2.5);
#7039 = AXIS2_PLACEMENT_3D('',#7040,#7041,#7042);
#7040 = CARTESIAN_POINT('',(11.3,45.25,-88.5));
#7041 = DIRECTION('',(-1.,0.,0.));
#7042 = DIRECTION('',(0.,-1.,0.));
#7043 = PCURVE('',#1977,#7044);
#7044 = DEFINITIONAL_REPRESENTATION('',(#7045),#7049);
#7045 = LINE('',#7046,#7047);
#7046 = CARTESIAN_POINT('',(0.,-1.3));
#7047 = VECTOR('',#7048,1.);
#7048 = DIRECTION('',(1.,0.));
#7049 = ( GEOMETRIC_REPRESENTATION_CONTEXT(2) 
PARAMETRIC_REPRESENTATION_CONTEXT() REPRESENTATION_CONTEXT('2D SPACE',''
  ) );
#7050 = PCURVE('',#2297,#7051);
#7051 = DEFINITIONAL_REPRESENTATION('',(#7052),#7056);
#7052 = LINE('',#7053,#7054);
#7053 = CARTESIAN_POINT('',(-0.,-0.));
#7054 = VECTOR('',#7055,1.);
#7055 = DIRECTION('',(-1.,-0.));
#7056 = ( GEOMETRIC_REPRESENTATION_CONTEXT(2) 
PARAMETRIC_REPRESENTATION_CONTEXT() REPRESENTATION_CONTEXT('2D SPACE',''
  ) );
#7057 = ORIENTED_EDGE('',*,*,#7013,.F.);
#7058 = ORIENTED_EDGE('',*,*,#1960,.F.);
#7059 = ADVANCED_FACE('',(#7060),#2055,.T.);
#7060 = FACE_BOUND('',#7061,.T.);
#7061 = EDGE_LOOP('',(#7062,#7083,#7084,#7085));
#7062 = ORIENTED_EDGE('',*,*,#7063,.F.);
#7063 = EDGE_CURVE('',#2098,#3589,#7064,.T.);
#7064 = SURFACE_CURVE('',#7065,(#7069,#7076),.PCURVE_S1.);
#7065 = LINE('',#7066,#7067);
#7066 = CARTESIAN_POINT('',(39.333333333333,52.333333333333,
    -78.83333333333));
#7067 = VECTOR('',#7068,1.);
#7068 = DIRECTION('',(0.57735026919,0.57735026919,-0.57735026919));
#7069 = PCURVE('',#2055,#7070);
#7070 = DEFINITIONAL_REPRESENTATION('',(#7071),#7075);
#7071 = LINE('',#7072,#7073);
#7072 = CARTESIAN_POINT('',(0.333333333333,-0.235702260396));
#7073 = VECTOR('',#7074,1.);
#7074 = DIRECTION('',(0.57735026919,0.816496580928));
#7075 = ( GEOMETRIC_REPRESENTATION_CONTEXT(2) 
PARAMETRIC_REPRESENTATION_CONTEXT() REPRESENTATION_CONTEXT('2D SPACE',''
  ) );
#7076 = PCURVE('',#3604,#7077);
#7077 = DEFINITIONAL_REPRESENTATION('',(#7078),#7082);
#7078 = LINE('',#7079,#7080);
#7079 = CARTESIAN_POINT('',(0.333333333333,-0.235702260396));
#7080 = VECTOR('',#7081,1.);
#7081 = DIRECTION('',(0.57735026919,0.816496580928));
#7082 = ( GEOMETRIC_REPRESENTATION_CONTEXT(2) 
PARAMETRIC_REPRESENTATION_CONTEXT() REPRESENTATION_CONTEXT('2D SPACE',''
  ) );
#7083 = ORIENTED_EDGE('',*,*,#2097,.T.);
#7084 = ORIENTED_EDGE('',*,*,#2041,.F.);
#7085 = ORIENTED_EDGE('',*,*,#3616,.F.);
#7086 = ADVANCED_FACE('',(#7087),#2190,.T.);
#7087 = FACE_BOUND('',#7088,.T.);
#7088 = EDGE_LOOP('',(#7089,#7090,#7091,#7092,#7115,#7143));
#7089 = ORIENTED_EDGE('',*,*,#4701,.F.);
#7090 = ORIENTED_EDGE('',*,*,#2230,.T.);
#7091 = ORIENTED_EDGE('',*,*,#2176,.T.);
#7092 = ORIENTED_EDGE('',*,*,#7093,.T.);
#7093 = EDGE_CURVE('',#2149,#7094,#7096,.T.);
#7094 = VERTEX_POINT('',#7095);
#7095 = CARTESIAN_POINT('',(37.,56.5,-86.5));
#7096 = SURFACE_CURVE('',#7097,(#7101,#7108),.PCURVE_S1.);
#7097 = LINE('',#7098,#7099);
#7098 = CARTESIAN_POINT('',(37.,54.899437383679,-90.76816697685));
#7099 = VECTOR('',#7100,1.);
#7100 = DIRECTION('',(0.,0.351123441588,0.936329177569));
#7101 = PCURVE('',#2190,#7102);
#7102 = DEFINITIONAL_REPRESENTATION('',(#7103),#7107);
#7103 = LINE('',#7104,#7105);
#7104 = CARTESIAN_POINT('',(1.316456577797,12.199723352511));
#7105 = VECTOR('',#7106,1.);
#7106 = DIRECTION('',(-1.,0.));
#7107 = ( GEOMETRIC_REPRESENTATION_CONTEXT(2) 
PARAMETRIC_REPRESENTATION_CONTEXT() REPRESENTATION_CONTEXT('2D SPACE',''
  ) );
#7108 = PCURVE('',#2164,#7109);
#7109 = DEFINITIONAL_REPRESENTATION('',(#7110),#7114);
#7110 = LINE('',#7111,#7112);
#7111 = CARTESIAN_POINT('',(-2.990292850519,-11.72338424513));
#7112 = VECTOR('',#7113,1.);
#7113 = DIRECTION('',(0.936329177569,-0.351123441588));
#7114 = ( GEOMETRIC_REPRESENTATION_CONTEXT(2) 
PARAMETRIC_REPRESENTATION_CONTEXT() REPRESENTATION_CONTEXT('2D SPACE',''
  ) );
#7115 = ORIENTED_EDGE('',*,*,#7116,.F.);
#7116 = EDGE_CURVE('',#7117,#7094,#7119,.T.);
#7117 = VERTEX_POINT('',#7118);
#7118 = CARTESIAN_POINT('',(20.081415712957,56.5,-86.5));
#7119 = SURFACE_CURVE('',#7120,(#7124,#7131),.PCURVE_S1.);
#7120 = LINE('',#7121,#7122);
#7121 = CARTESIAN_POINT('',(20.081415712957,56.5,-86.5));
#7122 = VECTOR('',#7123,1.);
#7123 = DIRECTION('',(1.,0.,0.));
#7124 = PCURVE('',#2190,#7125);
#7125 = DEFINITIONAL_REPRESENTATION('',(#7126),#7130);
#7126 = LINE('',#7127,#7128);
#7127 = CARTESIAN_POINT('',(-3.241947751691,-4.718860934532));
#7128 = VECTOR('',#7129,1.);
#7129 = DIRECTION('',(0.,1.));
#7130 = ( GEOMETRIC_REPRESENTATION_CONTEXT(2) 
PARAMETRIC_REPRESENTATION_CONTEXT() REPRESENTATION_CONTEXT('2D SPACE',''
  ) );
#7131 = PCURVE('',#7132,#7137);
#7132 = PLANE('',#7133);
#7133 = AXIS2_PLACEMENT_3D('',#7134,#7135,#7136);
#7134 = CARTESIAN_POINT('',(33.431435416868,56.5,-72.64072756039));
#7135 = DIRECTION('',(2.808472154465E-16,-1.,0.));
#7136 = DIRECTION('',(-1.,-2.808472154465E-16,0.));
#7137 = DEFINITIONAL_REPRESENTATION('',(#7138),#7142);
#7138 = LINE('',#7139,#7140);
#7139 = CARTESIAN_POINT('',(13.350019703911,13.859272439611));
#7140 = VECTOR('',#7141,1.);
#7141 = DIRECTION('',(-1.,0.));
#7142 = ( GEOMETRIC_REPRESENTATION_CONTEXT(2) 
PARAMETRIC_REPRESENTATION_CONTEXT() REPRESENTATION_CONTEXT('2D SPACE',''
  ) );
#7143 = ORIENTED_EDGE('',*,*,#7144,.T.);
#7144 = EDGE_CURVE('',#7117,#4702,#7145,.T.);
#7145 = SURFACE_CURVE('',#7146,(#7150,#7157),.PCURVE_S1.);
#7146 = LINE('',#7147,#7148);
#7147 = CARTESIAN_POINT('',(11.70097483738,51.056743980127,
    -101.0153493863));
#7148 = VECTOR('',#7149,1.);
#7149 = DIRECTION('',(0.475550638622,0.308879200375,0.823677867665));
#7150 = PCURVE('',#2190,#7151);
#7151 = DEFINITIONAL_REPRESENTATION('',(#7152),#7156);
#7152 = LINE('',#7153,#7154);
#7153 = CARTESIAN_POINT('',(12.26045218848,-13.0993018101));
#7154 = VECTOR('',#7155,1.);
#7155 = DIRECTION('',(-0.879688348284,0.475550638622));
#7156 = ( GEOMETRIC_REPRESENTATION_CONTEXT(2) 
PARAMETRIC_REPRESENTATION_CONTEXT() REPRESENTATION_CONTEXT('2D SPACE',''
  ) );
#7157 = PCURVE('',#4740,#7158);
#7158 = DEFINITIONAL_REPRESENTATION('',(#7159),#7163);
#7159 = LINE('',#7160,#7161);
#7160 = CARTESIAN_POINT('',(26.135195534892,29.854007235664));
#7161 = VECTOR('',#7162,1.);
#7162 = DIRECTION('',(-0.951101277244,-0.308879200375));
#7163 = ( GEOMETRIC_REPRESENTATION_CONTEXT(2) 
PARAMETRIC_REPRESENTATION_CONTEXT() REPRESENTATION_CONTEXT('2D SPACE',''
  ) );
#7164 = ADVANCED_FACE('',(#7165),#2164,.F.);
#7165 = FACE_BOUND('',#7166,.F.);
#7166 = EDGE_LOOP('',(#7167,#7190,#7191,#7192));
#7167 = ORIENTED_EDGE('',*,*,#7168,.F.);
#7168 = EDGE_CURVE('',#2121,#7169,#7171,.T.);
#7169 = VERTEX_POINT('',#7170);
#7170 = CARTESIAN_POINT('',(37.,56.5,-78.5));
#7171 = SURFACE_CURVE('',#7172,(#7176,#7183),.PCURVE_S1.);
#7172 = LINE('',#7173,#7174);
#7173 = CARTESIAN_POINT('',(37.,52.,-78.5));
#7174 = VECTOR('',#7175,1.);
#7175 = DIRECTION('',(0.,1.,0.));
#7176 = PCURVE('',#2164,#7177);
#7177 = DEFINITIONAL_REPRESENTATION('',(#7178),#7182);
#7178 = LINE('',#7179,#7180);
#7179 = CARTESIAN_POINT('',(9.277874126338,-8.823946861452));
#7180 = VECTOR('',#7181,1.);
#7181 = DIRECTION('',(0.,-1.));
#7182 = ( GEOMETRIC_REPRESENTATION_CONTEXT(2) 
PARAMETRIC_REPRESENTATION_CONTEXT() REPRESENTATION_CONTEXT('2D SPACE',''
  ) );
#7183 = PCURVE('',#2136,#7184);
#7184 = DEFINITIONAL_REPRESENTATION('',(#7185),#7189);
#7185 = LINE('',#7186,#7187);
#7186 = CARTESIAN_POINT('',(0.,-3.));
#7187 = VECTOR('',#7188,1.);
#7188 = DIRECTION('',(1.,0.));
#7189 = ( GEOMETRIC_REPRESENTATION_CONTEXT(2) 
PARAMETRIC_REPRESENTATION_CONTEXT() REPRESENTATION_CONTEXT('2D SPACE',''
  ) );
#7190 = ORIENTED_EDGE('',*,*,#2148,.T.);
#7191 = ORIENTED_EDGE('',*,*,#7093,.T.);
#7192 = ORIENTED_EDGE('',*,*,#7193,.F.);
#7193 = EDGE_CURVE('',#7169,#7094,#7194,.T.);
#7194 = SURFACE_CURVE('',#7195,(#7199,#7206),.PCURVE_S1.);
#7195 = LINE('',#7196,#7197);
#7196 = CARTESIAN_POINT('',(37.,56.5,-78.5));
#7197 = VECTOR('',#7198,1.);
#7198 = DIRECTION('',(0.,-3.6E-16,-1.));
#7199 = PCURVE('',#2164,#7200);
#7200 = DEFINITIONAL_REPRESENTATION('',(#7201),#7205);
#7201 = LINE('',#7202,#7203);
#7202 = CARTESIAN_POINT('',(9.277874126338,-13.32394686145));
#7203 = VECTOR('',#7204,1.);
#7204 = DIRECTION('',(-1.,3.6E-16));
#7205 = ( GEOMETRIC_REPRESENTATION_CONTEXT(2) 
PARAMETRIC_REPRESENTATION_CONTEXT() REPRESENTATION_CONTEXT('2D SPACE',''
  ) );
#7206 = PCURVE('',#7132,#7207);
#7207 = DEFINITIONAL_REPRESENTATION('',(#7208),#7212);
#7208 = LINE('',#7209,#7210);
#7209 = CARTESIAN_POINT('',(-3.568564583132,5.85927243961));
#7210 = VECTOR('',#7211,1.);
#7211 = DIRECTION('',(1.011049975607E-31,1.));
#7212 = ( GEOMETRIC_REPRESENTATION_CONTEXT(2) 
PARAMETRIC_REPRESENTATION_CONTEXT() REPRESENTATION_CONTEXT('2D SPACE',''
  ) );
#7213 = ADVANCED_FACE('',(#7214),#2136,.F.);
#7214 = FACE_BOUND('',#7215,.F.);
#7215 = EDGE_LOOP('',(#7216,#7217,#7218,#7241));
#7216 = ORIENTED_EDGE('',*,*,#2120,.T.);
#7217 = ORIENTED_EDGE('',*,*,#7168,.T.);
#7218 = ORIENTED_EDGE('',*,*,#7219,.F.);
#7219 = EDGE_CURVE('',#7220,#7169,#7222,.T.);
#7220 = VERTEX_POINT('',#7221);
#7221 = CARTESIAN_POINT('',(39.,56.5,-78.5));
#7222 = SURFACE_CURVE('',#7223,(#7227,#7234),.PCURVE_S1.);
#7223 = LINE('',#7224,#7225);
#7224 = CARTESIAN_POINT('',(40.,56.5,-78.5));
#7225 = VECTOR('',#7226,1.);
#7226 = DIRECTION('',(-1.,-0.,-0.));
#7227 = PCURVE('',#2136,#7228);
#7228 = DEFINITIONAL_REPRESENTATION('',(#7229),#7233);
#7229 = LINE('',#7230,#7231);
#7230 = CARTESIAN_POINT('',(4.5,0.));
#7231 = VECTOR('',#7232,1.);
#7232 = DIRECTION('',(0.,-1.));
#7233 = ( GEOMETRIC_REPRESENTATION_CONTEXT(2) 
PARAMETRIC_REPRESENTATION_CONTEXT() REPRESENTATION_CONTEXT('2D SPACE',''
  ) );
#7234 = PCURVE('',#7132,#7235);
#7235 = DEFINITIONAL_REPRESENTATION('',(#7236),#7240);
#7236 = LINE('',#7237,#7238);
#7237 = CARTESIAN_POINT('',(-6.568564583132,5.85927243961));
#7238 = VECTOR('',#7239,1.);
#7239 = DIRECTION('',(1.,-0.));
#7240 = ( GEOMETRIC_REPRESENTATION_CONTEXT(2) 
PARAMETRIC_REPRESENTATION_CONTEXT() REPRESENTATION_CONTEXT('2D SPACE',''
  ) );
#7241 = ORIENTED_EDGE('',*,*,#7242,.F.);
#7242 = EDGE_CURVE('',#2098,#7220,#7243,.T.);
#7243 = SURFACE_CURVE('',#7244,(#7248,#7255),.PCURVE_S1.);
#7244 = LINE('',#7245,#7246);
#7245 = CARTESIAN_POINT('',(39.,52.,-78.5));
#7246 = VECTOR('',#7247,1.);
#7247 = DIRECTION('',(0.,1.,0.));
#7248 = PCURVE('',#2136,#7249);
#7249 = DEFINITIONAL_REPRESENTATION('',(#7250),#7254);
#7250 = LINE('',#7251,#7252);
#7251 = CARTESIAN_POINT('',(0.,-1.));
#7252 = VECTOR('',#7253,1.);
#7253 = DIRECTION('',(1.,0.));
#7254 = ( GEOMETRIC_REPRESENTATION_CONTEXT(2) 
PARAMETRIC_REPRESENTATION_CONTEXT() REPRESENTATION_CONTEXT('2D SPACE',''
  ) );
#7255 = PCURVE('',#3604,#7256);
#7256 = DEFINITIONAL_REPRESENTATION('',(#7257),#7261);
#7257 = LINE('',#7258,#7259);
#7258 = CARTESIAN_POINT('',(0.,-0.707106781187));
#7259 = VECTOR('',#7260,1.);
#7260 = DIRECTION('',(1.,0.));
#7261 = ( GEOMETRIC_REPRESENTATION_CONTEXT(2) 
PARAMETRIC_REPRESENTATION_CONTEXT() REPRESENTATION_CONTEXT('2D SPACE',''
  ) );
#7262 = ADVANCED_FACE('',(#7263),#2297,.F.);
#7263 = FACE_BOUND('',#7264,.F.);
#7264 = EDGE_LOOP('',(#7265,#7286,#7287,#7288));
#7265 = ORIENTED_EDGE('',*,*,#7266,.F.);
#7266 = EDGE_CURVE('',#2277,#7014,#7267,.T.);
#7267 = SEAM_CURVE('',#7268,(#7272,#7279),.PCURVE_S1.);
#7268 = LINE('',#7269,#7270);
#7269 = CARTESIAN_POINT('',(11.3,42.75,-88.5));
#7270 = VECTOR('',#7271,1.);
#7271 = DIRECTION('',(-0.707106781187,0.707106781187,0.));
#7272 = PCURVE('',#2297,#7273);
#7273 = DEFINITIONAL_REPRESENTATION('',(#7274),#7278);
#7274 = LINE('',#7275,#7276);
#7275 = CARTESIAN_POINT('',(-0.,-0.));
#7276 = VECTOR('',#7277,1.);
#7277 = DIRECTION('',(-0.,-1.));
#7278 = ( GEOMETRIC_REPRESENTATION_CONTEXT(2) 
PARAMETRIC_REPRESENTATION_CONTEXT() REPRESENTATION_CONTEXT('2D SPACE',''
  ) );
#7279 = PCURVE('',#2297,#7280);
#7280 = DEFINITIONAL_REPRESENTATION('',(#7281),#7285);
#7281 = LINE('',#7282,#7283);
#7282 = CARTESIAN_POINT('',(-6.28318530718,-0.));
#7283 = VECTOR('',#7284,1.);
#7284 = DIRECTION('',(-0.,-1.));
#7285 = ( GEOMETRIC_REPRESENTATION_CONTEXT(2) 
PARAMETRIC_REPRESENTATION_CONTEXT() REPRESENTATION_CONTEXT('2D SPACE',''
  ) );
#7286 = ORIENTED_EDGE('',*,*,#2276,.T.);
#7287 = ORIENTED_EDGE('',*,*,#7266,.T.);
#7288 = ORIENTED_EDGE('',*,*,#7036,.F.);
#7289 = ADVANCED_FACE('',(#7290),#2380,.T.);
#7290 = FACE_BOUND('',#7291,.T.);
#7291 = EDGE_LOOP('',(#7292,#7293,#7319,#7320,#7348));
#7292 = ORIENTED_EDGE('',*,*,#2362,.F.);
#7293 = ORIENTED_EDGE('',*,*,#7294,.F.);
#7294 = EDGE_CURVE('',#2727,#2363,#7295,.T.);
#7295 = SURFACE_CURVE('',#7296,(#7301,#7312),.PCURVE_S1.);
#7296 = CIRCLE('',#7297,27.);
#7297 = AXIS2_PLACEMENT_3D('',#7298,#7299,#7300);
#7298 = CARTESIAN_POINT('',(38.301270189222,84.5,-159.5833024919));
#7299 = DIRECTION('',(-0.5,3.469446951954E-18,-0.866025403784));
#7300 = DIRECTION('',(6.06689218135E-02,0.997543169944,
    -3.502721834047E-02));
#7301 = PCURVE('',#2380,#7302);
#7302 = DEFINITIONAL_REPRESENTATION('',(#7303),#7311);
#7303 = ( BOUNDED_CURVE() B_SPLINE_CURVE(2,(#7304,#7305,#7306,#7307,
#7308,#7309,#7310),.UNSPECIFIED.,.T.,.F.) B_SPLINE_CURVE_WITH_KNOTS((1,2
    ,2,2,2,1),(-2.094395102393,0.,2.094395102393,4.188790204786,
6.28318530718,8.377580409573),.UNSPECIFIED.) CURVE() 
GEOMETRIC_REPRESENTATION_ITEM() RATIONAL_B_SPLINE_CURVE((1.,0.5,1.,0.5,
1.,0.5,1.)) REPRESENTATION_ITEM('') );
#7304 = CARTESIAN_POINT('',(4.941670906888,26.933665588479));
#7305 = CARTESIAN_POINT('',(51.592148140205,23.65754381055));
#7306 = CARTESIAN_POINT('',(25.429704837969,-15.1048936832));
#7307 = CARTESIAN_POINT('',(-0.732738464268,-53.86733117696));
#7308 = CARTESIAN_POINT('',(-21.22077239534,-11.82877190527));
#7309 = CARTESIAN_POINT('',(-41.70880632642,30.209787366408));
#7310 = CARTESIAN_POINT('',(4.941670906888,26.933665588479));
#7311 = ( GEOMETRIC_REPRESENTATION_CONTEXT(2) 
PARAMETRIC_REPRESENTATION_CONTEXT() REPRESENTATION_CONTEXT('2D SPACE',''
  ) );
#7312 = PCURVE('',#2766,#7313);
#7313 = DEFINITIONAL_REPRESENTATION('',(#7314),#7318);
#7314 = LINE('',#7315,#7316);
#7315 = CARTESIAN_POINT('',(0.,-1.));
#7316 = VECTOR('',#7317,1.);
#7317 = DIRECTION('',(1.,-0.));
#7318 = ( GEOMETRIC_REPRESENTATION_CONTEXT(2) 
PARAMETRIC_REPRESENTATION_CONTEXT() REPRESENTATION_CONTEXT('2D SPACE',''
  ) );
#7319 = ORIENTED_EDGE('',*,*,#2726,.F.);
#7320 = ORIENTED_EDGE('',*,*,#7321,.T.);
#7321 = EDGE_CURVE('',#2693,#7322,#7324,.T.);
#7322 = VERTEX_POINT('',#7323);
#7323 = CARTESIAN_POINT('',(60.817930687617,84.5,-172.5833024919));
#7324 = SURFACE_CURVE('',#7325,(#7330,#7341),.PCURVE_S1.);
#7325 = CIRCLE('',#7326,26.);
#7326 = AXIS2_PLACEMENT_3D('',#7327,#7328,#7329);
#7327 = CARTESIAN_POINT('',(38.301270189222,84.5,-159.5833024919));
#7328 = DIRECTION('',(-0.5,0.,-0.866025403784));
#7329 = DIRECTION('',(6.794919243112E-02,0.996917186295,
    -3.923048454132E-02));
#7330 = PCURVE('',#2380,#7331);
#7331 = DEFINITIONAL_REPRESENTATION('',(#7332),#7340);
#7332 = ( BOUNDED_CURVE() B_SPLINE_CURVE(2,(#7333,#7334,#7335,#7336,
#7337,#7338,#7339),.UNSPECIFIED.,.T.,.F.) B_SPLINE_CURVE_WITH_KNOTS((1,2
    ,2,2,2,1),(-2.094395102393,0.,2.094395102393,4.188790204786,
6.28318530718,8.377580409573),.UNSPECIFIED.) CURVE() 
GEOMETRIC_REPRESENTATION_ITEM() RATIONAL_B_SPLINE_CURVE((1.,0.5,1.,0.5,
1.,0.5,1.)) REPRESENTATION_ITEM('') );
#7333 = CARTESIAN_POINT('',(5.090186312652,25.919846843673));
#7334 = CARTESIAN_POINT('',(49.984677970298,22.386488837255));
#7335 = CARTESIAN_POINT('',(24.477454347252,-14.72660242504));
#7336 = CARTESIAN_POINT('',(-1.029769275795,-51.83969368734));
#7337 = CARTESIAN_POINT('',(-20.41703731039,-11.19324441862));
#7338 = CARTESIAN_POINT('',(-39.80430534499,29.453204850091));
#7339 = CARTESIAN_POINT('',(5.090186312652,25.919846843673));
#7340 = ( GEOMETRIC_REPRESENTATION_CONTEXT(2) 
PARAMETRIC_REPRESENTATION_CONTEXT() REPRESENTATION_CONTEXT('2D SPACE',''
  ) );
#7341 = PCURVE('',#2712,#7342);
#7342 = DEFINITIONAL_REPRESENTATION('',(#7343),#7347);
#7343 = LINE('',#7344,#7345);
#7344 = CARTESIAN_POINT('',(0.,1.));
#7345 = VECTOR('',#7346,1.);
#7346 = DIRECTION('',(-1.,-0.));
#7347 = ( GEOMETRIC_REPRESENTATION_CONTEXT(2) 
PARAMETRIC_REPRESENTATION_CONTEXT() REPRESENTATION_CONTEXT('2D SPACE',''
  ) );
#7348 = ORIENTED_EDGE('',*,*,#7349,.T.);
#7349 = EDGE_CURVE('',#7322,#2365,#7350,.T.);
#7350 = SURFACE_CURVE('',#7351,(#7356,#7367),.PCURVE_S1.);
#7351 = CIRCLE('',#7352,26.);
#7352 = AXIS2_PLACEMENT_3D('',#7353,#7354,#7355);
#7353 = CARTESIAN_POINT('',(38.301270189222,84.5,-159.5833024919));
#7354 = DIRECTION('',(-0.5,-0.,-0.866025403784));
#7355 = DIRECTION('',(0.866025403784,0.,-0.5));
#7356 = PCURVE('',#2380,#7357);
#7357 = DEFINITIONAL_REPRESENTATION('',(#7358),#7366);
#7358 = ( BOUNDED_CURVE() B_SPLINE_CURVE(2,(#7359,#7360,#7361,#7362,
#7363,#7364,#7365),.UNSPECIFIED.,.T.,.F.) B_SPLINE_CURVE_WITH_KNOTS((1,2
    ,2,2,2,1),(-2.094395102393,0.,2.094395102393,4.188790204786,
6.28318530718,8.377580409573),.UNSPECIFIED.) CURVE() 
GEOMETRIC_REPRESENTATION_ITEM() RATIONAL_B_SPLINE_CURVE((1.,0.5,1.,0.5,
1.,0.5,1.)) REPRESENTATION_ITEM('') );
#7359 = CARTESIAN_POINT('',(29.050201116503,-6.821210263297E-13));
#7360 = CARTESIAN_POINT('',(29.050201116503,-45.03332099679));
#7361 = CARTESIAN_POINT('',(-9.949798883497,-22.51666049839));
#7362 = CARTESIAN_POINT('',(-48.94979888349,-6.884891896853E-13));
#7363 = CARTESIAN_POINT('',(-9.949798883497,22.516660498395));
#7364 = CARTESIAN_POINT('',(29.050201116503,45.03332099679));
#7365 = CARTESIAN_POINT('',(29.050201116503,-6.821210263297E-13));
#7366 = ( GEOMETRIC_REPRESENTATION_CONTEXT(2) 
PARAMETRIC_REPRESENTATION_CONTEXT() REPRESENTATION_CONTEXT('2D SPACE',''
  ) );
#7367 = PCURVE('',#2412,#7368);
#7368 = DEFINITIONAL_REPRESENTATION('',(#7369),#7373);
#7369 = LINE('',#7370,#7371);
#7370 = CARTESIAN_POINT('',(0.,1.));
#7371 = VECTOR('',#7372,1.);
#7372 = DIRECTION('',(-1.,-0.));
#7373 = ( GEOMETRIC_REPRESENTATION_CONTEXT(2) 
PARAMETRIC_REPRESENTATION_CONTEXT() REPRESENTATION_CONTEXT('2D SPACE',''
  ) );
#7374 = ADVANCED_FACE('',(#7375),#2766,.T.);
#7375 = FACE_BOUND('',#7376,.F.);
#7376 = EDGE_LOOP('',(#7377,#7407,#7408,#7409,#7410));
#7377 = ORIENTED_EDGE('',*,*,#7378,.T.);
#7378 = EDGE_CURVE('',#4207,#3662,#7379,.T.);
#7379 = SURFACE_CURVE('',#7380,(#7387,#7397),.PCURVE_S1.);
#7380 = B_SPLINE_CURVE_WITH_KNOTS('',5,(#7381,#7382,#7383,#7384,#7385,
    #7386),.UNSPECIFIED.,.F.,.F.,(6,6),(0.,1.),
  .PIECEWISE_BEZIER_KNOTS.);
#7381 = CARTESIAN_POINT('',(39.0011471877,56.534299694363,
    -161.1420772038));
#7382 = CARTESIAN_POINT('',(39.200188908162,56.740378799817,
    -161.0258545322));
#7383 = CARTESIAN_POINT('',(39.399579310572,56.94591382265,
    -160.9113229411));
#7384 = CARTESIAN_POINT('',(39.599343240149,57.150819436038,
    -160.7986586719));
#7385 = CARTESIAN_POINT('',(39.799485390679,57.355070115742,
    -160.687963447));
#7386 = CARTESIAN_POINT('',(40.,57.558675859833,-160.5792956127));
#7387 = PCURVE('',#2766,#7388);
#7388 = DEFINITIONAL_REPRESENTATION('',(#7389),#7396);
#7389 = B_SPLINE_CURVE_WITH_KNOTS('',5,(#7390,#7391,#7392,#7393,#7394,
    #7395),.UNSPECIFIED.,.F.,.F.,(6,6),(0.,1.),
  .PIECEWISE_BEZIER_KNOTS.);
#7390 = CARTESIAN_POINT('',(3.021978481507,0.));
#7391 = CARTESIAN_POINT('',(3.017538442073,-0.20017264627));
#7392 = CARTESIAN_POINT('',(3.012979077489,-0.39905511491));
#7393 = CARTESIAN_POINT('',(3.008293200369,-0.596507198991));
#7394 = CARTESIAN_POINT('',(3.003475253749,-0.792443151066));
#7395 = CARTESIAN_POINT('',(2.998520587743,-0.9868095608));
#7396 = ( GEOMETRIC_REPRESENTATION_CONTEXT(2) 
PARAMETRIC_REPRESENTATION_CONTEXT() REPRESENTATION_CONTEXT('2D SPACE',''
  ) );
#7397 = PCURVE('',#3683,#7398);
#7398 = DEFINITIONAL_REPRESENTATION('',(#7399),#7406);
#7399 = B_SPLINE_CURVE_WITH_KNOTS('',5,(#7400,#7401,#7402,#7403,#7404,
    #7405),.UNSPECIFIED.,.F.,.F.,(6,6),(0.,1.),
  .PIECEWISE_BEZIER_KNOTS.);
#7400 = CARTESIAN_POINT('',(6.647213000977E-07,-0.576839141817));
#7401 = CARTESIAN_POINT('',(0.790280874474,-0.469695129599));
#7402 = CARTESIAN_POINT('',(1.581752634015,-0.364287520256));
#7403 = CARTESIAN_POINT('',(2.374506585152,-0.260600389994));
#7404 = CARTESIAN_POINT('',(3.168575819521,-0.158573363402));
#7405 = CARTESIAN_POINT('',(3.96395828232,-5.812510584397E-02));
#7406 = ( GEOMETRIC_REPRESENTATION_CONTEXT(2) 
PARAMETRIC_REPRESENTATION_CONTEXT() REPRESENTATION_CONTEXT('2D SPACE',''
  ) );
#7407 = ORIENTED_EDGE('',*,*,#3703,.T.);
#7408 = ORIENTED_EDGE('',*,*,#7294,.F.);
#7409 = ORIENTED_EDGE('',*,*,#2749,.F.);
#7410 = ORIENTED_EDGE('',*,*,#4235,.T.);
#7411 = ADVANCED_FACE('',(#7412),#2412,.F.);
#7412 = FACE_BOUND('',#7413,.F.);
#7413 = EDGE_LOOP('',(#7414,#7443,#7472,#7493,#7494));
#7414 = ORIENTED_EDGE('',*,*,#7415,.F.);
#7415 = EDGE_CURVE('',#7416,#2393,#7418,.T.);
#7416 = VERTEX_POINT('',#7417);
#7417 = CARTESIAN_POINT('',(39.001986245663,59.53847541871,
    -161.1425616341));
#7418 = SURFACE_CURVE('',#7419,(#7425,#7434),.PCURVE_S1.);
#7419 = B_SPLINE_CURVE_WITH_KNOTS('',4,(#7420,#7421,#7422,#7423,#7424),
  .UNSPECIFIED.,.F.,.F.,(5,5),(0.,1.),.PIECEWISE_BEZIER_KNOTS.);
#7420 = CARTESIAN_POINT('',(39.001986215481,59.538475446552,
    -161.1425616167));
#7421 = CARTESIAN_POINT('',(39.251325730392,59.300271288462,
    -161.0025419548));
#7422 = CARTESIAN_POINT('',(39.50078167128,59.060542108281,
    -160.8598300765));
#7423 = CARTESIAN_POINT('',(39.750343859034,58.819261535897,
    -160.7145000904));
#7424 = CARTESIAN_POINT('',(40.000000000001,58.576409610349,
    -160.5666156781));
#7425 = PCURVE('',#2412,#7426);
#7426 = DEFINITIONAL_REPRESENTATION('',(#7427),#7433);
#7427 = B_SPLINE_CURVE_WITH_KNOTS('',4,(#7428,#7429,#7430,#7431,#7432),
  .UNSPECIFIED.,.F.,.F.,(5,5),(0.,1.),.PIECEWISE_BEZIER_KNOTS.);
#7428 = CARTESIAN_POINT('',(-1.515309160948,0.));
#7429 = CARTESIAN_POINT('',(-1.510009582937,0.24593034167));
#7430 = CARTESIAN_POINT('',(-1.504902142774,0.494250428592));
#7431 = CARTESIAN_POINT('',(-1.499977080732,0.74489097781));
#7432 = CARTESIAN_POINT('',(-1.495225703781,0.997790706241));
#7433 = ( GEOMETRIC_REPRESENTATION_CONTEXT(2) 
PARAMETRIC_REPRESENTATION_CONTEXT() REPRESENTATION_CONTEXT('2D SPACE',''
  ) );
#7434 = PCURVE('',#2560,#7435);
#7435 = DEFINITIONAL_REPRESENTATION('',(#7436),#7442);
#7436 = B_SPLINE_CURVE_WITH_KNOTS('',4,(#7437,#7438,#7439,#7440,#7441),
  .UNSPECIFIED.,.F.,.F.,(5,5),(0.,1.),.PIECEWISE_BEZIER_KNOTS.);
#7437 = CARTESIAN_POINT('',(0.,129.40540756256));
#7438 = CARTESIAN_POINT('',(33.575278922305,129.28735589156));
#7439 = CARTESIAN_POINT('',(67.150495046551,129.16790840305));
#7440 = CARTESIAN_POINT('',(100.72564886933,129.04715321869));
#7441 = CARTESIAN_POINT('',(134.30074089756,128.92516749102));
#7442 = ( GEOMETRIC_REPRESENTATION_CONTEXT(2) 
PARAMETRIC_REPRESENTATION_CONTEXT() REPRESENTATION_CONTEXT('2D SPACE',''
  ) );
#7443 = ORIENTED_EDGE('',*,*,#7444,.F.);
#7444 = EDGE_CURVE('',#7445,#7416,#7447,.T.);
#7445 = VERTEX_POINT('',#7446);
#7446 = CARTESIAN_POINT('',(59.451905283833,84.5,-172.9493278957));
#7447 = SURFACE_CURVE('',#7448,(#7453,#7460),.PCURVE_S1.);
#7448 = CIRCLE('',#7449,25.);
#7449 = AXIS2_PLACEMENT_3D('',#7450,#7451,#7452);
#7450 = CARTESIAN_POINT('',(37.801270189222,84.5,-160.4493278957));
#7451 = DIRECTION('',(-0.5,-0.,-0.866025403784));
#7452 = DIRECTION('',(0.866025403784,0.,-0.5));
#7453 = PCURVE('',#2412,#7454);
#7454 = DEFINITIONAL_REPRESENTATION('',(#7455),#7459);
#7455 = LINE('',#7456,#7457);
#7456 = CARTESIAN_POINT('',(-0.,-0.));
#7457 = VECTOR('',#7458,1.);
#7458 = DIRECTION('',(-1.,-0.));
#7459 = ( GEOMETRIC_REPRESENTATION_CONTEXT(2) 
PARAMETRIC_REPRESENTATION_CONTEXT() REPRESENTATION_CONTEXT('2D SPACE',''
  ) );
#7460 = PCURVE('',#7461,#7466);
#7461 = CYLINDRICAL_SURFACE('',#7462,25.);
#7462 = AXIS2_PLACEMENT_3D('',#7463,#7464,#7465);
#7463 = CARTESIAN_POINT('',(38.301270189222,84.5,-159.5833024919));
#7464 = DIRECTION('',(0.5,0.,0.866025403784));
#7465 = DIRECTION('',(0.866025403784,0.,-0.5));
#7466 = DEFINITIONAL_REPRESENTATION('',(#7467),#7471);
#7467 = LINE('',#7468,#7469);
#7468 = CARTESIAN_POINT('',(-0.,-1.));
#7469 = VECTOR('',#7470,1.);
#7470 = DIRECTION('',(-1.,0.));
#7471 = ( GEOMETRIC_REPRESENTATION_CONTEXT(2) 
PARAMETRIC_REPRESENTATION_CONTEXT() REPRESENTATION_CONTEXT('2D SPACE',''
  ) );
#7472 = ORIENTED_EDGE('',*,*,#7473,.F.);
#7473 = EDGE_CURVE('',#7322,#7445,#7474,.T.);
#7474 = SURFACE_CURVE('',#7475,(#7479,#7486),.PCURVE_S1.);
#7475 = LINE('',#7476,#7477);
#7476 = CARTESIAN_POINT('',(59.451905283833,84.5,-172.9493278957));
#7477 = VECTOR('',#7478,1.);
#7478 = DIRECTION('',(-0.965925826289,2.081668171172E-16,-0.258819045103
    ));
#7479 = PCURVE('',#2412,#7480);
#7480 = DEFINITIONAL_REPRESENTATION('',(#7481),#7485);
#7481 = LINE('',#7482,#7483);
#7482 = CARTESIAN_POINT('',(-0.,-0.));
#7483 = VECTOR('',#7484,1.);
#7484 = DIRECTION('',(-0.,-1.));
#7485 = ( GEOMETRIC_REPRESENTATION_CONTEXT(2) 
PARAMETRIC_REPRESENTATION_CONTEXT() REPRESENTATION_CONTEXT('2D SPACE',''
  ) );
#7486 = PCURVE('',#2712,#7487);
#7487 = DEFINITIONAL_REPRESENTATION('',(#7488),#7492);
#7488 = LINE('',#7489,#7490);
#7489 = CARTESIAN_POINT('',(-1.492254631307,-0.));
#7490 = VECTOR('',#7491,1.);
#7491 = DIRECTION('',(-0.,-1.));
#7492 = ( GEOMETRIC_REPRESENTATION_CONTEXT(2) 
PARAMETRIC_REPRESENTATION_CONTEXT() REPRESENTATION_CONTEXT('2D SPACE',''
  ) );
#7493 = ORIENTED_EDGE('',*,*,#7349,.T.);
#7494 = ORIENTED_EDGE('',*,*,#2392,.F.);
#7495 = ADVANCED_FACE('',(#7496),#3683,.T.);
#7496 = FACE_BOUND('',#7497,.T.);
#7497 = EDGE_LOOP('',(#7498,#7499,#7500,#7501));
#7498 = ORIENTED_EDGE('',*,*,#7378,.T.);
#7499 = ORIENTED_EDGE('',*,*,#3661,.T.);
#7500 = ORIENTED_EDGE('',*,*,#3961,.F.);
#7501 = ORIENTED_EDGE('',*,*,#4206,.F.);
#7502 = ADVANCED_FACE('',(#7503),#2560,.T.);
#7503 = FACE_BOUND('',#7504,.T.);
#7504 = EDGE_LOOP('',(#7505,#7534,#7535,#7536));
#7505 = ORIENTED_EDGE('',*,*,#7506,.T.);
#7506 = EDGE_CURVE('',#7507,#2427,#7509,.T.);
#7507 = VERTEX_POINT('',#7508);
#7508 = CARTESIAN_POINT('',(39.001985387796,109.46152462144,
    -161.1425611388));
#7509 = SURFACE_CURVE('',#7510,(#7516,#7525),.PCURVE_S1.);
#7510 = B_SPLINE_CURVE_WITH_KNOTS('',4,(#7511,#7512,#7513,#7514,#7515),
  .UNSPECIFIED.,.F.,.F.,(5,5),(0.,1.),.PIECEWISE_BEZIER_KNOTS.);
#7511 = CARTESIAN_POINT('',(39.001985372679,109.4615246075,
    -161.1425611301));
#7512 = CARTESIAN_POINT('',(39.251325113933,109.6997304056,
    -161.0025397563));
#7513 = CARTESIAN_POINT('',(39.500781307974,109.939461591,
    -160.8598257734));
#7514 = CARTESIAN_POINT('',(39.750343710735,110.18074393094,
    -160.7144939667));
#7515 = CARTESIAN_POINT('',(39.999999999999,110.42359676773,
    -160.5666086412));
#7516 = PCURVE('',#2560,#7517);
#7517 = DEFINITIONAL_REPRESENTATION('',(#7518),#7524);
#7518 = B_SPLINE_CURVE_WITH_KNOTS('',4,(#7519,#7520,#7521,#7522,#7523),
  .UNSPECIFIED.,.F.,.F.,(5,5),(0.,1.),.PIECEWISE_BEZIER_KNOTS.);
#7519 = CARTESIAN_POINT('',(0.,-0.451686708108));
#7520 = CARTESIAN_POINT('',(33.575278918002,-0.333633732941));
#7521 = CARTESIAN_POINT('',(67.150495028471,-0.214185141294));
#7522 = CARTESIAN_POINT('',(100.72564884793,-9.343000313651E-02));
#7523 = CARTESIAN_POINT('',(134.30074089756,2.855514900288E-02));
#7524 = ( GEOMETRIC_REPRESENTATION_CONTEXT(2) 
PARAMETRIC_REPRESENTATION_CONTEXT() REPRESENTATION_CONTEXT('2D SPACE',''
  ) );
#7525 = PCURVE('',#2712,#7526);
#7526 = DEFINITIONAL_REPRESENTATION('',(#7527),#7533);
#7527 = B_SPLINE_CURVE_WITH_KNOTS('',4,(#7528,#7529,#7530,#7531,#7532),
  .UNSPECIFIED.,.F.,.F.,(5,5),(0.,1.),.PIECEWISE_BEZIER_KNOTS.);
#7528 = CARTESIAN_POINT('',(2.305456796205E-02,0.));
#7529 = CARTESIAN_POINT('',(1.77550195611E-02,0.245931937383));
#7530 = CARTESIAN_POINT('',(1.264761687252E-02,0.494253969071));
#7531 = CARTESIAN_POINT('',(7.722587377518E-03,0.744896207064));
#7532 = CARTESIAN_POINT('',(2.971225279249E-03,0.997796800405));
#7533 = ( GEOMETRIC_REPRESENTATION_CONTEXT(2) 
PARAMETRIC_REPRESENTATION_CONTEXT() REPRESENTATION_CONTEXT('2D SPACE',''
  ) );
#7534 = ORIENTED_EDGE('',*,*,#2426,.T.);
#7535 = ORIENTED_EDGE('',*,*,#7415,.F.);
#7536 = ORIENTED_EDGE('',*,*,#7537,.F.);
#7537 = EDGE_CURVE('',#7507,#7416,#7538,.T.);
#7538 = SURFACE_CURVE('',#7539,(#7602,#7609),.PCURVE_S1.);
#7539 = B_SPLINE_CURVE_WITH_KNOTS('',13,(#7540,#7541,#7542,#7543,#7544,
    #7545,#7546,#7547,#7548,#7549,#7550,#7551,#7552,#7553,#7554,#7555,
    #7556,#7557,#7558,#7559,#7560,#7561,#7562,#7563,#7564,#7565,#7566,
    #7567,#7568,#7569,#7570,#7571,#7572,#7573,#7574,#7575,#7576,#7577,
    #7578,#7579,#7580,#7581,#7582,#7583,#7584,#7585,#7586,#7587,#7588,
    #7589,#7590,#7591,#7592,#7593,#7594,#7595,#7596,#7597,#7598,#7599,
    #7600,#7601),.UNSPECIFIED.,.F.,.F.,(14,12,12,12,12,14),(
    -2.673510866649,0.,64.476859582126,97.39370784133,130.31055610053,
    131.62723003092),.UNSPECIFIED.);
#7540 = CARTESIAN_POINT('',(39.006236278065,109.34229487776,
    -163.9695411128));
#7541 = CARTESIAN_POINT('',(39.005745212968,109.35706376819,
    -163.7086651837));
#7542 = CARTESIAN_POINT('',(39.005271048383,109.37108498978,
    -163.4476065839));
#7543 = CARTESIAN_POINT('',(39.00481493855,109.38435816471,
    -163.1863727662));
#7544 = CARTESIAN_POINT('',(39.004377904685,109.39688294834,
    -162.9249713412));
#7545 = CARTESIAN_POINT('',(39.003960833642,109.40865902419,
    -162.6634100697));
#7546 = CARTESIAN_POINT('',(39.003564480316,109.41968611312,
    -162.4016968771));
#7547 = CARTESIAN_POINT('',(39.003189464109,109.42996395956,
    -162.1398398321));
#7548 = CARTESIAN_POINT('',(39.002836273255,109.43949234877,
    -161.8778471725));
#7549 = CARTESIAN_POINT('',(39.002505260381,109.4482710886,
    -161.6157272792));
#7550 = CARTESIAN_POINT('',(39.002196646338,109.45630002576,
    -161.3534886978));
#7551 = CARTESIAN_POINT('',(39.001910517427,109.46357903363,
    -161.091140124));
#7552 = CARTESIAN_POINT('',(39.001646827067,109.47010801985,
    -160.8286904117));
#7553 = CARTESIAN_POINT('',(38.995582795684,109.61525628073,
    -154.2344467872));
#7554 = CARTESIAN_POINT('',(39.002799869961,109.31849712112,
    -147.8495320161));
#7555 = CARTESIAN_POINT('',(39.023333092771,108.58286164008,
    -141.5402811964));
#7556 = CARTESIAN_POINT('',(39.05635048358,107.42571814696,
    -135.446339634));
#7557 = CARTESIAN_POINT('',(39.102327939607,105.84273389342,
    -129.6714864054));
#7558 = CARTESIAN_POINT('',(39.156608547326,103.92102317269,
    -124.4055202804));
#7559 = CARTESIAN_POINT('',(39.221981875814,101.61194686445,
    -119.6353284976));
#7560 = CARTESIAN_POINT('',(39.289934920333,99.075053439229,
    -115.6556649835));
#7561 = CARTESIAN_POINT('',(39.359595140137,96.29240986524,
    -112.3138526365));
#7562 = CARTESIAN_POINT('',(39.427146293772,93.34532035216,
    -109.9000317441));
#7563 = CARTESIAN_POINT('',(39.475639337327,90.404543429647,
    -108.3044464059));
#7564 = CARTESIAN_POINT('',(39.499999999994,87.452065073467,
    -107.5070415551));
#7565 = CARTESIAN_POINT('',(39.500000000005,82.992906157275,
    -107.5070415551));
#7566 = CARTESIAN_POINT('',(39.493654078302,81.485741811509,
    -107.7149436537));
#7567 = CARTESIAN_POINT('',(39.480975824629,79.979936608341,
    -108.1304210883));
#7568 = CARTESIAN_POINT('',(39.462357537441,78.475376379498,
    -108.7559392885));
#7569 = CARTESIAN_POINT('',(39.438707742939,76.97701472024,
    -109.5954196166));
#7570 = CARTESIAN_POINT('',(39.411200677692,75.494106012724,
    -110.6507566116));
#7571 = CARTESIAN_POINT('',(39.381002909906,74.037525185956,
    -111.9198650082));
#7572 = CARTESIAN_POINT('',(39.349127701419,72.617814180831,
    -113.3969830948));
#7573 = CARTESIAN_POINT('',(39.316421792084,71.244593760508,
    -115.074194132));
#7574 = CARTESIAN_POINT('',(39.283611887767,69.926801407503,
    -116.9425469041));
#7575 = CARTESIAN_POINT('',(39.251329393533,68.672862212519,
    -118.9917607588));
#7576 = CARTESIAN_POINT('',(39.220091726446,67.49036927105,
    -121.2092890012));
#7577 = CARTESIAN_POINT('',(39.160602209409,65.281918089167,
    -125.9556866578));
#7578 = CARTESIAN_POINT('',(39.132344322323,64.255969954189,
    -128.4845137171));
#7579 = CARTESIAN_POINT('',(39.106069034013,63.315149676074,
    -131.1558244885));
#7580 = CARTESIAN_POINT('',(39.081939129485,62.4655997986,
    -133.9563102827));
#7581 = CARTESIAN_POINT('',(39.060756997551,61.712675763431,
    -136.8693023536));
#7582 = CARTESIAN_POINT('',(39.04196674938,61.061129065494,
    -139.8819698004));
#7583 = CARTESIAN_POINT('',(39.026543748618,60.514850047422,
    -142.9752871449));
#7584 = CARTESIAN_POINT('',(39.014419512172,60.077084425572,
    -146.1332703527));
#7585 = CARTESIAN_POINT('',(39.005087315655,59.750374014873,
    -149.3409539265));
#7586 = CARTESIAN_POINT('',(38.999835625279,59.536357895469,
    -152.5766604349));
#7587 = CARTESIAN_POINT('',(38.997465964328,59.436146804567,
    -155.8272925427));
#7588 = CARTESIAN_POINT('',(38.998815434266,59.449935694997,
    -159.0723990255));
#7589 = CARTESIAN_POINT('',(39.003631063326,59.582400640983,
    -162.4250758486));
#7590 = CARTESIAN_POINT('',(39.003821460342,59.587677227888,
    -162.5539916859));
#7591 = CARTESIAN_POINT('',(39.00401698951,59.593135531161,
    -162.6828726195));
#7592 = CARTESIAN_POINT('',(39.004217591405,59.598775495662,
    -162.8117172316));
#7593 = CARTESIAN_POINT('',(39.004423196979,59.604597078249,
    -162.940524329));
#7594 = CARTESIAN_POINT('',(39.004633724828,59.610600243574,
    -163.0692929248));
#7595 = CARTESIAN_POINT('',(39.004849085331,59.616784970426,
    -163.1980222666));
#7596 = CARTESIAN_POINT('',(39.005069175477,59.623151243885,-163.3267118
    ));
#7597 = CARTESIAN_POINT('',(39.005293884304,59.629699063407,
    -163.4553612084));
#7598 = CARTESIAN_POINT('',(39.005523088042,59.636428435831,
    -163.5839703763));
#7599 = CARTESIAN_POINT('',(39.005756653799,59.643339380461,
    -163.7125394177));
#7600 = CARTESIAN_POINT('',(39.005994437205,59.65043192598,
    -163.8410686579));
#7601 = CARTESIAN_POINT('',(39.006236283654,59.657706111995,
    -163.9695586431));
#7602 = PCURVE('',#2560,#7603);
#7603 = DEFINITIONAL_REPRESENTATION('',(#7604),#7608);
#7604 = LINE('',#7605,#7606);
#7605 = CARTESIAN_POINT('',(0.,0.));
#7606 = VECTOR('',#7607,1.);
#7607 = DIRECTION('',(0.,1.));
#7608 = ( GEOMETRIC_REPRESENTATION_CONTEXT(2) 
PARAMETRIC_REPRESENTATION_CONTEXT() REPRESENTATION_CONTEXT('2D SPACE',''
  ) );
#7609 = PCURVE('',#7461,#7610);
#7610 = DEFINITIONAL_REPRESENTATION('',(#7611),#7674);
#7611 = B_SPLINE_CURVE_WITH_KNOTS('',13,(#7612,#7613,#7614,#7615,#7616,
    #7617,#7618,#7619,#7620,#7621,#7622,#7623,#7624,#7625,#7626,#7627,
    #7628,#7629,#7630,#7631,#7632,#7633,#7634,#7635,#7636,#7637,#7638,
    #7639,#7640,#7641,#7642,#7643,#7644,#7645,#7646,#7647,#7648,#7649,
    #7650,#7651,#7652,#7653,#7654,#7655,#7656,#7657,#7658,#7659,#7660,
    #7661,#7662,#7663,#7664,#7665,#7666,#7667,#7668,#7669,#7670,#7671,
    #7672,#7673),.UNSPECIFIED.,.F.,.F.,(14,12,12,12,12,14),(
    -2.673510866649,0.,64.476859582126,97.39370784133,130.31055610053,
    131.62723003092),.UNSPECIFIED.);
#7612 = CARTESIAN_POINT('',(-4.8247709034,-3.446111028352));
#7613 = CARTESIAN_POINT('',(-4.819503143716,-3.220431379039));
#7614 = CARTESIAN_POINT('',(-4.814235689383,-2.994585081957));
#7615 = CARTESIAN_POINT('',(-4.808968542727,-2.768578014699));
#7616 = CARTESIAN_POINT('',(-4.803701704615,-2.542416256295));
#7617 = CARTESIAN_POINT('',(-4.798435174228,-2.316106087153));
#7618 = CARTESIAN_POINT('',(-4.793168949466,-2.089653989163));
#7619 = CARTESIAN_POINT('',(-4.787903026356,-1.863066645549));
#7620 = CARTESIAN_POINT('',(-4.782637399778,-1.636350941039));
#7621 = CARTESIAN_POINT('',(-4.777372062714,-1.409513961704));
#7622 = CARTESIAN_POINT('',(-4.772107006903,-1.182562995088));
#7623 = CARTESIAN_POINT('',(-4.766842222362,-0.955505530116));
#7624 = CARTESIAN_POINT('',(-4.761577697675,-0.72834925715));
#7625 = CARTESIAN_POINT('',(-4.629355229351,4.979401224723));
#7626 = CARTESIAN_POINT('',(-4.502554390791,10.512508154386));
#7627 = CARTESIAN_POINT('',(-4.375848573175,15.986746255259));
#7628 = CARTESIAN_POINT('',(-4.249518121461,21.280763151351));
#7629 = CARTESIAN_POINT('',(-4.122744780772,26.304921480977));
#7630 = CARTESIAN_POINT('',(-3.997471870963,30.892522221158));
#7631 = CARTESIAN_POINT('',(-3.870726208154,35.056316153879));
#7632 = CARTESIAN_POINT('',(-3.746230310189,38.536782374715));
#7633 = CARTESIAN_POINT('',(-3.621657587625,41.465706874043));
#7634 = CARTESIAN_POINT('',(-3.497529607802,43.589912662559));
#7635 = CARTESIAN_POINT('',(-3.377772356922,44.995976621707));
#7636 = CARTESIAN_POINT('',(-3.259675256529,45.698729810767));
#7637 = CARTESIAN_POINT('',(-3.081308899881,45.698729810787));
#7638 = CARTESIAN_POINT('',(-3.021022739704,45.515508350952));
#7639 = CARTESIAN_POINT('',(-2.960508413235,45.149355211529));
#7640 = CARTESIAN_POINT('',(-2.899486823556,44.598331414976));
#7641 = CARTESIAN_POINT('',(-2.837854769886,43.859495229291));
#7642 = CARTESIAN_POINT('',(-2.775657139127,42.931793047271));
#7643 = CARTESIAN_POINT('',(-2.712994755859,41.817614053991));
#7644 = CARTESIAN_POINT('',(-2.649959849361,40.522454660459));
#7645 = CARTESIAN_POINT('',(-2.586620055663,39.053594341409));
#7646 = CARTESIAN_POINT('',(-2.52303051842,37.419148424687));
#7647 = CARTESIAN_POINT('',(-2.45924200038,35.628335921942));
#7648 = CARTESIAN_POINT('',(-2.395290952564,33.692281296732));
#7649 = CARTESIAN_POINT('',(-2.267119493418,29.552035591153));
#7650 = CARTESIAN_POINT('',(-2.202899159841,27.347878172461));
#7651 = CARTESIAN_POINT('',(-2.138574758468,25.021317538991));
#7652 = CARTESIAN_POINT('',(-2.074159824813,22.583960745816));
#7653 = CARTESIAN_POINT('',(-2.009687261543,20.05064454559));
#7654 = CARTESIAN_POINT('',(-1.945139097247,17.432202879273));
#7655 = CARTESIAN_POINT('',(-1.880551287058,14.745599976731));
#7656 = CARTESIAN_POINT('',(-1.815921200581,12.004644175679));
#7657 = CARTESIAN_POINT('',(-1.751230393552,9.222042615356));
#7658 = CARTESIAN_POINT('',(-1.686525206554,6.417212734615));
#7659 = CARTESIAN_POINT('',(-1.621761491233,3.600897920441));
#7660 = CARTESIAN_POINT('',(-1.556970109547,0.791228003271));
#7661 = CARTESIAN_POINT('',(-1.489541249028,-2.10986748158));
#7662 = CARTESIAN_POINT('',(-1.486947744383,-2.221416673292));
#7663 = CARTESIAN_POINT('',(-1.484354164932,-2.332933070858));
#7664 = CARTESIAN_POINT('',(-1.481760518771,-2.444415477934));
#7665 = CARTESIAN_POINT('',(-1.479166810008,-2.555862892283));
#7666 = CARTESIAN_POINT('',(-1.476573038684,-2.66727450547));
#7667 = CARTESIAN_POINT('',(-1.473979200892,-2.778649703314));
#7668 = CARTESIAN_POINT('',(-1.471385288632,-2.889988065333));
#7669 = CARTESIAN_POINT('',(-1.468791289956,-3.001289365315));
#7670 = CARTESIAN_POINT('',(-1.466197188845,-3.112553570823));
#7671 = CARTESIAN_POINT('',(-1.4636029653,-3.223780843558));
#7672 = CARTESIAN_POINT('',(-1.461008595285,-3.334971539135));
#7673 = CARTESIAN_POINT('',(-1.458414050754,-3.446126207196));
#7674 = ( GEOMETRIC_REPRESENTATION_CONTEXT(2) 
PARAMETRIC_REPRESENTATION_CONTEXT() REPRESENTATION_CONTEXT('2D SPACE',''
  ) );
#7675 = ADVANCED_FACE('',(#7676),#2712,.F.);
#7676 = FACE_BOUND('',#7677,.F.);
#7677 = EDGE_LOOP('',(#7678,#7679,#7680,#7681,#7682));
#7678 = ORIENTED_EDGE('',*,*,#7506,.T.);
#7679 = ORIENTED_EDGE('',*,*,#2692,.T.);
#7680 = ORIENTED_EDGE('',*,*,#7321,.T.);
#7681 = ORIENTED_EDGE('',*,*,#7473,.T.);
#7682 = ORIENTED_EDGE('',*,*,#7683,.F.);
#7683 = EDGE_CURVE('',#7507,#7445,#7684,.T.);
#7684 = SURFACE_CURVE('',#7685,(#7690,#7697),.PCURVE_S1.);
#7685 = CIRCLE('',#7686,25.);
#7686 = AXIS2_PLACEMENT_3D('',#7687,#7688,#7689);
#7687 = CARTESIAN_POINT('',(37.801270189222,84.5,-160.4493278957));
#7688 = DIRECTION('',(-0.5,0.,-0.866025403784));
#7689 = DIRECTION('',(6.794919243112E-02,0.996917186295,
    -3.923048454132E-02));
#7690 = PCURVE('',#2712,#7691);
#7691 = DEFINITIONAL_REPRESENTATION('',(#7692),#7696);
#7692 = LINE('',#7693,#7694);
#7693 = CARTESIAN_POINT('',(-0.,-0.));
#7694 = VECTOR('',#7695,1.);
#7695 = DIRECTION('',(-1.,-0.));
#7696 = ( GEOMETRIC_REPRESENTATION_CONTEXT(2) 
PARAMETRIC_REPRESENTATION_CONTEXT() REPRESENTATION_CONTEXT('2D SPACE',''
  ) );
#7697 = PCURVE('',#7461,#7698);
#7698 = DEFINITIONAL_REPRESENTATION('',(#7699),#7703);
#7699 = LINE('',#7700,#7701);
#7700 = CARTESIAN_POINT('',(-4.790930675872,-1.));
#7701 = VECTOR('',#7702,1.);
#7702 = DIRECTION('',(-1.,0.));
#7703 = ( GEOMETRIC_REPRESENTATION_CONTEXT(2) 
PARAMETRIC_REPRESENTATION_CONTEXT() REPRESENTATION_CONTEXT('2D SPACE',''
  ) );
#7704 = ADVANCED_FACE('',(#7705),#3604,.F.);
#7705 = FACE_BOUND('',#7706,.F.);
#7706 = EDGE_LOOP('',(#7707,#7708,#7709,#7730));
#7707 = ORIENTED_EDGE('',*,*,#7063,.F.);
#7708 = ORIENTED_EDGE('',*,*,#7242,.T.);
#7709 = ORIENTED_EDGE('',*,*,#7710,.T.);
#7710 = EDGE_CURVE('',#7220,#3561,#7711,.T.);
#7711 = SURFACE_CURVE('',#7712,(#7716,#7723),.PCURVE_S1.);
#7712 = LINE('',#7713,#7714);
#7713 = CARTESIAN_POINT('',(38.583333333333,56.083333333333,
    -78.08333333333));
#7714 = VECTOR('',#7715,1.);
#7715 = DIRECTION('',(0.57735026919,0.57735026919,-0.57735026919));
#7716 = PCURVE('',#3604,#7717);
#7717 = DEFINITIONAL_REPRESENTATION('',(#7718),#7722);
#7718 = LINE('',#7719,#7720);
#7719 = CARTESIAN_POINT('',(4.083333333333,-1.296362432175));
#7720 = VECTOR('',#7721,1.);
#7721 = DIRECTION('',(0.57735026919,0.816496580928));
#7722 = ( GEOMETRIC_REPRESENTATION_CONTEXT(2) 
PARAMETRIC_REPRESENTATION_CONTEXT() REPRESENTATION_CONTEXT('2D SPACE',''
  ) );
#7723 = PCURVE('',#3576,#7724);
#7724 = DEFINITIONAL_REPRESENTATION('',(#7725),#7729);
#7725 = LINE('',#7726,#7727);
#7726 = CARTESIAN_POINT('',(-0.416666666667,-1.296362432175));
#7727 = VECTOR('',#7728,1.);
#7728 = DIRECTION('',(0.57735026919,0.816496580928));
#7729 = ( GEOMETRIC_REPRESENTATION_CONTEXT(2) 
PARAMETRIC_REPRESENTATION_CONTEXT() REPRESENTATION_CONTEXT('2D SPACE',''
  ) );
#7730 = ORIENTED_EDGE('',*,*,#3588,.F.);
#7731 = ADVANCED_FACE('',(#7732),#3576,.T.);
#7732 = FACE_BOUND('',#7733,.F.);
#7733 = EDGE_LOOP('',(#7734,#7757,#7758,#7759,#7782));
#7734 = ORIENTED_EDGE('',*,*,#7735,.F.);
#7735 = EDGE_CURVE('',#3533,#7736,#7738,.T.);
#7736 = VERTEX_POINT('',#7737);
#7737 = CARTESIAN_POINT('',(39.5,57.,-52.86602540378));
#7738 = SURFACE_CURVE('',#7739,(#7743,#7750),.PCURVE_S1.);
#7739 = LINE('',#7740,#7741);
#7740 = CARTESIAN_POINT('',(41.101641647788,58.601641647788,
    -53.29518398987));
#7741 = VECTOR('',#7742,1.);
#7742 = DIRECTION('',(-0.694746590607,-0.694746590607,0.186156787897));
#7743 = PCURVE('',#3576,#7744);
#7744 = DEFINITIONAL_REPRESENTATION('',(#7745),#7749);
#7745 = LINE('',#7746,#7747);
#7746 = CARTESIAN_POINT('',(-25.20481601012,2.265063340363));
#7747 = VECTOR('',#7748,1.);
#7748 = DIRECTION('',(-0.186156787897,-0.982520050849));
#7749 = ( GEOMETRIC_REPRESENTATION_CONTEXT(2) 
PARAMETRIC_REPRESENTATION_CONTEXT() REPRESENTATION_CONTEXT('2D SPACE',''
  ) );
#7750 = PCURVE('',#3548,#7751);
#7751 = DEFINITIONAL_REPRESENTATION('',(#7752),#7756);
#7752 = LINE('',#7753,#7754);
#7753 = CARTESIAN_POINT('',(-2.101641647788,1.399322402405));
#7754 = VECTOR('',#7755,1.);
#7755 = DIRECTION('',(0.694746590607,-0.719254596676));
#7756 = ( GEOMETRIC_REPRESENTATION_CONTEXT(2) 
PARAMETRIC_REPRESENTATION_CONTEXT() REPRESENTATION_CONTEXT('2D SPACE',''
  ) );
#7757 = ORIENTED_EDGE('',*,*,#3560,.F.);
#7758 = ORIENTED_EDGE('',*,*,#7710,.F.);
#7759 = ORIENTED_EDGE('',*,*,#7760,.T.);
#7760 = EDGE_CURVE('',#7220,#7761,#7763,.T.);
#7761 = VERTEX_POINT('',#7762);
#7762 = CARTESIAN_POINT('',(39.,56.5,-53.73205080756));
#7763 = SURFACE_CURVE('',#7764,(#7768,#7775),.PCURVE_S1.);
#7764 = LINE('',#7765,#7766);
#7765 = CARTESIAN_POINT('',(39.,56.5,-78.5));
#7766 = VECTOR('',#7767,1.);
#7767 = DIRECTION('',(0.,0.,1.));
#7768 = PCURVE('',#3576,#7769);
#7769 = DEFINITIONAL_REPRESENTATION('',(#7770),#7774);
#7770 = LINE('',#7771,#7772);
#7771 = CARTESIAN_POINT('',(-0.,-0.707106781187));
#7772 = VECTOR('',#7773,1.);
#7773 = DIRECTION('',(-1.,0.));
#7774 = ( GEOMETRIC_REPRESENTATION_CONTEXT(2) 
PARAMETRIC_REPRESENTATION_CONTEXT() REPRESENTATION_CONTEXT('2D SPACE',''
  ) );
#7775 = PCURVE('',#7132,#7776);
#7776 = DEFINITIONAL_REPRESENTATION('',(#7777),#7781);
#7777 = LINE('',#7778,#7779);
#7778 = CARTESIAN_POINT('',(-5.568564583132,5.85927243961));
#7779 = VECTOR('',#7780,1.);
#7780 = DIRECTION('',(0.,-1.));
#7781 = ( GEOMETRIC_REPRESENTATION_CONTEXT(2) 
PARAMETRIC_REPRESENTATION_CONTEXT() REPRESENTATION_CONTEXT('2D SPACE',''
  ) );
#7782 = ORIENTED_EDGE('',*,*,#7783,.F.);
#7783 = EDGE_CURVE('',#7736,#7761,#7784,.T.);
#7784 = SURFACE_CURVE('',#7785,(#7789,#7796),.PCURVE_S1.);
#7785 = LINE('',#7786,#7787);
#7786 = CARTESIAN_POINT('',(31.558569523452,49.058569523452,
    -66.62098647394));
#7787 = VECTOR('',#7788,1.);
#7788 = DIRECTION('',(-0.4472135955,-0.4472135955,-0.774596669241));
#7789 = PCURVE('',#3576,#7790);
#7790 = DEFINITIONAL_REPRESENTATION('',(#7791),#7795);
#7791 = LINE('',#7792,#7793);
#7792 = CARTESIAN_POINT('',(-11.87901352605,-11.23087868457));
#7793 = VECTOR('',#7794,1.);
#7794 = DIRECTION('',(0.774596669241,-0.632455532034));
#7795 = ( GEOMETRIC_REPRESENTATION_CONTEXT(2) 
PARAMETRIC_REPRESENTATION_CONTEXT() REPRESENTATION_CONTEXT('2D SPACE',''
  ) );
#7796 = PCURVE('',#4740,#7797);
#7797 = DEFINITIONAL_REPRESENTATION('',(#7798),#7802);
#7798 = LINE('',#7799,#7800);
#7799 = CARTESIAN_POINT('',(-13.57999383725,31.852181692339));
#7800 = VECTOR('',#7801,1.);
#7801 = DIRECTION('',(0.894427191,0.4472135955));
#7802 = ( GEOMETRIC_REPRESENTATION_CONTEXT(2) 
PARAMETRIC_REPRESENTATION_CONTEXT() REPRESENTATION_CONTEXT('2D SPACE',''
  ) );
#7803 = ADVANCED_FACE('',(#7804),#3548,.T.);
#7804 = FACE_BOUND('',#7805,.F.);
#7805 = EDGE_LOOP('',(#7806,#7807,#7828,#7829));
#7806 = ORIENTED_EDGE('',*,*,#7735,.T.);
#7807 = ORIENTED_EDGE('',*,*,#7808,.T.);
#7808 = EDGE_CURVE('',#7736,#4777,#7809,.T.);
#7809 = SURFACE_CURVE('',#7810,(#7814,#7821),.PCURVE_S1.);
#7810 = LINE('',#7811,#7812);
#7811 = CARTESIAN_POINT('',(39.5,56.5,-52.86602540378));
#7812 = VECTOR('',#7813,1.);
#7813 = DIRECTION('',(-6.2E-16,1.,0.));
#7814 = PCURVE('',#3548,#7815);
#7815 = DEFINITIONAL_REPRESENTATION('',(#7816),#7820);
#7816 = LINE('',#7817,#7818);
#7817 = CARTESIAN_POINT('',(-1.55E-16,-0.258819045103));
#7818 = VECTOR('',#7819,1.);
#7819 = DIRECTION('',(-1.,-7.395570986447E-32));
#7820 = ( GEOMETRIC_REPRESENTATION_CONTEXT(2) 
PARAMETRIC_REPRESENTATION_CONTEXT() REPRESENTATION_CONTEXT('2D SPACE',''
  ) );
#7821 = PCURVE('',#4740,#7822);
#7822 = DEFINITIONAL_REPRESENTATION('',(#7823),#7827);
#7823 = LINE('',#7824,#7825);
#7824 = CARTESIAN_POINT('',(-29.46285479034,24.410751215792));
#7825 = VECTOR('',#7826,1.);
#7826 = DIRECTION('',(3.1E-16,-1.));
#7827 = ( GEOMETRIC_REPRESENTATION_CONTEXT(2) 
PARAMETRIC_REPRESENTATION_CONTEXT() REPRESENTATION_CONTEXT('2D SPACE',''
  ) );
#7828 = ORIENTED_EDGE('',*,*,#4799,.T.);
#7829 = ORIENTED_EDGE('',*,*,#3532,.F.);
#7830 = ADVANCED_FACE('',(#7831),#3474,.T.);
#7831 = FACE_BOUND('',#7832,.T.);
#7832 = EDGE_LOOP('',(#7833,#7854,#7855,#7856,#7857));
#7833 = ORIENTED_EDGE('',*,*,#7834,.T.);
#7834 = EDGE_CURVE('',#3431,#5896,#7835,.T.);
#7835 = SURFACE_CURVE('',#7836,(#7840,#7847),.PCURVE_S1.);
#7836 = LINE('',#7837,#7838);
#7837 = CARTESIAN_POINT('',(39.387995381131,112.11200461887,
    -90.21869975879));
#7838 = VECTOR('',#7839,1.);
#7839 = DIRECTION('',(-0.694746590607,0.694746590607,0.186156787897));
#7840 = PCURVE('',#3474,#7841);
#7841 = DEFINITIONAL_REPRESENTATION('',(#7842),#7846);
#7842 = LINE('',#7843,#7844);
#7843 = CARTESIAN_POINT('',(-0.83601385661,-0.158398451054));
#7844 = VECTOR('',#7845,1.);
#7845 = DIRECTION('',(0.186156787897,-0.982520050849));
#7846 = ( GEOMETRIC_REPRESENTATION_CONTEXT(2) 
PARAMETRIC_REPRESENTATION_CONTEXT() REPRESENTATION_CONTEXT('2D SPACE',''
  ) );
#7847 = PCURVE('',#3446,#7848);
#7848 = DEFINITIONAL_REPRESENTATION('',(#7849),#7853);
#7849 = LINE('',#7850,#7851);
#7850 = CARTESIAN_POINT('',(0.387995381128,-0.374774759114));
#7851 = VECTOR('',#7852,1.);
#7852 = DIRECTION('',(-0.694746590607,-0.719254596676));
#7853 = ( GEOMETRIC_REPRESENTATION_CONTEXT(2) 
PARAMETRIC_REPRESENTATION_CONTEXT() REPRESENTATION_CONTEXT('2D SPACE',''
  ) );
#7854 = ORIENTED_EDGE('',*,*,#5895,.T.);
#7855 = ORIENTED_EDGE('',*,*,#6099,.T.);
#7856 = ORIENTED_EDGE('',*,*,#4873,.T.);
#7857 = ORIENTED_EDGE('',*,*,#3458,.F.);
#7858 = ADVANCED_FACE('',(#7859),#3446,.T.);
#7859 = FACE_BOUND('',#7860,.F.);
#7860 = EDGE_LOOP('',(#7861,#7862,#7863,#7884));
#7861 = ORIENTED_EDGE('',*,*,#7834,.T.);
#7862 = ORIENTED_EDGE('',*,*,#5918,.T.);
#7863 = ORIENTED_EDGE('',*,*,#7864,.F.);
#7864 = EDGE_CURVE('',#3403,#5919,#7865,.T.);
#7865 = SURFACE_CURVE('',#7866,(#7870,#7877),.PCURVE_S1.);
#7866 = LINE('',#7867,#7868);
#7867 = CARTESIAN_POINT('',(27.803847577293,149.30384757729,
    -87.11473670974));
#7868 = VECTOR('',#7869,1.);
#7869 = DIRECTION('',(-0.694746590607,-0.694746590607,0.186156787897));
#7870 = PCURVE('',#3446,#7871);
#7871 = DEFINITIONAL_REPRESENTATION('',(#7872),#7876);
#7872 = LINE('',#7873,#7874);
#7873 = CARTESIAN_POINT('',(-36.80384757729,-12.36756705077));
#7874 = VECTOR('',#7875,1.);
#7875 = DIRECTION('',(0.694746590607,-0.719254596676));
#7876 = ( GEOMETRIC_REPRESENTATION_CONTEXT(2) 
PARAMETRIC_REPRESENTATION_CONTEXT() REPRESENTATION_CONTEXT('2D SPACE',''
  ) );
#7877 = PCURVE('',#3418,#7878);
#7878 = DEFINITIONAL_REPRESENTATION('',(#7879),#7883);
#7879 = LINE('',#7880,#7881);
#7880 = CARTESIAN_POINT('',(-2.267949192431,-16.54085738377));
#7881 = VECTOR('',#7882,1.);
#7882 = DIRECTION('',(-0.186156787897,-0.982520050849));
#7883 = ( GEOMETRIC_REPRESENTATION_CONTEXT(2) 
PARAMETRIC_REPRESENTATION_CONTEXT() REPRESENTATION_CONTEXT('2D SPACE',''
  ) );
#7884 = ORIENTED_EDGE('',*,*,#3430,.F.);
#7885 = ADVANCED_FACE('',(#7886),#2989,.T.);
#7886 = FACE_BOUND('',#7887,.T.);
#7887 = EDGE_LOOP('',(#7888,#7916,#7937,#7938));
#7888 = ORIENTED_EDGE('',*,*,#7889,.F.);
#7889 = EDGE_CURVE('',#7890,#6755,#7892,.T.);
#7890 = VERTEX_POINT('',#7891);
#7891 = CARTESIAN_POINT('',(46.416651245989,128.5,-164.2687199296));
#7892 = SURFACE_CURVE('',#7893,(#7897,#7904),.PCURVE_S1.);
#7893 = LINE('',#7894,#7895);
#7894 = CARTESIAN_POINT('',(45.916651245989,127.5,-165.1347453334));
#7895 = VECTOR('',#7896,1.);
#7896 = DIRECTION('',(-0.353553390593,-0.707106781187,-0.612372435696));
#7897 = PCURVE('',#2989,#7898);
#7898 = DEFINITIONAL_REPRESENTATION('',(#7899),#7903);
#7899 = LINE('',#7900,#7901);
#7900 = CARTESIAN_POINT('',(3.64647201323E-12,0.707106781187));
#7901 = VECTOR('',#7902,1.);
#7902 = DIRECTION('',(1.665334536938E-16,1.));
#7903 = ( GEOMETRIC_REPRESENTATION_CONTEXT(2) 
PARAMETRIC_REPRESENTATION_CONTEXT() REPRESENTATION_CONTEXT('2D SPACE',''
  ) );
#7904 = PCURVE('',#7905,#7910);
#7905 = CONICAL_SURFACE('',#7906,18.,0.785398163397);
#7906 = AXIS2_PLACEMENT_3D('',#7907,#7908,#7909);
#7907 = CARTESIAN_POINT('',(45.916651245989,145.5,-165.1347453334));
#7908 = DIRECTION('',(-0.5,0.,-0.866025403784));
#7909 = DIRECTION('',(1.867957959203E-15,1.,-1.078466030581E-15));
#7910 = DEFINITIONAL_REPRESENTATION('',(#7911),#7915);
#7911 = LINE('',#7912,#7913);
#7912 = CARTESIAN_POINT('',(3.14159265359,0.));
#7913 = VECTOR('',#7914,1.);
#7914 = DIRECTION('',(0.,1.));
#7915 = ( GEOMETRIC_REPRESENTATION_CONTEXT(2) 
PARAMETRIC_REPRESENTATION_CONTEXT() REPRESENTATION_CONTEXT('2D SPACE',''
  ) );
#7916 = ORIENTED_EDGE('',*,*,#7917,.T.);
#7917 = EDGE_CURVE('',#7890,#2974,#7918,.T.);
#7918 = SURFACE_CURVE('',#7919,(#7923,#7930),.PCURVE_S1.);
#7919 = LINE('',#7920,#7921);
#7920 = CARTESIAN_POINT('',(46.416651245992,128.5,-164.2687199296));
#7921 = VECTOR('',#7922,1.);
#7922 = DIRECTION('',(-0.866025403784,0.,0.5));
#7923 = PCURVE('',#2989,#7924);
#7924 = DEFINITIONAL_REPRESENTATION('',(#7925),#7929);
#7925 = LINE('',#7926,#7927);
#7926 = CARTESIAN_POINT('',(9.381384558083E-15,-0.707106781187));
#7927 = VECTOR('',#7928,1.);
#7928 = DIRECTION('',(1.,5.551115123126E-17));
#7929 = ( GEOMETRIC_REPRESENTATION_CONTEXT(2) 
PARAMETRIC_REPRESENTATION_CONTEXT() REPRESENTATION_CONTEXT('2D SPACE',''
  ) );
#7930 = PCURVE('',#3017,#7931);
#7931 = DEFINITIONAL_REPRESENTATION('',(#7932),#7936);
#7932 = LINE('',#7933,#7934);
#7933 = CARTESIAN_POINT('',(12.421035991908,43.999999999999));
#7934 = VECTOR('',#7935,1.);
#7935 = DIRECTION('',(-1.,0.));
#7936 = ( GEOMETRIC_REPRESENTATION_CONTEXT(2) 
PARAMETRIC_REPRESENTATION_CONTEXT() REPRESENTATION_CONTEXT('2D SPACE',''
  ) );
#7937 = ORIENTED_EDGE('',*,*,#2973,.T.);
#7938 = ORIENTED_EDGE('',*,*,#6777,.F.);
#7939 = ADVANCED_FACE('',(#7940),#3418,.T.);
#7940 = FACE_BOUND('',#7941,.F.);
#7941 = EDGE_LOOP('',(#7942,#7943,#7944,#7945,#7966));
#7942 = ORIENTED_EDGE('',*,*,#7864,.T.);
#7943 = ORIENTED_EDGE('',*,*,#5941,.T.);
#7944 = ORIENTED_EDGE('',*,*,#5989,.T.);
#7945 = ORIENTED_EDGE('',*,*,#7946,.T.);
#7946 = EDGE_CURVE('',#4943,#3375,#7947,.T.);
#7947 = SURFACE_CURVE('',#7948,(#7952,#7959),.PCURVE_S1.);
#7948 = LINE('',#7949,#7950);
#7949 = CARTESIAN_POINT('',(45.563780983697,167.06378098369,
    -58.56378098369));
#7950 = VECTOR('',#7951,1.);
#7951 = DIRECTION('',(0.57735026919,0.57735026919,-0.57735026919));
#7952 = PCURVE('',#3418,#7953);
#7953 = DEFINITIONAL_REPRESENTATION('',(#7954),#7958);
#7954 = LINE('',#7955,#7956);
#7955 = CARTESIAN_POINT('',(-30.81890491848,8.575481306404));
#7956 = VECTOR('',#7957,1.);
#7957 = DIRECTION('',(0.57735026919,0.816496580928));
#7958 = ( GEOMETRIC_REPRESENTATION_CONTEXT(2) 
PARAMETRIC_REPRESENTATION_CONTEXT() REPRESENTATION_CONTEXT('2D SPACE',''
  ) );
#7959 = PCURVE('',#3390,#7960);
#7960 = DEFINITIONAL_REPRESENTATION('',(#7961),#7965);
#7961 = LINE('',#7962,#7963);
#7962 = CARTESIAN_POINT('',(-6.563780983697,8.575481306404));
#7963 = VECTOR('',#7964,1.);
#7964 = DIRECTION('',(-0.57735026919,0.816496580928));
#7965 = ( GEOMETRIC_REPRESENTATION_CONTEXT(2) 
PARAMETRIC_REPRESENTATION_CONTEXT() REPRESENTATION_CONTEXT('2D SPACE',''
  ) );
#7966 = ORIENTED_EDGE('',*,*,#3402,.F.);
#7967 = ADVANCED_FACE('',(#7968),#3017,.T.);
#7968 = FACE_BOUND('',#7969,.T.);
#7969 = EDGE_LOOP('',(#7970,#7971,#7972,#8000,#8021,#8022,#8050));
#7970 = ORIENTED_EDGE('',*,*,#3001,.T.);
#7971 = ORIENTED_EDGE('',*,*,#7917,.F.);
#7972 = ORIENTED_EDGE('',*,*,#7973,.F.);
#7973 = EDGE_CURVE('',#7974,#7890,#7976,.T.);
#7974 = VERTEX_POINT('',#7975);
#7975 = CARTESIAN_POINT('',(46.416651245989,162.5,-164.2687199296));
#7976 = SURFACE_CURVE('',#7977,(#7982,#7993),.PCURVE_S1.);
#7977 = CIRCLE('',#7978,17.);
#7978 = AXIS2_PLACEMENT_3D('',#7979,#7980,#7981);
#7979 = CARTESIAN_POINT('',(46.416651245989,145.5,-164.2687199296));
#7980 = DIRECTION('',(-0.5,-1.972152263053E-31,-0.866025403784));
#7981 = DIRECTION('',(1.867957959203E-15,1.,-1.078466030581E-15));
#7982 = PCURVE('',#3017,#7983);
#7983 = DEFINITIONAL_REPRESENTATION('',(#7984),#7992);
#7984 = ( BOUNDED_CURVE() B_SPLINE_CURVE(2,(#7985,#7986,#7987,#7988,
#7989,#7990,#7991),.UNSPECIFIED.,.T.,.F.) B_SPLINE_CURVE_WITH_KNOTS((1,2
    ,2,2,2,1),(-2.094395102393,0.,2.094395102393,4.188790204786,
6.28318530718,8.377580409573),.UNSPECIFIED.) CURVE() 
GEOMETRIC_REPRESENTATION_ITEM() RATIONAL_B_SPLINE_CURVE((1.,0.5,1.,0.5,
1.,0.5,1.)) REPRESENTATION_ITEM('') );
#7985 = CARTESIAN_POINT('',(12.421035991904,77.999999999999));
#7986 = CARTESIAN_POINT('',(41.865899720575,77.999999999999));
#7987 = CARTESIAN_POINT('',(27.14346785624,52.499999999999));
#7988 = CARTESIAN_POINT('',(12.421035991904,27.));
#7989 = CARTESIAN_POINT('',(-2.301395872431,52.499999999999));
#7990 = CARTESIAN_POINT('',(-17.02382773676,77.999999999999));
#7991 = CARTESIAN_POINT('',(12.421035991904,77.999999999999));
#7992 = ( GEOMETRIC_REPRESENTATION_CONTEXT(2) 
PARAMETRIC_REPRESENTATION_CONTEXT() REPRESENTATION_CONTEXT('2D SPACE',''
  ) );
#7993 = PCURVE('',#7905,#7994);
#7994 = DEFINITIONAL_REPRESENTATION('',(#7995),#7999);
#7995 = LINE('',#7996,#7997);
#7996 = CARTESIAN_POINT('',(0.,-1.));
#7997 = VECTOR('',#7998,1.);
#7998 = DIRECTION('',(1.,0.));
#7999 = ( GEOMETRIC_REPRESENTATION_CONTEXT(2) 
PARAMETRIC_REPRESENTATION_CONTEXT() REPRESENTATION_CONTEXT('2D SPACE',''
  ) );
#8000 = ORIENTED_EDGE('',*,*,#8001,.F.);
#8001 = EDGE_CURVE('',#3324,#7974,#8002,.T.);
#8002 = SURFACE_CURVE('',#8003,(#8007,#8014),.PCURVE_S1.);
#8003 = LINE('',#8004,#8005);
#8004 = CARTESIAN_POINT('',(40.,162.5,-160.5640646055));
#8005 = VECTOR('',#8006,1.);
#8006 = DIRECTION('',(0.866025403784,0.,-0.5));
#8007 = PCURVE('',#3017,#8008);
#8008 = DEFINITIONAL_REPRESENTATION('',(#8009),#8013);
#8009 = LINE('',#8010,#8011);
#8010 = CARTESIAN_POINT('',(5.011725343569,77.999999999999));
#8011 = VECTOR('',#8012,1.);
#8012 = DIRECTION('',(1.,0.));
#8013 = ( GEOMETRIC_REPRESENTATION_CONTEXT(2) 
PARAMETRIC_REPRESENTATION_CONTEXT() REPRESENTATION_CONTEXT('2D SPACE',''
  ) );
#8014 = PCURVE('',#5029,#8015);
#8015 = DEFINITIONAL_REPRESENTATION('',(#8016),#8020);
#8016 = LINE('',#8017,#8018);
#8017 = CARTESIAN_POINT('',(-9.353628982467E-15,-0.707106781187));
#8018 = VECTOR('',#8019,1.);
#8019 = DIRECTION('',(1.,0.));
#8020 = ( GEOMETRIC_REPRESENTATION_CONTEXT(2) 
PARAMETRIC_REPRESENTATION_CONTEXT() REPRESENTATION_CONTEXT('2D SPACE',''
  ) );
#8021 = ORIENTED_EDGE('',*,*,#3323,.T.);
#8022 = ORIENTED_EDGE('',*,*,#8023,.T.);
#8023 = EDGE_CURVE('',#3290,#8024,#8026,.T.);
#8024 = VERTEX_POINT('',#8025);
#8025 = CARTESIAN_POINT('',(60.27305770654,145.5,-172.2687199296));
#8026 = SURFACE_CURVE('',#8027,(#8032,#8043),.PCURVE_S1.);
#8027 = CIRCLE('',#8028,16.);
#8028 = AXIS2_PLACEMENT_3D('',#8029,#8030,#8031);
#8029 = CARTESIAN_POINT('',(46.416651245989,145.5,-164.2687199296));
#8030 = DIRECTION('',(-0.5,0.,-0.866025403784));
#8031 = DIRECTION('',(-0.427776749733,0.869488012099,0.246977021611));
#8032 = PCURVE('',#3017,#8033);
#8033 = DEFINITIONAL_REPRESENTATION('',(#8034),#8042);
#8034 = ( BOUNDED_CURVE() B_SPLINE_CURVE(2,(#8035,#8036,#8037,#8038,
#8039,#8040,#8041),.UNSPECIFIED.,.T.,.F.) B_SPLINE_CURVE_WITH_KNOTS((1,2
    ,2,2,2,1),(-2.094395102393,0.,2.094395102393,4.188790204786,
6.28318530718,8.377580409573),.UNSPECIFIED.) CURVE() 
GEOMETRIC_REPRESENTATION_ITEM() RATIONAL_B_SPLINE_CURVE((1.,0.5,1.,0.5,
1.,0.5,1.)) REPRESENTATION_ITEM('') );
#8035 = CARTESIAN_POINT('',(4.517771300347,74.911808193588));
#8036 = CARTESIAN_POINT('',(28.613729916795,88.60066418503));
#8037 = CARTESIAN_POINT('',(28.420647645907,60.888523898926));
#8038 = CARTESIAN_POINT('',(28.227565375018,33.176383612823));
#8039 = CARTESIAN_POINT('',(4.324689029459,47.199667907484));
#8040 = CARTESIAN_POINT('',(-19.5781873161,61.222952202146));
#8041 = CARTESIAN_POINT('',(4.517771300347,74.911808193588));
#8042 = ( GEOMETRIC_REPRESENTATION_CONTEXT(2) 
PARAMETRIC_REPRESENTATION_CONTEXT() REPRESENTATION_CONTEXT('2D SPACE',''
  ) );
#8043 = PCURVE('',#3309,#8044);
#8044 = DEFINITIONAL_REPRESENTATION('',(#8045),#8049);
#8045 = LINE('',#8046,#8047);
#8046 = CARTESIAN_POINT('',(-0.,1.));
#8047 = VECTOR('',#8048,1.);
#8048 = DIRECTION('',(-1.,0.));
#8049 = ( GEOMETRIC_REPRESENTATION_CONTEXT(2) 
PARAMETRIC_REPRESENTATION_CONTEXT() REPRESENTATION_CONTEXT('2D SPACE',''
  ) );
#8050 = ORIENTED_EDGE('',*,*,#8051,.T.);
#8051 = EDGE_CURVE('',#8024,#3002,#8052,.T.);
#8052 = SURFACE_CURVE('',#8053,(#8058,#8069),.PCURVE_S1.);
#8053 = CIRCLE('',#8054,16.);
#8054 = AXIS2_PLACEMENT_3D('',#8055,#8056,#8057);
#8055 = CARTESIAN_POINT('',(46.416651245989,145.5,-164.2687199296));
#8056 = DIRECTION('',(-0.5,-0.,-0.866025403784));
#8057 = DIRECTION('',(0.866025403784,0.,-0.5));
#8058 = PCURVE('',#3017,#8059);
#8059 = DEFINITIONAL_REPRESENTATION('',(#8060),#8068);
#8060 = ( BOUNDED_CURVE() B_SPLINE_CURVE(2,(#8061,#8062,#8063,#8064,
#8065,#8066,#8067),.UNSPECIFIED.,.T.,.F.) B_SPLINE_CURVE_WITH_KNOTS((1,2
    ,2,2,2,1),(-2.094395102393,0.,2.094395102393,4.188790204786,
6.28318530718,8.377580409573),.UNSPECIFIED.) CURVE() 
GEOMETRIC_REPRESENTATION_ITEM() RATIONAL_B_SPLINE_CURVE((1.,0.5,1.,0.5,
1.,0.5,1.)) REPRESENTATION_ITEM('') );
#8061 = CARTESIAN_POINT('',(28.421035991904,60.999999999999));
#8062 = CARTESIAN_POINT('',(28.421035991904,33.287187078897));
#8063 = CARTESIAN_POINT('',(4.421035991904,47.143593539448));
#8064 = CARTESIAN_POINT('',(-19.57896400809,60.999999999999));
#8065 = CARTESIAN_POINT('',(4.421035991904,74.85640646055));
#8066 = CARTESIAN_POINT('',(28.421035991904,88.712812921101));
#8067 = CARTESIAN_POINT('',(28.421035991904,60.999999999999));
#8068 = ( GEOMETRIC_REPRESENTATION_CONTEXT(2) 
PARAMETRIC_REPRESENTATION_CONTEXT() REPRESENTATION_CONTEXT('2D SPACE',''
  ) );
#8069 = PCURVE('',#3049,#8070);
#8070 = DEFINITIONAL_REPRESENTATION('',(#8071),#8075);
#8071 = LINE('',#8072,#8073);
#8072 = CARTESIAN_POINT('',(-0.,1.));
#8073 = VECTOR('',#8074,1.);
#8074 = DIRECTION('',(-1.,0.));
#8075 = ( GEOMETRIC_REPRESENTATION_CONTEXT(2) 
PARAMETRIC_REPRESENTATION_CONTEXT() REPRESENTATION_CONTEXT('2D SPACE',''
  ) );
#8076 = ADVANCED_FACE('',(#8077),#3390,.T.);
#8077 = FACE_BOUND('',#8078,.F.);
#8078 = EDGE_LOOP('',(#8079,#8080,#8081,#8102));
#8079 = ORIENTED_EDGE('',*,*,#7946,.F.);
#8080 = ORIENTED_EDGE('',*,*,#4965,.T.);
#8081 = ORIENTED_EDGE('',*,*,#8082,.T.);
#8082 = EDGE_CURVE('',#4848,#3347,#8083,.T.);
#8083 = SURFACE_CURVE('',#8084,(#8088,#8095),.PCURVE_S1.);
#8084 = LINE('',#8085,#8086);
#8085 = CARTESIAN_POINT('',(39.833333333333,162.66666666666,
    -52.83333333333));
#8086 = VECTOR('',#8087,1.);
#8087 = DIRECTION('',(0.57735026919,-0.57735026919,-0.57735026919));
#8088 = PCURVE('',#3390,#8089);
#8089 = DEFINITIONAL_REPRESENTATION('',(#8090),#8094);
#8090 = LINE('',#8091,#8092);
#8091 = CARTESIAN_POINT('',(-2.166666666667,0.471404520791));
#8092 = VECTOR('',#8093,1.);
#8093 = DIRECTION('',(0.57735026919,0.816496580928));
#8094 = ( GEOMETRIC_REPRESENTATION_CONTEXT(2) 
PARAMETRIC_REPRESENTATION_CONTEXT() REPRESENTATION_CONTEXT('2D SPACE',''
  ) );
#8095 = PCURVE('',#3362,#8096);
#8096 = DEFINITIONAL_REPRESENTATION('',(#8097),#8101);
#8097 = LINE('',#8098,#8099);
#8098 = CARTESIAN_POINT('',(-0.833333333333,0.471404520791));
#8099 = VECTOR('',#8100,1.);
#8100 = DIRECTION('',(-0.57735026919,0.816496580928));
#8101 = ( GEOMETRIC_REPRESENTATION_CONTEXT(2) 
PARAMETRIC_REPRESENTATION_CONTEXT() REPRESENTATION_CONTEXT('2D SPACE',''
  ) );
#8102 = ORIENTED_EDGE('',*,*,#3374,.F.);
#8103 = ADVANCED_FACE('',(#8104),#3049,.F.);
#8104 = FACE_BOUND('',#8105,.T.);
#8105 = EDGE_LOOP('',(#8106,#8169,#8170,#8171,#8192));
#8106 = ORIENTED_EDGE('',*,*,#8107,.T.);
#8107 = EDGE_CURVE('',#6507,#3030,#8108,.T.);
#8108 = SURFACE_CURVE('',#8109,(#8127,#8148),.PCURVE_S1.);
#8109 = B_SPLINE_CURVE_WITH_KNOTS('',4,(#8110,#8111,#8112,#8113,#8114,
    #8115,#8116,#8117,#8118,#8119,#8120,#8121,#8122,#8123,#8124,#8125,
    #8126),.UNSPECIFIED.,.F.,.F.,(5,3,3,3,3,5),(0.,1.499931061326E-02,
    2.899867901792E-02,5.899736852742E-02,0.756991211672,1.),
  .UNSPECIFIED.);
#8110 = CARTESIAN_POINT('',(39.09901193202,132.7318211069,
    -161.1985794403));
#8111 = CARTESIAN_POINT('',(39.102396084375,132.72674981236,
    -161.1967793811));
#8112 = CARTESIAN_POINT('',(39.105780324594,132.72167886105,
    -161.194977159));
#8113 = CARTESIAN_POINT('',(39.109164354947,132.71660872568,
    -161.1931728433));
#8114 = CARTESIAN_POINT('',(39.115706883677,132.70680727476,
    -161.1896803506));
#8115 = CARTESIAN_POINT('',(39.118865322707,132.70207599274,
    -161.1879924619));
#8116 = CARTESIAN_POINT('',(39.122023736688,132.69734516393,
    -161.1863027187));
#8117 = CARTESIAN_POINT('',(39.131950109859,132.68247824917,
    -161.1809862712));
#8118 = CARTESIAN_POINT('',(39.138717970644,132.67234379447,
    -161.1773529181));
#8119 = CARTESIAN_POINT('',(39.14548570201,132.66221140525,
    -161.1737110882));
#8120 = CARTESIAN_POINT('',(39.30971820228,132.41637358606,
    -161.0851279386));
#8121 = CARTESIAN_POINT('',(39.467110059293,132.18177484332,
    -160.9956191814));
#8122 = CARTESIAN_POINT('',(39.624361946334,131.94807218096,
    -160.9018367461));
#8123 = CARTESIAN_POINT('',(39.836103931151,131.63399858656,
    -160.7699873054));
#8124 = CARTESIAN_POINT('',(39.890761967008,131.5529800857,
    -160.7354509321));
#8125 = CARTESIAN_POINT('',(39.945394652115,131.47204409146,
    -160.7004384505));
#8126 = CARTESIAN_POINT('',(40.,131.39118449618,-160.6649600428));
#8127 = PCURVE('',#3049,#8128);
#8128 = DEFINITIONAL_REPRESENTATION('',(#8129),#8147);
#8129 = B_SPLINE_CURVE_WITH_KNOTS('',4,(#8130,#8131,#8132,#8133,#8134,
    #8135,#8136,#8137,#8138,#8139,#8140,#8141,#8142,#8143,#8144,#8145,
    #8146),.UNSPECIFIED.,.F.,.F.,(5,3,3,3,3,5),(0.,1.499931061326E-02,
    2.899867901792E-02,5.899736852742E-02,0.756991211672,1.),
  .UNSPECIFIED.);
#8130 = CARTESIAN_POINT('',(-2.123302452718,0.));
#8131 = CARTESIAN_POINT('',(-2.123009778644,3.250973162694E-03));
#8132 = CARTESIAN_POINT('',(-2.122717342786,6.503879178118E-03));
#8133 = CARTESIAN_POINT('',(-2.122425174166,9.758468828629E-03));
#8134 = CARTESIAN_POINT('',(-2.121860783825,1.605432058115E-02));
#8135 = CARTESIAN_POINT('',(-2.121588536258,1.909529457369E-02));
#8136 = CARTESIAN_POINT('',(-2.121316505297,2.21378621072E-02));
#8137 = CARTESIAN_POINT('',(-2.120462230002,3.170522725608E-02));
#8138 = CARTESIAN_POINT('',(-2.119880763353,3.823573377538E-02));
#8139 = CARTESIAN_POINT('',(-2.119300288309,4.477351663164E-02));
#8140 = CARTESIAN_POINT('',(-2.105237627761,0.203605024718));
#8141 = CARTESIAN_POINT('',(-2.092289974728,0.359817824057));
#8142 = CARTESIAN_POINT('',(-2.079847152849,0.519661714777));
#8143 = CARTESIAN_POINT('',(-2.063714553944,0.739717672238));
#8144 = CARTESIAN_POINT('',(-2.059606142132,0.79695606275));
#8145 = CARTESIAN_POINT('',(-2.055554274007,0.854594111818));
#8146 = CARTESIAN_POINT('',(-2.051557789364,0.912621988179));
#8147 = ( GEOMETRIC_REPRESENTATION_CONTEXT(2) 
PARAMETRIC_REPRESENTATION_CONTEXT() REPRESENTATION_CONTEXT('2D SPACE',''
  ) );
#8148 = PCURVE('',#3177,#8149);
#8149 = DEFINITIONAL_REPRESENTATION('',(#8150),#8168);
#8150 = B_SPLINE_CURVE_WITH_KNOTS('',4,(#8151,#8152,#8153,#8154,#8155,
    #8156,#8157,#8158,#8159,#8160,#8161,#8162,#8163,#8164,#8165,#8166,
    #8167),.UNSPECIFIED.,.F.,.F.,(5,3,3,3,3,5),(0.,1.499931061326E-02,
    2.899867901792E-02,5.899736852742E-02,0.756991211672,1.),
  .UNSPECIFIED.);
#8151 = CARTESIAN_POINT('',(0.,43.077223669942));
#8152 = CARTESIAN_POINT('',(0.167800803824,43.076916677169));
#8153 = CARTESIAN_POINT('',(0.335601515793,43.076608160965));
#8154 = CARTESIAN_POINT('',(0.503402166368,43.0762980539));
#8155 = CARTESIAN_POINT('',(0.82781672244,43.075695558372));
#8156 = CARTESIAN_POINT('',(0.984430714528,43.075403353298));
#8157 = CARTESIAN_POINT('',(1.141044706618,43.075109806168));
#8158 = CARTESIAN_POINT('',(1.633260590577,43.074183020011));
#8159 = CARTESIAN_POINT('',(1.968862162395,43.073544971774));
#8160 = CARTESIAN_POINT('',(2.304463413993,43.072900804462));
#8161 = CARTESIAN_POINT('',(10.448651572839,43.057120696483));
#8162 = CARTESIAN_POINT('',(18.257065314632,43.038694131301));
#8163 = CARTESIAN_POINT('',(26.065303840616,43.01733345365));
#8164 = CARTESIAN_POINT('',(36.591771936892,42.984974903891));
#8165 = CARTESIAN_POINT('',(39.310153797095,42.976298338265));
#8166 = CARTESIAN_POINT('',(42.028514717527,42.96731406605));
#8167 = CARTESIAN_POINT('',(44.746854805807,42.958033598294));
#8168 = ( GEOMETRIC_REPRESENTATION_CONTEXT(2) 
PARAMETRIC_REPRESENTATION_CONTEXT() REPRESENTATION_CONTEXT('2D SPACE',''
  ) );
#8169 = ORIENTED_EDGE('',*,*,#3029,.T.);
#8170 = ORIENTED_EDGE('',*,*,#8051,.F.);
#8171 = ORIENTED_EDGE('',*,*,#8172,.F.);
#8172 = EDGE_CURVE('',#6415,#8024,#8173,.T.);
#8173 = SURFACE_CURVE('',#8174,(#8178,#8185),.PCURVE_S1.);
#8174 = LINE('',#8175,#8176);
#8175 = CARTESIAN_POINT('',(58.907032302755,145.5,-172.6347453334));
#8176 = VECTOR('',#8177,1.);
#8177 = DIRECTION('',(0.965925826289,-5.551115123126E-16,0.258819045103)
  );
#8178 = PCURVE('',#3049,#8179);
#8179 = DEFINITIONAL_REPRESENTATION('',(#8180),#8184);
#8180 = LINE('',#8181,#8182);
#8181 = CARTESIAN_POINT('',(8.9E-16,-0.));
#8182 = VECTOR('',#8183,1.);
#8183 = DIRECTION('',(-0.,1.));
#8184 = ( GEOMETRIC_REPRESENTATION_CONTEXT(2) 
PARAMETRIC_REPRESENTATION_CONTEXT() REPRESENTATION_CONTEXT('2D SPACE',''
  ) );
#8185 = PCURVE('',#3309,#8186);
#8186 = DEFINITIONAL_REPRESENTATION('',(#8187),#8191);
#8187 = LINE('',#8188,#8189);
#8188 = CARTESIAN_POINT('',(-2.087427789707,0.));
#8189 = VECTOR('',#8190,1.);
#8190 = DIRECTION('',(-0.,1.));
#8191 = ( GEOMETRIC_REPRESENTATION_CONTEXT(2) 
PARAMETRIC_REPRESENTATION_CONTEXT() REPRESENTATION_CONTEXT('2D SPACE',''
  ) );
#8192 = ORIENTED_EDGE('',*,*,#6506,.T.);
#8193 = ADVANCED_FACE('',(#8194),#3362,.T.);
#8194 = FACE_BOUND('',#8195,.F.);
#8195 = EDGE_LOOP('',(#8196,#8197,#8198,#8219));
#8196 = ORIENTED_EDGE('',*,*,#8082,.F.);
#8197 = ORIENTED_EDGE('',*,*,#4990,.T.);
#8198 = ORIENTED_EDGE('',*,*,#8199,.T.);
#8199 = EDGE_CURVE('',#4991,#3324,#8200,.T.);
#8200 = SURFACE_CURVE('',#8201,(#8205,#8212),.PCURVE_S1.);
#8201 = LINE('',#8202,#8203);
#8202 = CARTESIAN_POINT('',(53.002748269495,149.4972517305,
    -153.0569243919));
#8203 = VECTOR('',#8204,1.);
#8204 = DIRECTION('',(0.654653670708,-0.654653670708,0.377964473009));
#8205 = PCURVE('',#3362,#8206);
#8206 = DEFINITIONAL_REPRESENTATION('',(#8207),#8211);
#8207 = LINE('',#8208,#8209);
#8208 = CARTESIAN_POINT('',(-101.0569243919,19.09576973203));
#8209 = VECTOR('',#8210,1.);
#8210 = DIRECTION('',(0.377964473009,0.925820099773));
#8211 = ( GEOMETRIC_REPRESENTATION_CONTEXT(2) 
PARAMETRIC_REPRESENTATION_CONTEXT() REPRESENTATION_CONTEXT('2D SPACE',''
  ) );
#8212 = PCURVE('',#5029,#8213);
#8213 = DEFINITIONAL_REPRESENTATION('',(#8214),#8218);
#8214 = LINE('',#8215,#8216);
#8215 = CARTESIAN_POINT('',(7.507140213598,-19.09576973203));
#8216 = VECTOR('',#8217,1.);
#8217 = DIRECTION('',(0.377964473009,-0.925820099773));
#8218 = ( GEOMETRIC_REPRESENTATION_CONTEXT(2) 
PARAMETRIC_REPRESENTATION_CONTEXT() REPRESENTATION_CONTEXT('2D SPACE',''
  ) );
#8219 = ORIENTED_EDGE('',*,*,#3346,.F.);
#8220 = ADVANCED_FACE('',(#8221),#3177,.T.);
#8221 = FACE_BOUND('',#8222,.T.);
#8222 = EDGE_LOOP('',(#8223,#8253,#8254,#8255));
#8223 = ORIENTED_EDGE('',*,*,#8224,.T.);
#8224 = EDGE_CURVE('',#6531,#3064,#8225,.T.);
#8225 = SURFACE_CURVE('',#8226,(#8233,#8243),.PCURVE_S1.);
#8226 = B_SPLINE_CURVE_WITH_KNOTS('',5,(#8227,#8228,#8229,#8230,#8231,
    #8232),.UNSPECIFIED.,.F.,.F.,(6,6),(0.,1.),
  .PIECEWISE_BEZIER_KNOTS.);
#8227 = CARTESIAN_POINT('',(39.099012320426,158.26817916962,
    -161.1985796645));
#8228 = CARTESIAN_POINT('',(39.279508961899,158.5386611416,
    -161.1025717275));
#8229 = CARTESIAN_POINT('',(39.459929920872,158.80773227016,
    -161.0008645614));
#8230 = CARTESIAN_POINT('',(39.640194099027,159.07565057927,
    -160.8938197241));
#8231 = CARTESIAN_POINT('',(39.82023595248,159.3426218728,
    -160.7817557248));
#8232 = CARTESIAN_POINT('',(40.,159.60881707178,-160.6649578527));
#8233 = PCURVE('',#3177,#8234);
#8234 = DEFINITIONAL_REPRESENTATION('',(#8235),#8242);
#8235 = B_SPLINE_CURVE_WITH_KNOTS('',5,(#8236,#8237,#8238,#8239,#8240,
    #8241),.UNSPECIFIED.,.F.,.F.,(6,6),(0.,1.),
  .PIECEWISE_BEZIER_KNOTS.);
#8236 = CARTESIAN_POINT('',(1.605748522542E-07,-0.402049313019));
#8237 = CARTESIAN_POINT('',(8.949799388347,-0.38567527562));
#8238 = CARTESIAN_POINT('',(17.89938527269,-0.365164158373));
#8239 = CARTESIAN_POINT('',(26.848755611901,-0.340952567695));
#8240 = CARTESIAN_POINT('',(35.797910951265,-0.313409443928));
#8241 = CARTESIAN_POINT('',(44.746854805807,-0.282857249908));
#8242 = ( GEOMETRIC_REPRESENTATION_CONTEXT(2) 
PARAMETRIC_REPRESENTATION_CONTEXT() REPRESENTATION_CONTEXT('2D SPACE',''
  ) );
#8243 = PCURVE('',#3309,#8244);
#8244 = DEFINITIONAL_REPRESENTATION('',(#8245),#8252);
#8245 = B_SPLINE_CURVE_WITH_KNOTS('',5,(#8246,#8247,#8248,#8249,#8250,
    #8251),.UNSPECIFIED.,.F.,.F.,(6,6),(0.,1.),
  .PIECEWISE_BEZIER_KNOTS.);
#8246 = CARTESIAN_POINT('',(3.587462788555E-02,0.));
#8247 = CARTESIAN_POINT('',(2.026460906733E-02,0.173393633138));
#8248 = CARTESIAN_POINT('',(5.320496805927E-03,0.351685102218));
#8249 = CARTESIAN_POINT('',(-8.99395639741E-03,0.534520739717));
#8250 = CARTESIAN_POINT('',(-2.271332740355E-02,0.721591936713));
#8251 = CARTESIAN_POINT('',(-3.586998489779E-02,0.912623884807));
#8252 = ( GEOMETRIC_REPRESENTATION_CONTEXT(2) 
PARAMETRIC_REPRESENTATION_CONTEXT() REPRESENTATION_CONTEXT('2D SPACE',''
  ) );
#8253 = ORIENTED_EDGE('',*,*,#3063,.T.);
#8254 = ORIENTED_EDGE('',*,*,#8107,.F.);
#8255 = ORIENTED_EDGE('',*,*,#6530,.F.);
#8256 = ADVANCED_FACE('',(#8257),#3309,.F.);
#8257 = FACE_BOUND('',#8258,.T.);
#8258 = EDGE_LOOP('',(#8259,#8260,#8261,#8262,#8263));
#8259 = ORIENTED_EDGE('',*,*,#8224,.F.);
#8260 = ORIENTED_EDGE('',*,*,#6637,.T.);
#8261 = ORIENTED_EDGE('',*,*,#8172,.T.);
#8262 = ORIENTED_EDGE('',*,*,#8023,.F.);
#8263 = ORIENTED_EDGE('',*,*,#3289,.F.);
#8264 = ADVANCED_FACE('',(#8265),#3750,.T.);
#8265 = FACE_BOUND('',#8266,.T.);
#8266 = EDGE_LOOP('',(#8267,#8288,#8289,#8310));
#8267 = ORIENTED_EDGE('',*,*,#8268,.T.);
#8268 = EDGE_CURVE('',#3733,#5775,#8269,.T.);
#8269 = SURFACE_CURVE('',#8270,(#8274,#8281),.PCURVE_S1.);
#8270 = LINE('',#8271,#8272);
#8271 = CARTESIAN_POINT('',(34.5482131714,63.9517868286,-75.98736158774)
  );
#8272 = VECTOR('',#8273,1.);
#8273 = DIRECTION('',(-0.250562807086,0.250562807086,-0.935113126531));
#8274 = PCURVE('',#3750,#8275);
#8275 = DEFINITIONAL_REPRESENTATION('',(#8276),#8280);
#8276 = LINE('',#8277,#8278);
#8277 = CARTESIAN_POINT('',(4.4517868286,-20.09816096238));
#8278 = VECTOR('',#8279,1.);
#8279 = DIRECTION('',(0.250562807086,-0.968100345886));
#8280 = ( GEOMETRIC_REPRESENTATION_CONTEXT(2) 
PARAMETRIC_REPRESENTATION_CONTEXT() REPRESENTATION_CONTEXT('2D SPACE',''
  ) );
#8281 = PCURVE('',#3832,#8282);
#8282 = DEFINITIONAL_REPRESENTATION('',(#8283),#8287);
#8283 = LINE('',#8284,#8285);
#8284 = CARTESIAN_POINT('',(24.653654563629,-7.002884090987));
#8285 = VECTOR('',#8286,1.);
#8286 = DIRECTION('',(-0.935113126531,-0.354349320007));
#8287 = ( GEOMETRIC_REPRESENTATION_CONTEXT(2) 
PARAMETRIC_REPRESENTATION_CONTEXT() REPRESENTATION_CONTEXT('2D SPACE',''
  ) );
#8288 = ORIENTED_EDGE('',*,*,#5774,.T.);
#8289 = ORIENTED_EDGE('',*,*,#8290,.F.);
#8290 = EDGE_CURVE('',#3735,#5752,#8291,.T.);
#8291 = SURFACE_CURVE('',#8292,(#8296,#8303),.PCURVE_S1.);
#8292 = LINE('',#8293,#8294);
#8293 = CARTESIAN_POINT('',(32.978670164033,103.47867016403,
    -81.8449758359));
#8294 = VECTOR('',#8295,1.);
#8295 = DIRECTION('',(-0.250562807086,-0.250562807086,-0.935113126531));
#8296 = PCURVE('',#3750,#8297);
#8297 = DEFINITIONAL_REPRESENTATION('',(#8298),#8302);
#8298 = LINE('',#8299,#8300);
#8299 = CARTESIAN_POINT('',(43.978670164033,-26.16240946753));
#8300 = VECTOR('',#8301,1.);
#8301 = DIRECTION('',(-0.250562807086,-0.968100345886));
#8302 = ( GEOMETRIC_REPRESENTATION_CONTEXT(2) 
PARAMETRIC_REPRESENTATION_CONTEXT() REPRESENTATION_CONTEXT('2D SPACE',''
  ) );
#8303 = PCURVE('',#3778,#8304);
#8304 = DEFINITIONAL_REPRESENTATION('',(#8305),#8309);
#8305 = LINE('',#8306,#8307);
#8306 = CARTESIAN_POINT('',(-18.79604031547,-9.222553098733));
#8307 = VECTOR('',#8308,1.);
#8308 = DIRECTION('',(0.935113126531,-0.354349320007));
#8309 = ( GEOMETRIC_REPRESENTATION_CONTEXT(2) 
PARAMETRIC_REPRESENTATION_CONTEXT() REPRESENTATION_CONTEXT('2D SPACE',''
  ) );
#8310 = ORIENTED_EDGE('',*,*,#3732,.F.);
#8311 = ADVANCED_FACE('',(#8312),#3832,.T.);
#8312 = FACE_BOUND('',#8313,.T.);
#8313 = EDGE_LOOP('',(#8314,#8315,#8316,#8337,#8338,#8339));
#8314 = ORIENTED_EDGE('',*,*,#8268,.F.);
#8315 = ORIENTED_EDGE('',*,*,#3818,.F.);
#8316 = ORIENTED_EDGE('',*,*,#8317,.T.);
#8317 = EDGE_CURVE('',#3791,#5608,#8318,.T.);
#8318 = SURFACE_CURVE('',#8319,(#8323,#8330),.PCURVE_S1.);
#8319 = LINE('',#8320,#8321);
#8320 = CARTESIAN_POINT('',(39.38799538113,59.11200461887,
    -101.4770300079));
#8321 = VECTOR('',#8322,1.);
#8322 = DIRECTION('',(-0.694746590607,0.694746590607,0.186156787897));
#8323 = PCURVE('',#3832,#8324);
#8324 = DEFINITIONAL_REPRESENTATION('',(#8325),#8329);
#8325 = LINE('',#8326,#8327);
#8326 = CARTESIAN_POINT('',(-0.83601385661,-0.158398451054));
#8327 = VECTOR('',#8328,1.);
#8328 = DIRECTION('',(0.186156787897,-0.982520050849));
#8329 = ( GEOMETRIC_REPRESENTATION_CONTEXT(2) 
PARAMETRIC_REPRESENTATION_CONTEXT() REPRESENTATION_CONTEXT('2D SPACE',''
  ) );
#8330 = PCURVE('',#3806,#8331);
#8331 = DEFINITIONAL_REPRESENTATION('',(#8332),#8336);
#8332 = LINE('',#8333,#8334);
#8333 = CARTESIAN_POINT('',(0.38799538113,-0.374774759114));
#8334 = VECTOR('',#8335,1.);
#8335 = DIRECTION('',(-0.694746590607,-0.719254596676));
#8336 = ( GEOMETRIC_REPRESENTATION_CONTEXT(2) 
PARAMETRIC_REPRESENTATION_CONTEXT() REPRESENTATION_CONTEXT('2D SPACE',''
  ) );
#8337 = ORIENTED_EDGE('',*,*,#5607,.T.);
#8338 = ORIENTED_EDGE('',*,*,#5822,.T.);
#8339 = ORIENTED_EDGE('',*,*,#5797,.F.);
#8340 = ADVANCED_FACE('',(#8341),#3778,.T.);
#8341 = FACE_BOUND('',#8342,.F.);
#8342 = EDGE_LOOP('',(#8343,#8344,#8345,#8366,#8367,#8368));
#8343 = ORIENTED_EDGE('',*,*,#8290,.F.);
#8344 = ORIENTED_EDGE('',*,*,#3762,.F.);
#8345 = ORIENTED_EDGE('',*,*,#8346,.T.);
#8346 = EDGE_CURVE('',#3763,#5631,#8347,.T.);
#8347 = SURFACE_CURVE('',#8348,(#8352,#8359),.PCURVE_S1.);
#8348 = LINE('',#8349,#8350);
#8349 = CARTESIAN_POINT('',(27.321174752134,97.821174752134,
    -98.24373516523));
#8350 = VECTOR('',#8351,1.);
#8351 = DIRECTION('',(-0.694746590607,-0.694746590607,0.186156787897));
#8352 = PCURVE('',#3778,#8353);
#8353 = DEFINITIONAL_REPRESENTATION('',(#8354),#8358);
#8354 = LINE('',#8355,#8356);
#8355 = CARTESIAN_POINT('',(-2.397280986141,-17.2234598393));
#8356 = VECTOR('',#8357,1.);
#8357 = DIRECTION('',(-0.186156787897,-0.982520050849));
#8358 = ( GEOMETRIC_REPRESENTATION_CONTEXT(2) 
PARAMETRIC_REPRESENTATION_CONTEXT() REPRESENTATION_CONTEXT('2D SPACE',''
  ) );
#8359 = PCURVE('',#3806,#8360);
#8360 = DEFINITIONAL_REPRESENTATION('',(#8361),#8365);
#8361 = LINE('',#8362,#8363);
#8362 = CARTESIAN_POINT('',(-38.32117475213,-12.86726672959));
#8363 = VECTOR('',#8364,1.);
#8364 = DIRECTION('',(0.694746590607,-0.719254596676));
#8365 = ( GEOMETRIC_REPRESENTATION_CONTEXT(2) 
PARAMETRIC_REPRESENTATION_CONTEXT() REPRESENTATION_CONTEXT('2D SPACE',''
  ) );
#8366 = ORIENTED_EDGE('',*,*,#5653,.T.);
#8367 = ORIENTED_EDGE('',*,*,#5702,.T.);
#8368 = ORIENTED_EDGE('',*,*,#5751,.F.);
#8369 = ADVANCED_FACE('',(#8370),#3806,.T.);
#8370 = FACE_BOUND('',#8371,.F.);
#8371 = EDGE_LOOP('',(#8372,#8373,#8374,#8375));
#8372 = ORIENTED_EDGE('',*,*,#8317,.T.);
#8373 = ORIENTED_EDGE('',*,*,#5630,.T.);
#8374 = ORIENTED_EDGE('',*,*,#8346,.F.);
#8375 = ORIENTED_EDGE('',*,*,#3790,.F.);
#8376 = ADVANCED_FACE('',(#8377),#3864,.T.);
#8377 = FACE_BOUND('',#8378,.F.);
#8378 = EDGE_LOOP('',(#8379,#8400,#8401,#8422));
#8379 = ORIENTED_EDGE('',*,*,#8380,.T.);
#8380 = EDGE_CURVE('',#3847,#6318,#8381,.T.);
#8381 = SURFACE_CURVE('',#8382,(#8386,#8393),.PCURVE_S1.);
#8382 = LINE('',#8383,#8384);
#8383 = CARTESIAN_POINT('',(34.5482131714,156.0482131714,-114.7290313385
    ));
#8384 = VECTOR('',#8385,1.);
#8385 = DIRECTION('',(-0.250562807086,-0.250562807086,-0.935113126531));
#8386 = PCURVE('',#3864,#8387);
#8387 = DEFINITIONAL_REPRESENTATION('',(#8388),#8392);
#8388 = LINE('',#8389,#8390);
#8389 = CARTESIAN_POINT('',(-4.4517868286,-20.09816096238));
#8390 = VECTOR('',#8391,1.);
#8391 = DIRECTION('',(-0.250562807086,-0.968100345886));
#8392 = ( GEOMETRIC_REPRESENTATION_CONTEXT(2) 
PARAMETRIC_REPRESENTATION_CONTEXT() REPRESENTATION_CONTEXT('2D SPACE',''
  ) );
#8393 = PCURVE('',#3892,#8394);
#8394 = DEFINITIONAL_REPRESENTATION('',(#8395),#8399);
#8395 = LINE('',#8396,#8397);
#8396 = CARTESIAN_POINT('',(-24.65365456362,-7.002884090987));
#8397 = VECTOR('',#8398,1.);
#8398 = DIRECTION('',(0.935113126531,-0.354349320007));
#8399 = ( GEOMETRIC_REPRESENTATION_CONTEXT(2) 
PARAMETRIC_REPRESENTATION_CONTEXT() REPRESENTATION_CONTEXT('2D SPACE',''
  ) );
#8400 = ORIENTED_EDGE('',*,*,#6340,.T.);
#8401 = ORIENTED_EDGE('',*,*,#8402,.F.);
#8402 = EDGE_CURVE('',#3849,#6341,#8403,.T.);
#8403 = SURFACE_CURVE('',#8404,(#8408,#8415),.PCURVE_S1.);
#8404 = LINE('',#8405,#8406);
#8405 = CARTESIAN_POINT('',(33.041451884328,118.45854811567,
    -120.3523410167));
#8406 = VECTOR('',#8407,1.);
#8407 = DIRECTION('',(-0.250562807086,0.250562807086,-0.935113126531));
#8408 = PCURVE('',#3864,#8409);
#8409 = DEFINITIONAL_REPRESENTATION('',(#8410),#8414);
#8410 = LINE('',#8411,#8412);
#8411 = CARTESIAN_POINT('',(-42.04145188432,-25.91983952732));
#8412 = VECTOR('',#8413,1.);
#8413 = DIRECTION('',(0.250562807086,-0.968100345886));
#8414 = ( GEOMETRIC_REPRESENTATION_CONTEXT(2) 
PARAMETRIC_REPRESENTATION_CONTEXT() REPRESENTATION_CONTEXT('2D SPACE',''
  ) );
#8415 = PCURVE('',#3946,#8416);
#8416 = DEFINITIONAL_REPRESENTATION('',(#8417),#8421);
#8417 = LINE('',#8418,#8419);
#8418 = CARTESIAN_POINT('',(19.030344885398,-9.133766338423));
#8419 = VECTOR('',#8420,1.);
#8420 = DIRECTION('',(-0.935113126531,-0.354349320007));
#8421 = ( GEOMETRIC_REPRESENTATION_CONTEXT(2) 
PARAMETRIC_REPRESENTATION_CONTEXT() REPRESENTATION_CONTEXT('2D SPACE',''
  ) );
#8422 = ORIENTED_EDGE('',*,*,#3846,.F.);
#8423 = ADVANCED_FACE('',(#8424),#3892,.T.);
#8424 = FACE_BOUND('',#8425,.F.);
#8425 = EDGE_LOOP('',(#8426,#8427,#8428,#8449,#8450,#8451));
#8426 = ORIENTED_EDGE('',*,*,#8380,.F.);
#8427 = ORIENTED_EDGE('',*,*,#3876,.F.);
#8428 = ORIENTED_EDGE('',*,*,#8429,.T.);
#8429 = EDGE_CURVE('',#3877,#6197,#8430,.T.);
#8430 = SURFACE_CURVE('',#8431,(#8435,#8442),.PCURVE_S1.);
#8431 = LINE('',#8432,#8433);
#8432 = CARTESIAN_POINT('',(27.803847577293,149.30384757729,
    -137.1147367097));
#8433 = VECTOR('',#8434,1.);
#8434 = DIRECTION('',(-0.694746590607,-0.694746590607,0.186156787897));
#8435 = PCURVE('',#3892,#8436);
#8436 = DEFINITIONAL_REPRESENTATION('',(#8437),#8441);
#8437 = LINE('',#8438,#8439);
#8438 = CARTESIAN_POINT('',(-2.267949192431,-16.54085738377));
#8439 = VECTOR('',#8440,1.);
#8440 = DIRECTION('',(-0.186156787897,-0.982520050849));
#8441 = ( GEOMETRIC_REPRESENTATION_CONTEXT(2) 
PARAMETRIC_REPRESENTATION_CONTEXT() REPRESENTATION_CONTEXT('2D SPACE',''
  ) );
#8442 = PCURVE('',#3920,#8443);
#8443 = DEFINITIONAL_REPRESENTATION('',(#8444),#8448);
#8444 = LINE('',#8445,#8446);
#8445 = CARTESIAN_POINT('',(-36.80384757729,-12.36756705077));
#8446 = VECTOR('',#8447,1.);
#8447 = DIRECTION('',(0.694746590607,-0.719254596676));
#8448 = ( GEOMETRIC_REPRESENTATION_CONTEXT(2) 
PARAMETRIC_REPRESENTATION_CONTEXT() REPRESENTATION_CONTEXT('2D SPACE',''
  ) );
#8449 = ORIENTED_EDGE('',*,*,#6219,.T.);
#8450 = ORIENTED_EDGE('',*,*,#6268,.T.);
#8451 = ORIENTED_EDGE('',*,*,#6317,.F.);
#8452 = ADVANCED_FACE('',(#8453),#3946,.T.);
#8453 = FACE_BOUND('',#8454,.T.);
#8454 = EDGE_LOOP('',(#8455,#8456,#8457,#8478,#8479,#8480));
#8455 = ORIENTED_EDGE('',*,*,#8402,.F.);
#8456 = ORIENTED_EDGE('',*,*,#3932,.F.);
#8457 = ORIENTED_EDGE('',*,*,#8458,.T.);
#8458 = EDGE_CURVE('',#3905,#6174,#8459,.T.);
#8459 = SURFACE_CURVE('',#8460,(#8464,#8471),.PCURVE_S1.);
#8460 = LINE('',#8461,#8462);
#8461 = CARTESIAN_POINT('',(39.38799538113,112.11200461887,
    -140.2186997587));
#8462 = VECTOR('',#8463,1.);
#8463 = DIRECTION('',(-0.694746590607,0.694746590607,0.186156787897));
#8464 = PCURVE('',#3946,#8465);
#8465 = DEFINITIONAL_REPRESENTATION('',(#8466),#8470);
#8466 = LINE('',#8467,#8468);
#8467 = CARTESIAN_POINT('',(-0.83601385661,-0.158398451054));
#8468 = VECTOR('',#8469,1.);
#8469 = DIRECTION('',(0.186156787897,-0.982520050849));
#8470 = ( GEOMETRIC_REPRESENTATION_CONTEXT(2) 
PARAMETRIC_REPRESENTATION_CONTEXT() REPRESENTATION_CONTEXT('2D SPACE',''
  ) );
#8471 = PCURVE('',#3920,#8472);
#8472 = DEFINITIONAL_REPRESENTATION('',(#8473),#8477);
#8473 = LINE('',#8474,#8475);
#8474 = CARTESIAN_POINT('',(0.387995381129,-0.374774759114));
#8475 = VECTOR('',#8476,1.);
#8476 = DIRECTION('',(-0.694746590607,-0.719254596676));
#8477 = ( GEOMETRIC_REPRESENTATION_CONTEXT(2) 
PARAMETRIC_REPRESENTATION_CONTEXT() REPRESENTATION_CONTEXT('2D SPACE',''
  ) );
#8478 = ORIENTED_EDGE('',*,*,#6173,.T.);
#8479 = ORIENTED_EDGE('',*,*,#6388,.T.);
#8480 = ORIENTED_EDGE('',*,*,#6363,.F.);
#8481 = ADVANCED_FACE('',(#8482),#3920,.T.);
#8482 = FACE_BOUND('',#8483,.F.);
#8483 = EDGE_LOOP('',(#8484,#8485,#8486,#8487));
#8484 = ORIENTED_EDGE('',*,*,#8458,.T.);
#8485 = ORIENTED_EDGE('',*,*,#6196,.T.);
#8486 = ORIENTED_EDGE('',*,*,#8429,.F.);
#8487 = ORIENTED_EDGE('',*,*,#3904,.F.);
#8488 = ADVANCED_FACE('',(#8489),#4002,.T.);
#8489 = FACE_BOUND('',#8490,.F.);
#8490 = EDGE_LOOP('',(#8491,#8512,#8513,#8514));
#8491 = ORIENTED_EDGE('',*,*,#8492,.F.);
#8492 = EDGE_CURVE('',#4041,#4441,#8493,.T.);
#8493 = SURFACE_CURVE('',#8494,(#8498,#8505),.PCURVE_S1.);
#8494 = LINE('',#8495,#8496);
#8495 = CARTESIAN_POINT('',(41.083333333333,34.916666666667,
    -80.58333333333));
#8496 = VECTOR('',#8497,1.);
#8497 = DIRECTION('',(0.57735026919,-0.57735026919,-0.57735026919));
#8498 = PCURVE('',#4002,#8499);
#8499 = DEFINITIONAL_REPRESENTATION('',(#8500),#8504);
#8500 = LINE('',#8501,#8502);
#8501 = CARTESIAN_POINT('',(-2.083333333333,2.239171473757));
#8502 = VECTOR('',#8503,1.);
#8503 = DIRECTION('',(-0.57735026919,0.816496580928));
#8504 = ( GEOMETRIC_REPRESENTATION_CONTEXT(2) 
PARAMETRIC_REPRESENTATION_CONTEXT() REPRESENTATION_CONTEXT('2D SPACE',''
  ) );
#8505 = PCURVE('',#4479,#8506);
#8506 = DEFINITIONAL_REPRESENTATION('',(#8507),#8511);
#8507 = LINE('',#8508,#8509);
#8508 = CARTESIAN_POINT('',(-8.416666666667,2.239171473757));
#8509 = VECTOR('',#8510,1.);
#8510 = DIRECTION('',(0.57735026919,0.816496580928));
#8511 = ( GEOMETRIC_REPRESENTATION_CONTEXT(2) 
PARAMETRIC_REPRESENTATION_CONTEXT() REPRESENTATION_CONTEXT('2D SPACE',''
  ) );
#8512 = ORIENTED_EDGE('',*,*,#4063,.T.);
#8513 = ORIENTED_EDGE('',*,*,#3988,.F.);
#8514 = ORIENTED_EDGE('',*,*,#4440,.F.);
#8515 = ADVANCED_FACE('',(#8516),#4133,.T.);
#8516 = FACE_BOUND('',#8517,.T.);
#8517 = EDGE_LOOP('',(#8518,#8543,#8564,#8565,#8566,#8589));
#8518 = ORIENTED_EDGE('',*,*,#8519,.F.);
#8519 = EDGE_CURVE('',#8520,#8522,#8524,.T.);
#8520 = VERTEX_POINT('',#8521);
#8521 = CARTESIAN_POINT('',(49.674981495185,133.05010040201,
    -184.6251263902));
#8522 = VERTEX_POINT('',#8523);
#8523 = CARTESIAN_POINT('',(32.093653613754,133.05010040201,
    -215.0768795453));
#8524 = SURFACE_CURVE('',#8525,(#8529,#8536),.PCURVE_S1.);
#8525 = LINE('',#8526,#8527);
#8526 = CARTESIAN_POINT('',(50.174981495185,133.05010040201,
    -183.7591009864));
#8527 = VECTOR('',#8528,1.);
#8528 = DIRECTION('',(-0.5,-0.,-0.866025403784));
#8529 = PCURVE('',#4133,#8530);
#8530 = DEFINITIONAL_REPRESENTATION('',(#8531),#8535);
#8531 = LINE('',#8532,#8533);
#8532 = CARTESIAN_POINT('',(31.711283728098,0.));
#8533 = VECTOR('',#8534,1.);
#8534 = DIRECTION('',(-0.,-1.));
#8535 = ( GEOMETRIC_REPRESENTATION_CONTEXT(2) 
PARAMETRIC_REPRESENTATION_CONTEXT() REPRESENTATION_CONTEXT('2D SPACE',''
  ) );
#8536 = PCURVE('',#5057,#8537);
#8537 = DEFINITIONAL_REPRESENTATION('',(#8538),#8542);
#8538 = LINE('',#8539,#8540);
#8539 = CARTESIAN_POINT('',(0.763786496398,-28.55127018922));
#8540 = VECTOR('',#8541,1.);
#8541 = DIRECTION('',(0.,1.));
#8542 = ( GEOMETRIC_REPRESENTATION_CONTEXT(2) 
PARAMETRIC_REPRESENTATION_CONTEXT() REPRESENTATION_CONTEXT('2D SPACE',''
  ) );
#8543 = ORIENTED_EDGE('',*,*,#8544,.F.);
#8544 = EDGE_CURVE('',#4116,#8520,#8545,.T.);
#8545 = SURFACE_CURVE('',#8546,(#8550,#8557),.PCURVE_S1.);
#8546 = LINE('',#8547,#8548);
#8547 = CARTESIAN_POINT('',(49.674981495185,101.33881667391,
    -184.6251263902));
#8548 = VECTOR('',#8549,1.);
#8549 = DIRECTION('',(0.,1.,0.));
#8550 = PCURVE('',#4133,#8551);
#8551 = DEFINITIONAL_REPRESENTATION('',(#8552),#8556);
#8552 = LINE('',#8553,#8554);
#8553 = CARTESIAN_POINT('',(2.84217094304E-14,-1.));
#8554 = VECTOR('',#8555,1.);
#8555 = DIRECTION('',(1.,0.));
#8556 = ( GEOMETRIC_REPRESENTATION_CONTEXT(2) 
PARAMETRIC_REPRESENTATION_CONTEXT() REPRESENTATION_CONTEXT('2D SPACE',''
  ) );
#8557 = PCURVE('',#4425,#8558);
#8558 = DEFINITIONAL_REPRESENTATION('',(#8559),#8563);
#8559 = LINE('',#8560,#8561);
#8560 = CARTESIAN_POINT('',(0.,-0.707106781187));
#8561 = VECTOR('',#8562,1.);
#8562 = DIRECTION('',(1.,0.));
#8563 = ( GEOMETRIC_REPRESENTATION_CONTEXT(2) 
PARAMETRIC_REPRESENTATION_CONTEXT() REPRESENTATION_CONTEXT('2D SPACE',''
  ) );
#8564 = ORIENTED_EDGE('',*,*,#4115,.T.);
#8565 = ORIENTED_EDGE('',*,*,#5526,.F.);
#8566 = ORIENTED_EDGE('',*,*,#8567,.F.);
#8567 = EDGE_CURVE('',#8568,#5495,#8570,.T.);
#8568 = VERTEX_POINT('',#8569);
#8569 = CARTESIAN_POINT('',(32.060689770792,133.13483773617,
    -215.1339745962));
#8570 = SURFACE_CURVE('',#8571,(#8575,#8582),.PCURVE_S1.);
#8571 = LINE('',#8572,#8573);
#8572 = CARTESIAN_POINT('',(32.060689770792,133.05010040201,
    -215.1339745962));
#8573 = VECTOR('',#8574,1.);
#8574 = DIRECTION('',(0.,-1.,0.));
#8575 = PCURVE('',#4133,#8576);
#8576 = DEFINITIONAL_REPRESENTATION('',(#8577),#8581);
#8577 = LINE('',#8578,#8579);
#8578 = CARTESIAN_POINT('',(31.711283728098,-36.22858344878));
#8579 = VECTOR('',#8580,1.);
#8580 = DIRECTION('',(-1.,0.));
#8581 = ( GEOMETRIC_REPRESENTATION_CONTEXT(2) 
PARAMETRIC_REPRESENTATION_CONTEXT() REPRESENTATION_CONTEXT('2D SPACE',''
  ) );
#8582 = PCURVE('',#5400,#8583);
#8583 = DEFINITIONAL_REPRESENTATION('',(#8584),#8588);
#8584 = LINE('',#8585,#8586);
#8585 = CARTESIAN_POINT('',(-0.,0.866025403784));
#8586 = VECTOR('',#8587,1.);
#8587 = DIRECTION('',(-1.,0.));
#8588 = ( GEOMETRIC_REPRESENTATION_CONTEXT(2) 
PARAMETRIC_REPRESENTATION_CONTEXT() REPRESENTATION_CONTEXT('2D SPACE',''
  ) );
#8589 = ORIENTED_EDGE('',*,*,#8590,.T.);
#8590 = EDGE_CURVE('',#8568,#8522,#8591,.T.);
#8591 = SURFACE_CURVE('',#8592,(#8598,#8607),.PCURVE_S1.);
#8592 = B_SPLINE_CURVE_WITH_KNOTS('',4,(#8593,#8594,#8595,#8596,#8597),
  .UNSPECIFIED.,.F.,.F.,(5,5),(0.,1.),.PIECEWISE_BEZIER_KNOTS.);
#8593 = CARTESIAN_POINT('',(32.060689770792,133.13483773617,
    -215.1339745962));
#8594 = CARTESIAN_POINT('',(32.068925608107,133.11360605562,
    -215.1197097075));
#8595 = CARTESIAN_POINT('',(32.07716493203,133.092406903,-215.1054387798
    ));
#8596 = CARTESIAN_POINT('',(32.085407694646,133.07123987326,
    -215.0911618962));
#8597 = CARTESIAN_POINT('',(32.093653849745,133.05010457564,
    -215.0768791366));
#8598 = PCURVE('',#4133,#8599);
#8599 = DEFINITIONAL_REPRESENTATION('',(#8600),#8606);
#8600 = B_SPLINE_CURVE_WITH_KNOTS('',4,(#8601,#8602,#8603,#8604,#8605),
  .UNSPECIFIED.,.F.,.F.,(5,5),(0.,1.),.PIECEWISE_BEZIER_KNOTS.);
#8601 = CARTESIAN_POINT('',(31.796021062261,-36.22858344878));
#8602 = CARTESIAN_POINT('',(31.774789381711,-36.21211177415));
#8603 = CARTESIAN_POINT('',(31.753590229094,-36.19563312631));
#8604 = CARTESIAN_POINT('',(31.732423199355,-36.17914760107));
#8605 = CARTESIAN_POINT('',(31.711287901737,-36.16265529088));
#8606 = ( GEOMETRIC_REPRESENTATION_CONTEXT(2) 
PARAMETRIC_REPRESENTATION_CONTEXT() REPRESENTATION_CONTEXT('2D SPACE',''
  ) );
#8607 = PCURVE('',#5235,#8608);
#8608 = DEFINITIONAL_REPRESENTATION('',(#8609),#8615);
#8609 = B_SPLINE_CURVE_WITH_KNOTS('',4,(#8610,#8611,#8612,#8613,#8614),
  .UNSPECIFIED.,.F.,.F.,(5,5),(0.,1.),.PIECEWISE_BEZIER_KNOTS.);
#8610 = CARTESIAN_POINT('',(42.398147904361,0.406082553289));
#8611 = CARTESIAN_POINT('',(43.088660853222,0.397094823422));
#8612 = CARTESIAN_POINT('',(43.77917611784,0.388156881332));
#8613 = CARTESIAN_POINT('',(44.46969365851,0.379268043851));
#8614 = CARTESIAN_POINT('',(45.160213438102,0.370427653737));
#8615 = ( GEOMETRIC_REPRESENTATION_CONTEXT(2) 
PARAMETRIC_REPRESENTATION_CONTEXT() REPRESENTATION_CONTEXT('2D SPACE',''
  ) );
#8616 = ADVANCED_FACE('',(#8617),#4425,.T.);
#8617 = FACE_BOUND('',#8618,.T.);
#8618 = EDGE_LOOP('',(#8619,#8620,#8621,#8652));
#8619 = ORIENTED_EDGE('',*,*,#4407,.F.);
#8620 = ORIENTED_EDGE('',*,*,#8544,.T.);
#8621 = ORIENTED_EDGE('',*,*,#8622,.T.);
#8622 = EDGE_CURVE('',#8520,#8623,#8625,.T.);
#8623 = VERTEX_POINT('',#8624);
#8624 = CARTESIAN_POINT('',(49.3089560914,132.083592135,-183.2591009864)
  );
#8625 = SURFACE_CURVE('',#8626,(#8631,#8642),.PCURVE_S1.);
#8626 = ELLIPSE('',#8627,25.455844122716,18.);
#8627 = AXIS2_PLACEMENT_3D('',#8628,#8629,#8630);
#8628 = CARTESIAN_POINT('',(44.916651245988,145.5,-166.866796141));
#8629 = DIRECTION('',(-0.965925826289,-0.,-0.258819045103));
#8630 = DIRECTION('',(0.258819045103,0.,-0.965925826289));
#8631 = PCURVE('',#4425,#8632);
#8632 = DEFINITIONAL_REPRESENTATION('',(#8633),#8641);
#8633 = ( BOUNDED_CURVE() B_SPLINE_CURVE(2,(#8634,#8635,#8636,#8637,
#8638,#8639,#8640),.UNSPECIFIED.,.T.,.F.) B_SPLINE_CURVE_WITH_KNOTS((1,2
    ,2,2,2,1),(-2.094395102393,0.,2.094395102393,4.188790204786,
6.28318530718,8.377580409573),.UNSPECIFIED.) CURVE() 
GEOMETRIC_REPRESENTATION_ITEM() RATIONAL_B_SPLINE_CURVE((1.,0.5,1.,0.5,
1.,0.5,1.)) REPRESENTATION_ITEM('') );
#8634 = CARTESIAN_POINT('',(44.161183326089,-7.778174593054));
#8635 = CARTESIAN_POINT('',(12.984268789849,-7.778174593054));
#8636 = CARTESIAN_POINT('',(28.572726057969,30.405591591019));
#8637 = CARTESIAN_POINT('',(44.161183326089,68.589357775092));
#8638 = CARTESIAN_POINT('',(59.749640594208,30.405591591019));
#8639 = CARTESIAN_POINT('',(75.338097862328,-7.778174593054));
#8640 = CARTESIAN_POINT('',(44.161183326089,-7.778174593054));
#8641 = ( GEOMETRIC_REPRESENTATION_CONTEXT(2) 
PARAMETRIC_REPRESENTATION_CONTEXT() REPRESENTATION_CONTEXT('2D SPACE',''
  ) );
#8642 = PCURVE('',#5057,#8643);
#8643 = DEFINITIONAL_REPRESENTATION('',(#8644),#8651);
#8644 = B_SPLINE_CURVE_WITH_KNOTS('',5,(#8645,#8646,#8647,#8648,#8649,
    #8650),.UNSPECIFIED.,.F.,.F.,(6,6),(0.763786496398,0.841068670568),
  .PIECEWISE_BEZIER_KNOTS.);
#8645 = CARTESIAN_POINT('',(0.763786496398,-27.55127018922));
#8646 = CARTESIAN_POINT('',(0.779242931232,-27.74370125104));
#8647 = CARTESIAN_POINT('',(0.794699366066,-27.94001446018));
#8648 = CARTESIAN_POINT('',(0.8101558009,-28.14011404206));
#8649 = CARTESIAN_POINT('',(0.825612235734,-28.34390035535));
#8650 = CARTESIAN_POINT('',(0.841068670568,-28.55127018922));
#8651 = ( GEOMETRIC_REPRESENTATION_CONTEXT(2) 
PARAMETRIC_REPRESENTATION_CONTEXT() REPRESENTATION_CONTEXT('2D SPACE',''
  ) );
#8652 = ORIENTED_EDGE('',*,*,#8653,.F.);
#8653 = EDGE_CURVE('',#4379,#8623,#8654,.T.);
#8654 = SURFACE_CURVE('',#8655,(#8659,#8666),.PCURVE_S1.);
#8655 = LINE('',#8656,#8657);
#8656 = CARTESIAN_POINT('',(49.3089560914,101.33881667391,
    -183.2591009864));
#8657 = VECTOR('',#8658,1.);
#8658 = DIRECTION('',(0.,1.,0.));
#8659 = PCURVE('',#4425,#8660);
#8660 = DEFINITIONAL_REPRESENTATION('',(#8661),#8665);
#8661 = LINE('',#8662,#8663);
#8662 = CARTESIAN_POINT('',(0.,0.707106781187));
#8663 = VECTOR('',#8664,1.);
#8664 = DIRECTION('',(1.,0.));
#8665 = ( GEOMETRIC_REPRESENTATION_CONTEXT(2) 
PARAMETRIC_REPRESENTATION_CONTEXT() REPRESENTATION_CONTEXT('2D SPACE',''
  ) );
#8666 = PCURVE('',#4395,#8667);
#8667 = DEFINITIONAL_REPRESENTATION('',(#8668),#8672);
#8668 = LINE('',#8669,#8670);
#8669 = CARTESIAN_POINT('',(11.115659450065,-17.13124632803));
#8670 = VECTOR('',#8671,1.);
#8671 = DIRECTION('',(0.,1.));
#8672 = ( GEOMETRIC_REPRESENTATION_CONTEXT(2) 
PARAMETRIC_REPRESENTATION_CONTEXT() REPRESENTATION_CONTEXT('2D SPACE',''
  ) );
#8673 = ADVANCED_FACE('',(#8674),#4395,.T.);
#8674 = FACE_BOUND('',#8675,.T.);
#8675 = EDGE_LOOP('',(#8676,#8677,#8678,#8702));
#8676 = ORIENTED_EDGE('',*,*,#4378,.F.);
#8677 = ORIENTED_EDGE('',*,*,#8653,.T.);
#8678 = ORIENTED_EDGE('',*,*,#8679,.F.);
#8679 = EDGE_CURVE('',#8680,#8623,#8682,.T.);
#8680 = VERTEX_POINT('',#8681);
#8681 = CARTESIAN_POINT('',(48.442930687617,131.25219315122,
    -182.7591009864));
#8682 = SURFACE_CURVE('',#8683,(#8688,#8695),.PCURVE_S1.);
#8683 = CIRCLE('',#8684,18.);
#8684 = AXIS2_PLACEMENT_3D('',#8685,#8686,#8687);
#8685 = CARTESIAN_POINT('',(38.916651245989,145.5,-177.2591009864));
#8686 = DIRECTION('',(0.5,-0.,0.866025403784));
#8687 = DIRECTION('',(0.866025403784,0.,-0.5));
#8688 = PCURVE('',#4395,#8689);
#8689 = DEFINITIONAL_REPRESENTATION('',(#8690),#8694);
#8690 = CIRCLE('',#8691,18.);
#8691 = AXIS2_PLACEMENT_2D('',#8692,#8693);
#8692 = CARTESIAN_POINT('',(-0.884340549933,27.029936998051));
#8693 = DIRECTION('',(1.,0.));
#8694 = ( GEOMETRIC_REPRESENTATION_CONTEXT(2) 
PARAMETRIC_REPRESENTATION_CONTEXT() REPRESENTATION_CONTEXT('2D SPACE',''
  ) );
#8695 = PCURVE('',#5057,#8696);
#8696 = DEFINITIONAL_REPRESENTATION('',(#8697),#8701);
#8697 = LINE('',#8698,#8699);
#8698 = CARTESIAN_POINT('',(6.28318530718,-28.55127018922));
#8699 = VECTOR('',#8700,1.);
#8700 = DIRECTION('',(-1.,0.));
#8701 = ( GEOMETRIC_REPRESENTATION_CONTEXT(2) 
PARAMETRIC_REPRESENTATION_CONTEXT() REPRESENTATION_CONTEXT('2D SPACE',''
  ) );
#8702 = ORIENTED_EDGE('',*,*,#8703,.T.);
#8703 = EDGE_CURVE('',#8680,#4347,#8704,.T.);
#8704 = SURFACE_CURVE('',#8705,(#8709,#8716),.PCURVE_S1.);
#8705 = LINE('',#8706,#8707);
#8706 = CARTESIAN_POINT('',(48.442930687617,130.5333704529,
    -182.7591009864));
#8707 = VECTOR('',#8708,1.);
#8708 = DIRECTION('',(0.,-1.,0.));
#8709 = PCURVE('',#4395,#8710);
#8710 = DEFINITIONAL_REPRESENTATION('',(#8711),#8715);
#8711 = LINE('',#8712,#8713);
#8712 = CARTESIAN_POINT('',(10.115659450067,12.063307450955));
#8713 = VECTOR('',#8714,1.);
#8714 = DIRECTION('',(0.,-1.));
#8715 = ( GEOMETRIC_REPRESENTATION_CONTEXT(2) 
PARAMETRIC_REPRESENTATION_CONTEXT() REPRESENTATION_CONTEXT('2D SPACE',''
  ) );
#8716 = PCURVE('',#4366,#8717);
#8717 = DEFINITIONAL_REPRESENTATION('',(#8718),#8722);
#8718 = LINE('',#8719,#8720);
#8719 = CARTESIAN_POINT('',(-0.,-0.707106781187));
#8720 = VECTOR('',#8721,1.);
#8721 = DIRECTION('',(-1.,0.));
#8722 = ( GEOMETRIC_REPRESENTATION_CONTEXT(2) 
PARAMETRIC_REPRESENTATION_CONTEXT() REPRESENTATION_CONTEXT('2D SPACE',''
  ) );
#8723 = ADVANCED_FACE('',(#8724),#4366,.T.);
#8724 = FACE_BOUND('',#8725,.F.);
#8725 = EDGE_LOOP('',(#8726,#8757,#8758,#8759));
#8726 = ORIENTED_EDGE('',*,*,#8727,.F.);
#8727 = EDGE_CURVE('',#8680,#8728,#8730,.T.);
#8728 = VERTEX_POINT('',#8729);
#8729 = CARTESIAN_POINT('',(47.076905283833,130.5333704529,
    -183.1251263902));
#8730 = SURFACE_CURVE('',#8731,(#8736,#8747),.PCURVE_S1.);
#8731 = ELLIPSE('',#8732,25.455844122716,18.);
#8732 = AXIS2_PLACEMENT_3D('',#8733,#8734,#8735);
#8733 = CARTESIAN_POINT('',(33.416651245989,145.5,-186.785380428));
#8734 = DIRECTION('',(0.258819045103,0.,-0.965925826289));
#8735 = DIRECTION('',(-0.965925826289,0.,-0.258819045103));
#8736 = PCURVE('',#4366,#8737);
#8737 = DEFINITIONAL_REPRESENTATION('',(#8738),#8746);
#8738 = ( BOUNDED_CURVE() B_SPLINE_CURVE(2,(#8739,#8740,#8741,#8742,
#8743,#8744,#8745),.UNSPECIFIED.,.T.,.F.) B_SPLINE_CURVE_WITH_KNOTS((1,2
    ,2,2,2,1),(-2.094395102393,0.,2.094395102393,4.188790204786,
6.28318530718,8.377580409573),.UNSPECIFIED.) CURVE() 
GEOMETRIC_REPRESENTATION_ITEM() RATIONAL_B_SPLINE_CURVE((1.,0.5,1.,0.5,
1.,0.5,1.)) REPRESENTATION_ITEM('') );
#8739 = CARTESIAN_POINT('',(14.966629547096,40.305086527633));
#8740 = CARTESIAN_POINT('',(46.143544083335,40.305086527633));
#8741 = CARTESIAN_POINT('',(30.555086815216,2.121320343559));
#8742 = CARTESIAN_POINT('',(14.966629547096,-36.06244584051));
#8743 = CARTESIAN_POINT('',(-0.621827721024,2.121320343559));
#8744 = CARTESIAN_POINT('',(-16.21028498914,40.305086527633));
#8745 = CARTESIAN_POINT('',(14.966629547096,40.305086527633));
#8746 = ( GEOMETRIC_REPRESENTATION_CONTEXT(2) 
PARAMETRIC_REPRESENTATION_CONTEXT() REPRESENTATION_CONTEXT('2D SPACE',''
  ) );
#8747 = PCURVE('',#5057,#8748);
#8748 = DEFINITIONAL_REPRESENTATION('',(#8749),#8756);
#8749 = B_SPLINE_CURVE_WITH_KNOTS('',5,(#8750,#8751,#8752,#8753,#8754,
    #8755),.UNSPECIFIED.,.F.,.F.,(6,6),(4.054925424003,4.123358010168),
  .PIECEWISE_BEZIER_KNOTS.);
#8750 = CARTESIAN_POINT('',(0.913332770413,-28.55127018922));
#8751 = CARTESIAN_POINT('',(0.927019287646,-28.35626733525));
#8752 = CARTESIAN_POINT('',(0.940705804879,-28.15868882094));
#8753 = CARTESIAN_POINT('',(0.954392322112,-27.95861074626));
#8754 = CARTESIAN_POINT('',(0.968078839346,-27.75611122243));
#8755 = CARTESIAN_POINT('',(0.981765356579,-27.55127018922));
#8756 = ( GEOMETRIC_REPRESENTATION_CONTEXT(2) 
PARAMETRIC_REPRESENTATION_CONTEXT() REPRESENTATION_CONTEXT('2D SPACE',''
  ) );
#8757 = ORIENTED_EDGE('',*,*,#8703,.T.);
#8758 = ORIENTED_EDGE('',*,*,#4346,.T.);
#8759 = ORIENTED_EDGE('',*,*,#8760,.F.);
#8760 = EDGE_CURVE('',#8728,#4319,#8761,.T.);
#8761 = SURFACE_CURVE('',#8762,(#8766,#8773),.PCURVE_S1.);
#8762 = LINE('',#8763,#8764);
#8763 = CARTESIAN_POINT('',(47.076905283833,130.5333704529,
    -183.1251263902));
#8764 = VECTOR('',#8765,1.);
#8765 = DIRECTION('',(0.,-1.,0.));
#8766 = PCURVE('',#4366,#8767);
#8767 = DEFINITIONAL_REPRESENTATION('',(#8768),#8772);
#8768 = LINE('',#8769,#8770);
#8769 = CARTESIAN_POINT('',(0.,0.707106781187));
#8770 = VECTOR('',#8771,1.);
#8771 = DIRECTION('',(-1.,0.));
#8772 = ( GEOMETRIC_REPRESENTATION_CONTEXT(2) 
PARAMETRIC_REPRESENTATION_CONTEXT() REPRESENTATION_CONTEXT('2D SPACE',''
  ) );
#8773 = PCURVE('',#4334,#8774);
#8774 = DEFINITIONAL_REPRESENTATION('',(#8775),#8779);
#8775 = LINE('',#8776,#8777);
#8776 = CARTESIAN_POINT('',(-2.84217094304E-14,-1.));
#8777 = VECTOR('',#8778,1.);
#8778 = DIRECTION('',(1.,0.));
#8779 = ( GEOMETRIC_REPRESENTATION_CONTEXT(2) 
PARAMETRIC_REPRESENTATION_CONTEXT() REPRESENTATION_CONTEXT('2D SPACE',''
  ) );
#8780 = ADVANCED_FACE('',(#8781),#4334,.T.);
#8781 = FACE_BOUND('',#8782,.T.);
#8782 = EDGE_LOOP('',(#8783,#8784,#8785,#8806));
#8783 = ORIENTED_EDGE('',*,*,#4318,.F.);
#8784 = ORIENTED_EDGE('',*,*,#8760,.F.);
#8785 = ORIENTED_EDGE('',*,*,#8786,.T.);
#8786 = EDGE_CURVE('',#8728,#6671,#8787,.T.);
#8787 = SURFACE_CURVE('',#8788,(#8792,#8799),.PCURVE_S1.);
#8788 = LINE('',#8789,#8790);
#8789 = CARTESIAN_POINT('',(47.576905283833,130.5333704529,
    -182.2591009864));
#8790 = VECTOR('',#8791,1.);
#8791 = DIRECTION('',(-0.5,-0.,-0.866025403784));
#8792 = PCURVE('',#4334,#8793);
#8793 = DEFINITIONAL_REPRESENTATION('',(#8794),#8798);
#8794 = LINE('',#8795,#8796);
#8795 = CARTESIAN_POINT('',(0.,0.));
#8796 = VECTOR('',#8797,1.);
#8797 = DIRECTION('',(0.,-1.));
#8798 = ( GEOMETRIC_REPRESENTATION_CONTEXT(2) 
PARAMETRIC_REPRESENTATION_CONTEXT() REPRESENTATION_CONTEXT('2D SPACE',''
  ) );
#8799 = PCURVE('',#5057,#8800);
#8800 = DEFINITIONAL_REPRESENTATION('',(#8801),#8805);
#8801 = LINE('',#8802,#8803);
#8802 = CARTESIAN_POINT('',(0.981765356579,-28.55127018922));
#8803 = VECTOR('',#8804,1.);
#8804 = DIRECTION('',(0.,1.));
#8805 = ( GEOMETRIC_REPRESENTATION_CONTEXT(2) 
PARAMETRIC_REPRESENTATION_CONTEXT() REPRESENTATION_CONTEXT('2D SPACE',''
  ) );
#8806 = ORIENTED_EDGE('',*,*,#6670,.F.);
#8807 = ADVANCED_FACE('',(#8808),#4479,.T.);
#8808 = FACE_BOUND('',#8809,.F.);
#8809 = EDGE_LOOP('',(#8810,#8811,#8812,#8813));
#8810 = ORIENTED_EDGE('',*,*,#4676,.T.);
#8811 = ORIENTED_EDGE('',*,*,#8492,.T.);
#8812 = ORIENTED_EDGE('',*,*,#4463,.F.);
#8813 = ORIENTED_EDGE('',*,*,#8814,.T.);
#8814 = EDGE_CURVE('',#4464,#4622,#8815,.T.);
#8815 = SURFACE_CURVE('',#8816,(#8820,#8827),.PCURVE_S1.);
#8816 = LINE('',#8817,#8818);
#8817 = CARTESIAN_POINT('',(39.274530770987,27.621617260073,
    -78.77453077098));
#8818 = VECTOR('',#8819,1.);
#8819 = DIRECTION('',(-0.67477529014,-0.298925769438,0.67477529014));
#8820 = PCURVE('',#4479,#8821);
#8821 = DEFINITIONAL_REPRESENTATION('',(#8822),#8826);
#8822 = LINE('',#8823,#8824);
#8823 = CARTESIAN_POINT('',(-1.121617260073,-0.318861641568));
#8824 = VECTOR('',#8825,1.);
#8825 = DIRECTION('',(0.298925769438,-0.95427636687));
#8826 = ( GEOMETRIC_REPRESENTATION_CONTEXT(2) 
PARAMETRIC_REPRESENTATION_CONTEXT() REPRESENTATION_CONTEXT('2D SPACE',''
  ) );
#8827 = PCURVE('',#4658,#8828);
#8828 = DEFINITIONAL_REPRESENTATION('',(#8829),#8833);
#8829 = LINE('',#8830,#8831);
#8830 = CARTESIAN_POINT('',(3.099817363259E-02,1.051686318599));
#8831 = VECTOR('',#8832,1.);
#8832 = DIRECTION('',(1.,6.383782391595E-15));
#8833 = ( GEOMETRIC_REPRESENTATION_CONTEXT(2) 
PARAMETRIC_REPRESENTATION_CONTEXT() REPRESENTATION_CONTEXT('2D SPACE',''
  ) );
#8834 = ADVANCED_FACE('',(#8835),#4507,.T.);
#8835 = FACE_BOUND('',#8836,.T.);
#8836 = EDGE_LOOP('',(#8837,#8858,#8859,#8860));
#8837 = ORIENTED_EDGE('',*,*,#8838,.F.);
#8838 = EDGE_CURVE('',#4574,#4464,#8839,.T.);
#8839 = SURFACE_CURVE('',#8840,(#8844,#8851),.PCURVE_S1.);
#8840 = LINE('',#8841,#8842);
#8841 = CARTESIAN_POINT('',(39.12680698469,26.989581074981,
    -79.44440308257));
#8842 = VECTOR('',#8843,1.);
#8843 = DIRECTION('',(0.67477529014,0.736771637405,-4.296349767927E-02)
  );
#8844 = PCURVE('',#4507,#8845);
#8845 = DEFINITIONAL_REPRESENTATION('',(#8846),#8850);
#8846 = LINE('',#8847,#8848);
#8847 = CARTESIAN_POINT('',(1.056175553584,-0.527774623634));
#8848 = VECTOR('',#8849,1.);
#8849 = DIRECTION('',(0.298925769438,0.95427636687));
#8850 = ( GEOMETRIC_REPRESENTATION_CONTEXT(2) 
PARAMETRIC_REPRESENTATION_CONTEXT() REPRESENTATION_CONTEXT('2D SPACE',''
  ) );
#8851 = PCURVE('',#4658,#8852);
#8852 = DEFINITIONAL_REPRESENTATION('',(#8853),#8857);
#8853 = LINE('',#8854,#8855);
#8854 = CARTESIAN_POINT('',(-0.132402846075,0.133361170901));
#8855 = VECTOR('',#8856,1.);
#8856 = DIRECTION('',(-0.704552427406,0.709651940768));
#8857 = ( GEOMETRIC_REPRESENTATION_CONTEXT(2) 
PARAMETRIC_REPRESENTATION_CONTEXT() REPRESENTATION_CONTEXT('2D SPACE',''
  ) );
#8858 = ORIENTED_EDGE('',*,*,#4573,.T.);
#8859 = ORIENTED_EDGE('',*,*,#4544,.F.);
#8860 = ORIENTED_EDGE('',*,*,#4491,.F.);
#8861 = ADVANCED_FACE('',(#8862),#4658,.F.);
#8862 = FACE_BOUND('',#8863,.F.);
#8863 = EDGE_LOOP('',(#8864,#8865,#8866));
#8864 = ORIENTED_EDGE('',*,*,#8838,.F.);
#8865 = ORIENTED_EDGE('',*,*,#4644,.T.);
#8866 = ORIENTED_EDGE('',*,*,#8814,.F.);
#8867 = ADVANCED_FACE('',(#8868),#4740,.T.);
#8868 = FACE_BOUND('',#8869,.T.);
#8869 = EDGE_LOOP('',(#8870,#8891,#8892,#8893,#8894,#8895));
#8870 = ORIENTED_EDGE('',*,*,#8871,.T.);
#8871 = EDGE_CURVE('',#7117,#7761,#8872,.T.);
#8872 = SURFACE_CURVE('',#8873,(#8877,#8884),.PCURVE_S1.);
#8873 = LINE('',#8874,#8875);
#8874 = CARTESIAN_POINT('',(10.,56.5,-103.961524227));
#8875 = VECTOR('',#8876,1.);
#8876 = DIRECTION('',(0.5,0.,0.866025403784));
#8877 = PCURVE('',#4740,#8878);
#8878 = DEFINITIONAL_REPRESENTATION('',(#8879),#8883);
#8879 = LINE('',#8880,#8881);
#8880 = CARTESIAN_POINT('',(29.537145209653,24.410751215792));
#8881 = VECTOR('',#8882,1.);
#8882 = DIRECTION('',(-1.,0.));
#8883 = ( GEOMETRIC_REPRESENTATION_CONTEXT(2) 
PARAMETRIC_REPRESENTATION_CONTEXT() REPRESENTATION_CONTEXT('2D SPACE',''
  ) );
#8884 = PCURVE('',#7132,#8885);
#8885 = DEFINITIONAL_REPRESENTATION('',(#8886),#8890);
#8886 = LINE('',#8887,#8888);
#8887 = CARTESIAN_POINT('',(23.431435416868,31.320796666676));
#8888 = VECTOR('',#8889,1.);
#8889 = DIRECTION('',(-0.5,-0.866025403784));
#8890 = ( GEOMETRIC_REPRESENTATION_CONTEXT(2) 
PARAMETRIC_REPRESENTATION_CONTEXT() REPRESENTATION_CONTEXT('2D SPACE',''
  ) );
#8891 = ORIENTED_EDGE('',*,*,#7783,.F.);
#8892 = ORIENTED_EDGE('',*,*,#7808,.T.);
#8893 = ORIENTED_EDGE('',*,*,#4776,.T.);
#8894 = ORIENTED_EDGE('',*,*,#4724,.F.);
#8895 = ORIENTED_EDGE('',*,*,#7144,.F.);
#8896 = ADVANCED_FACE('',(#8897),#5029,.T.);
#8897 = FACE_BOUND('',#8898,.T.);
#8898 = EDGE_LOOP('',(#8899,#8900,#8901,#8922));
#8899 = ORIENTED_EDGE('',*,*,#8199,.T.);
#8900 = ORIENTED_EDGE('',*,*,#8001,.T.);
#8901 = ORIENTED_EDGE('',*,*,#8902,.T.);
#8902 = EDGE_CURVE('',#7974,#5014,#8903,.T.);
#8903 = SURFACE_CURVE('',#8904,(#8908,#8915),.PCURVE_S1.);
#8904 = LINE('',#8905,#8906);
#8905 = CARTESIAN_POINT('',(46.166651245989,163.,-164.7017326315));
#8906 = VECTOR('',#8907,1.);
#8907 = DIRECTION('',(-0.353553390593,0.707106781187,-0.612372435696));
#8908 = PCURVE('',#5029,#8909);
#8909 = DEFINITIONAL_REPRESENTATION('',(#8910),#8914);
#8910 = LINE('',#8911,#8912);
#8911 = CARTESIAN_POINT('',(7.409310648335,1.06581410364E-14));
#8912 = VECTOR('',#8913,1.);
#8913 = DIRECTION('',(0.,1.));
#8914 = ( GEOMETRIC_REPRESENTATION_CONTEXT(2) 
PARAMETRIC_REPRESENTATION_CONTEXT() REPRESENTATION_CONTEXT('2D SPACE',''
  ) );
#8915 = PCURVE('',#7905,#8916);
#8916 = DEFINITIONAL_REPRESENTATION('',(#8917),#8921);
#8917 = LINE('',#8918,#8919);
#8918 = CARTESIAN_POINT('',(0.,-0.5));
#8919 = VECTOR('',#8920,1.);
#8920 = DIRECTION('',(0.,1.));
#8921 = ( GEOMETRIC_REPRESENTATION_CONTEXT(2) 
PARAMETRIC_REPRESENTATION_CONTEXT() REPRESENTATION_CONTEXT('2D SPACE',''
  ) );
#8922 = ORIENTED_EDGE('',*,*,#5013,.F.);
#8923 = ADVANCED_FACE('',(#8924),#5057,.T.);
#8924 = FACE_BOUND('',#8925,.T.);
#8925 = EDGE_LOOP('',(#8926,#8927,#8928,#8929,#8984,#8985,#9007,#9008,
    #9009,#9010));
#8926 = ORIENTED_EDGE('',*,*,#8679,.T.);
#8927 = ORIENTED_EDGE('',*,*,#8622,.F.);
#8928 = ORIENTED_EDGE('',*,*,#8519,.T.);
#8929 = ORIENTED_EDGE('',*,*,#8930,.T.);
#8930 = EDGE_CURVE('',#8522,#5042,#8931,.T.);
#8931 = SURFACE_CURVE('',#8932,(#8957,#8977),.PCURVE_S1.);
#8932 = B_SPLINE_CURVE_WITH_KNOTS('',12,(#8933,#8934,#8935,#8936,#8937,
    #8938,#8939,#8940,#8941,#8942,#8943,#8944,#8945,#8946,#8947,#8948,
    #8949,#8950,#8951,#8952,#8953,#8954,#8955,#8956),.UNSPECIFIED.,.F.,
  .F.,(13,11,13),(-1.101759655555,0.,44.058453782547),.UNSPECIFIED.);
#8933 = CARTESIAN_POINT('',(30.929868577787,132.06465302472,
    -215.0501978454));
#8934 = CARTESIAN_POINT('',(31.0049295913,132.1233119578,-215.0517714301
    ));
#8935 = CARTESIAN_POINT('',(31.079670039482,132.18235983315,
    -215.0533576748));
#8936 = CARTESIAN_POINT('',(31.154086108251,132.24179515625,
    -215.0549567621));
#8937 = CARTESIAN_POINT('',(31.228173974778,132.30161632054,
    -215.0565687876));
#8938 = CARTESIAN_POINT('',(31.301929807762,132.3618216092,
    -215.0581937606));
#8939 = CARTESIAN_POINT('',(31.375349767003,132.42240919244,
    -215.0598316025));
#8940 = CARTESIAN_POINT('',(31.448430003923,132.48337713081,
    -215.0614821489));
#8941 = CARTESIAN_POINT('',(31.521166661063,132.54472337193,
    -215.0631451478));
#8942 = CARTESIAN_POINT('',(31.593555872465,132.60644575308,
    -215.0648202606));
#8943 = CARTESIAN_POINT('',(31.665593763448,132.66854199959,
    -215.0665070618));
#8944 = CARTESIAN_POINT('',(31.737276450706,132.7310097256,
    -215.068205039));
#8945 = CARTESIAN_POINT('',(34.660771245903,135.3066342188,
    -215.1382372486));
#8946 = CARTESIAN_POINT('',(36.938000371366,138.40985332722,
    -215.2232043425));
#8947 = CARTESIAN_POINT('',(38.455156318224,141.98301820822,
    -215.2837203894));
#8948 = CARTESIAN_POINT('',(39.022633366676,145.85495369699,
    -215.2692549246));
#8949 = CARTESIAN_POINT('',(38.70043629184,149.67544209259,
    -215.1836510778));
#8950 = CARTESIAN_POINT('',(37.286866464785,153.51188967876,
    -215.0730583425));
#8951 = CARTESIAN_POINT('',(35.003029792037,156.57303895418,
    -215.0037143043));
#8952 = CARTESIAN_POINT('',(32.1978750475,159.2820531865,-215.0062826515
    ));
#8953 = CARTESIAN_POINT('',(28.812516796266,161.34464286523,
    -214.9986339379));
#8954 = CARTESIAN_POINT('',(25.077379847333,162.77535743055,
    -215.0001965147));
#8955 = CARTESIAN_POINT('',(21.120708824735,163.49999999999,
    -214.9999999999));
#8956 = CARTESIAN_POINT('',(17.126933041054,163.5,-215.));
#8957 = PCURVE('',#5057,#8958);
#8958 = DEFINITIONAL_REPRESENTATION('',(#8959),#8976);
#8959 = B_SPLINE_CURVE_WITH_KNOTS('',8,(#8960,#8961,#8962,#8963,#8964,
    #8965,#8966,#8967,#8968,#8969,#8970,#8971,#8972,#8973,#8974,#8975),
  .UNSPECIFIED.,.F.,.F.,(9,7,9),(0.370422722012,22.214438252279,
    44.058453782547),.UNSPECIFIED.);
#8960 = CARTESIAN_POINT('',(0.763786496398,7.611386899943));
#8961 = CARTESIAN_POINT('',(0.616941854236,6.615754402802));
#8962 = CARTESIAN_POINT('',(0.467849910494,5.797593126099));
#8963 = CARTESIAN_POINT('',(0.31740840797,5.185467858414));
#8964 = CARTESIAN_POINT('',(0.166792178094,4.795530348997));
#8965 = CARTESIAN_POINT('',(1.611641365231E-02,4.642663358779));
#8966 = CARTESIAN_POINT('',(-0.133676821537,4.749732330676));
#8967 = CARTESIAN_POINT('',(-0.281905571682,5.106629545293));
#8968 = CARTESIAN_POINT('',(-0.574934165044,6.280250018926));
#8969 = CARTESIAN_POINT('',(-0.719726640238,7.096751103031));
#8970 = CARTESIAN_POINT('',(-0.862677695702,8.122578572602));
#8971 = CARTESIAN_POINT('',(-1.003960871704,9.320249490298));
#8972 = CARTESIAN_POINT('',(-1.144916147667,10.648560029315));
#8973 = CARTESIAN_POINT('',(-1.286042901539,12.068896121469));
#8974 = CARTESIAN_POINT('',(-1.427894990515,13.543091971214));
#8975 = CARTESIAN_POINT('',(-1.570796326795,15.028166220648));
#8976 = ( GEOMETRIC_REPRESENTATION_CONTEXT(2) 
PARAMETRIC_REPRESENTATION_CONTEXT() REPRESENTATION_CONTEXT('2D SPACE',''
  ) );
#8977 = PCURVE('',#5235,#8978);
#8978 = DEFINITIONAL_REPRESENTATION('',(#8979),#8983);
#8979 = LINE('',#8980,#8981);
#8980 = CARTESIAN_POINT('',(45.160213438102,0.));
#8981 = VECTOR('',#8982,1.);
#8982 = DIRECTION('',(0.,1.));
#8983 = ( GEOMETRIC_REPRESENTATION_CONTEXT(2) 
PARAMETRIC_REPRESENTATION_CONTEXT() REPRESENTATION_CONTEXT('2D SPACE',''
  ) );
#8984 = ORIENTED_EDGE('',*,*,#5041,.T.);
#8985 = ORIENTED_EDGE('',*,*,#8986,.T.);
#8986 = EDGE_CURVE('',#5014,#6755,#8987,.T.);
#8987 = SURFACE_CURVE('',#8988,(#8993,#9000),.PCURVE_S1.);
#8988 = CIRCLE('',#8989,18.);
#8989 = AXIS2_PLACEMENT_3D('',#8990,#8991,#8992);
#8990 = CARTESIAN_POINT('',(45.916651245989,145.5,-165.1347453334));
#8991 = DIRECTION('',(-0.5,-1.972152263053E-31,-0.866025403784));
#8992 = DIRECTION('',(1.867957959203E-15,1.,-1.078466030581E-15));
#8993 = PCURVE('',#5057,#8994);
#8994 = DEFINITIONAL_REPRESENTATION('',(#8995),#8999);
#8995 = LINE('',#8996,#8997);
#8996 = CARTESIAN_POINT('',(-1.570796326795,-42.55127018922));
#8997 = VECTOR('',#8998,1.);
#8998 = DIRECTION('',(1.,0.));
#8999 = ( GEOMETRIC_REPRESENTATION_CONTEXT(2) 
PARAMETRIC_REPRESENTATION_CONTEXT() REPRESENTATION_CONTEXT('2D SPACE',''
  ) );
#9000 = PCURVE('',#7905,#9001);
#9001 = DEFINITIONAL_REPRESENTATION('',(#9002),#9006);
#9002 = LINE('',#9003,#9004);
#9003 = CARTESIAN_POINT('',(0.,0.));
#9004 = VECTOR('',#9005,1.);
#9005 = DIRECTION('',(1.,0.));
#9006 = ( GEOMETRIC_REPRESENTATION_CONTEXT(2) 
PARAMETRIC_REPRESENTATION_CONTEXT() REPRESENTATION_CONTEXT('2D SPACE',''
  ) );
#9007 = ORIENTED_EDGE('',*,*,#6754,.T.);
#9008 = ORIENTED_EDGE('',*,*,#6693,.T.);
#9009 = ORIENTED_EDGE('',*,*,#8786,.F.);
#9010 = ORIENTED_EDGE('',*,*,#8727,.F.);
#9011 = ADVANCED_FACE('',(#9012),#5235,.F.);
#9012 = FACE_BOUND('',#9013,.F.);
#9013 = EDGE_LOOP('',(#9014,#9050,#9051,#9052,#9053));
#9014 = ORIENTED_EDGE('',*,*,#9015,.T.);
#9015 = EDGE_CURVE('',#5320,#8568,#9016,.T.);
#9016 = SURFACE_CURVE('',#9017,(#9026,#9038),.PCURVE_S1.);
#9017 = B_SPLINE_CURVE_WITH_KNOTS('',4,(#9018,#9019,#9020,#9021,#9022,
    #9023,#9024,#9025),.UNSPECIFIED.,.F.,.F.,(5,3,5),(0.,0.497439226125,
    1.),.UNSPECIFIED.);
#9018 = CARTESIAN_POINT('',(30.560689770793,133.49575288787,-216.));
#9019 = CARTESIAN_POINT('',(30.750336625637,133.4569779644,
    -215.8905073373));
#9020 = CARTESIAN_POINT('',(30.938852414917,133.41592191693,
    -215.7816676956));
#9021 = CARTESIAN_POINT('',(31.126313450689,133.37279360757,
    -215.6734370161));
#9022 = CARTESIAN_POINT('',(31.501194402631,133.28227122419,
    -215.4569993976));
#9023 = CARTESIAN_POINT('',(31.688594037856,133.23483858356,
    -215.3488041677));
#9024 = CARTESIAN_POINT('',(31.875069423007,133.18564463604,
    -215.2411425539));
#9025 = CARTESIAN_POINT('',(32.060689770792,133.13483773617,
    -215.1339745962));
#9026 = PCURVE('',#5235,#9027);
#9027 = DEFINITIONAL_REPRESENTATION('',(#9028),#9037);
#9028 = B_SPLINE_CURVE_WITH_KNOTS('',4,(#9029,#9030,#9031,#9032,#9033,
    #9034,#9035,#9036),.UNSPECIFIED.,.F.,.F.,(5,3,5),(0.,0.497439226125,
    1.),.UNSPECIFIED.);
#9029 = CARTESIAN_POINT('',(0.,-0.424410754621));
#9030 = CARTESIAN_POINT('',(5.272255678708,-0.30784670415));
#9031 = CARTESIAN_POINT('',(10.544655657953,-0.196115457133));
#9032 = CARTESIAN_POINT('',(15.817182215541,-8.889777400245E-02));
#9033 = CARTESIAN_POINT('',(26.416745366233,0.118213887481));
#9034 = CARTESIAN_POINT('',(31.743784235193,0.218021451135));
#9035 = CARTESIAN_POINT('',(37.070922266908,0.31388159402));
#9036 = CARTESIAN_POINT('',(42.398147994238,0.406082541485));
#9037 = ( GEOMETRIC_REPRESENTATION_CONTEXT(2) 
PARAMETRIC_REPRESENTATION_CONTEXT() REPRESENTATION_CONTEXT('2D SPACE',''
  ) );
#9038 = PCURVE('',#5400,#9039);
#9039 = DEFINITIONAL_REPRESENTATION('',(#9040),#9049);
#9040 = B_SPLINE_CURVE_WITH_KNOTS('',4,(#9041,#9042,#9043,#9044,#9045,
    #9046,#9047,#9048),.UNSPECIFIED.,.F.,.F.,(5,3,5),(0.,0.497439226125,
    1.),.UNSPECIFIED.);
#9041 = CARTESIAN_POINT('',(0.445652485868,-0.866025403784));
#9042 = CARTESIAN_POINT('',(0.406877562393,-0.647040078394));
#9043 = CARTESIAN_POINT('',(0.365821514928,-0.429360795018));
#9044 = CARTESIAN_POINT('',(0.322693205565,-0.212899436088));
#9045 = CARTESIAN_POINT('',(0.232170822189,0.219975800948));
#9046 = CARTESIAN_POINT('',(0.18473818156,0.436366260634));
#9047 = CARTESIAN_POINT('',(0.135544234038,0.651689488263));
#9048 = CARTESIAN_POINT('',(8.473733416238E-02,0.866025403784));
#9049 = ( GEOMETRIC_REPRESENTATION_CONTEXT(2) 
PARAMETRIC_REPRESENTATION_CONTEXT() REPRESENTATION_CONTEXT('2D SPACE',''
  ) );
#9050 = ORIENTED_EDGE('',*,*,#8590,.T.);
#9051 = ORIENTED_EDGE('',*,*,#8930,.T.);
#9052 = ORIENTED_EDGE('',*,*,#5221,.F.);
#9053 = ORIENTED_EDGE('',*,*,#5319,.F.);
#9054 = ADVANCED_FACE('',(#9055),#5400,.T.);
#9055 = FACE_BOUND('',#9056,.F.);
#9056 = EDGE_LOOP('',(#9057,#9058,#9059,#9060));
#9057 = ORIENTED_EDGE('',*,*,#9015,.F.);
#9058 = ORIENTED_EDGE('',*,*,#5384,.T.);
#9059 = ORIENTED_EDGE('',*,*,#5494,.T.);
#9060 = ORIENTED_EDGE('',*,*,#8567,.F.);
#9061 = ADVANCED_FACE('',(#9062),#6056,.F.);
#9062 = FACE_BOUND('',#9063,.F.);
#9063 = EDGE_LOOP('',(#9064,#9087,#9118,#9119));
#9064 = ORIENTED_EDGE('',*,*,#9065,.F.);
#9065 = EDGE_CURVE('',#9066,#6040,#9068,.T.);
#9066 = VERTEX_POINT('',#9067);
#9067 = CARTESIAN_POINT('',(16.,131.,-70.69134295109));
#9068 = SEAM_CURVE('',#9069,(#9073,#9080),.PCURVE_S1.);
#9069 = LINE('',#9070,#9071);
#9070 = CARTESIAN_POINT('',(16.,131.,-70.69134295109));
#9071 = VECTOR('',#9072,1.);
#9072 = DIRECTION('',(1.,0.,0.));
#9073 = PCURVE('',#6056,#9074);
#9074 = DEFINITIONAL_REPRESENTATION('',(#9075),#9079);
#9075 = LINE('',#9076,#9077);
#9076 = CARTESIAN_POINT('',(6.28318530718,0.));
#9077 = VECTOR('',#9078,1.);
#9078 = DIRECTION('',(0.,-1.));
#9079 = ( GEOMETRIC_REPRESENTATION_CONTEXT(2) 
PARAMETRIC_REPRESENTATION_CONTEXT() REPRESENTATION_CONTEXT('2D SPACE',''
  ) );
#9080 = PCURVE('',#6056,#9081);
#9081 = DEFINITIONAL_REPRESENTATION('',(#9082),#9086);
#9082 = LINE('',#9083,#9084);
#9083 = CARTESIAN_POINT('',(0.,0.));
#9084 = VECTOR('',#9085,1.);
#9085 = DIRECTION('',(0.,-1.));
#9086 = ( GEOMETRIC_REPRESENTATION_CONTEXT(2) 
PARAMETRIC_REPRESENTATION_CONTEXT() REPRESENTATION_CONTEXT('2D SPACE',''
  ) );
#9087 = ORIENTED_EDGE('',*,*,#9088,.F.);
#9088 = EDGE_CURVE('',#9066,#9066,#9089,.T.);
#9089 = SURFACE_CURVE('',#9090,(#9095,#9102),.PCURVE_S1.);
#9090 = CIRCLE('',#9091,5.5);
#9091 = AXIS2_PLACEMENT_3D('',#9092,#9093,#9094);
#9092 = CARTESIAN_POINT('',(16.,136.5,-70.69134295109));
#9093 = DIRECTION('',(-1.,0.,0.));
#9094 = DIRECTION('',(0.,-1.,0.));
#9095 = PCURVE('',#6056,#9096);
#9096 = DEFINITIONAL_REPRESENTATION('',(#9097),#9101);
#9097 = LINE('',#9098,#9099);
#9098 = CARTESIAN_POINT('',(0.,0.));
#9099 = VECTOR('',#9100,1.);
#9100 = DIRECTION('',(1.,0.));
#9101 = ( GEOMETRIC_REPRESENTATION_CONTEXT(2) 
PARAMETRIC_REPRESENTATION_CONTEXT() REPRESENTATION_CONTEXT('2D SPACE',''
  ) );
#9102 = PCURVE('',#9103,#9108);
#9103 = PLANE('',#9104);
#9104 = AXIS2_PLACEMENT_3D('',#9105,#9106,#9107);
#9105 = CARTESIAN_POINT('',(16.,136.5,-70.69134295109));
#9106 = DIRECTION('',(1.,0.,0.));
#9107 = DIRECTION('',(0.,0.,1.));
#9108 = DEFINITIONAL_REPRESENTATION('',(#9109),#9117);
#9109 = ( BOUNDED_CURVE() B_SPLINE_CURVE(2,(#9110,#9111,#9112,#9113,
#9114,#9115,#9116),.UNSPECIFIED.,.T.,.F.) B_SPLINE_CURVE_WITH_KNOTS((1,2
    ,2,2,2,1),(-2.094395102393,0.,2.094395102393,4.188790204786,
6.28318530718,8.377580409573),.UNSPECIFIED.) CURVE() 
GEOMETRIC_REPRESENTATION_ITEM() RATIONAL_B_SPLINE_CURVE((1.,0.5,1.,0.5,
1.,0.5,1.)) REPRESENTATION_ITEM('') );
#9110 = CARTESIAN_POINT('',(0.,5.5));
#9111 = CARTESIAN_POINT('',(9.526279441629,5.5));
#9112 = CARTESIAN_POINT('',(4.763139720814,-2.75));
#9113 = CARTESIAN_POINT('',(1.347111479062E-15,-11.));
#9114 = CARTESIAN_POINT('',(-4.763139720814,-2.75));
#9115 = CARTESIAN_POINT('',(-9.526279441629,5.5));
#9116 = CARTESIAN_POINT('',(0.,5.5));
#9117 = ( GEOMETRIC_REPRESENTATION_CONTEXT(2) 
PARAMETRIC_REPRESENTATION_CONTEXT() REPRESENTATION_CONTEXT('2D SPACE',''
  ) );
#9118 = ORIENTED_EDGE('',*,*,#9065,.T.);
#9119 = ORIENTED_EDGE('',*,*,#6039,.F.);
#9120 = ADVANCED_FACE('',(#9121),#6920,.F.);
#9121 = FACE_BOUND('',#9122,.F.);
#9122 = EDGE_LOOP('',(#9123,#9145,#9193,#9213));
#9123 = ORIENTED_EDGE('',*,*,#9124,.T.);
#9124 = EDGE_CURVE('',#6859,#9125,#9127,.T.);
#9125 = VERTEX_POINT('',#9126);
#9126 = CARTESIAN_POINT('',(13.,84.5,-151.7063879557));
#9127 = SURFACE_CURVE('',#9128,(#9132,#9138),.PCURVE_S1.);
#9128 = LINE('',#9129,#9130);
#9129 = CARTESIAN_POINT('',(11.3,84.5,-153.4063879557));
#9130 = VECTOR('',#9131,1.);
#9131 = DIRECTION('',(0.707106781187,-4.E-17,0.707106781187));
#9132 = PCURVE('',#6920,#9133);
#9133 = DEFINITIONAL_REPRESENTATION('',(#9134),#9137);
#9134 = B_SPLINE_CURVE_WITH_KNOTS('',1,(#9135,#9136),.UNSPECIFIED.,.F.,
  .F.,(2,2),(0.,2.404163056034),.PIECEWISE_BEZIER_KNOTS.);
#9135 = CARTESIAN_POINT('',(0.,15.707963267949));
#9136 = CARTESIAN_POINT('',(11.780972450962,15.707963267949));
#9137 = ( GEOMETRIC_REPRESENTATION_CONTEXT(2) 
PARAMETRIC_REPRESENTATION_CONTEXT() REPRESENTATION_CONTEXT('2D SPACE',''
  ) );
#9138 = PCURVE('',#6875,#9139);
#9139 = DEFINITIONAL_REPRESENTATION('',(#9140),#9144);
#9140 = LINE('',#9141,#9142);
#9141 = CARTESIAN_POINT('',(-1.570796326795,0.));
#9142 = VECTOR('',#9143,1.);
#9143 = DIRECTION('',(-0.,1.));
#9144 = ( GEOMETRIC_REPRESENTATION_CONTEXT(2) 
PARAMETRIC_REPRESENTATION_CONTEXT() REPRESENTATION_CONTEXT('2D SPACE',''
  ) );
#9145 = ORIENTED_EDGE('',*,*,#9146,.T.);
#9146 = EDGE_CURVE('',#9125,#9147,#9149,.T.);
#9147 = VERTEX_POINT('',#9148);
#9148 = CARTESIAN_POINT('',(13.,80.3,-155.9063879557));
#9149 = SURFACE_CURVE('',#9150,(#9164,#9171),.PCURVE_S1.);
#9150 = B_SPLINE_CURVE_WITH_KNOTS('',12,(#9151,#9152,#9153,#9154,#9155,
    #9156,#9157,#9158,#9159,#9160,#9161,#9162,#9163),.UNSPECIFIED.,.F.,
  .F.,(13,13),(15.707963267949,27.488935718911),
  .PIECEWISE_BEZIER_KNOTS.);
#9151 = CARTESIAN_POINT('',(13.,84.5,-151.7063879557));
#9152 = CARTESIAN_POINT('',(13.000000000001,86.144540625565,
    -151.7063879557));
#9153 = CARTESIAN_POINT('',(12.999999999996,87.797802558118,
    -152.4090025386));
#9154 = CARTESIAN_POINT('',(13.000000000009,89.120124603582,
    -153.8251303043));
#9155 = CARTESIAN_POINT('',(12.999999999984,89.763104793882,
    -155.78128488));
#9156 = CARTESIAN_POINT('',(13.00000000002,89.51424922333,
    -157.8854274606));
#9157 = CARTESIAN_POINT('',(12.999999999981,88.365789891754,
    -159.7721778474));
#9158 = CARTESIAN_POINT('',(13.000000000015,86.479039504823,
    -160.920637179));
#9159 = CARTESIAN_POINT('',(12.999999999991,84.374896924459,
    -161.1694927496));
#9160 = CARTESIAN_POINT('',(13.000000000004,82.418742348588,
    -160.5265125592));
#9161 = CARTESIAN_POINT('',(12.999999999999,81.00261458293,
    -159.2041905138));
#9162 = CARTESIAN_POINT('',(13.,80.300000000001,-157.5509285812));
#9163 = CARTESIAN_POINT('',(13.,80.3,-155.9063879557));
#9164 = PCURVE('',#6920,#9165);
#9165 = DEFINITIONAL_REPRESENTATION('',(#9166),#9170);
#9166 = LINE('',#9167,#9168);
#9167 = CARTESIAN_POINT('',(11.780972450962,0.));
#9168 = VECTOR('',#9169,1.);
#9169 = DIRECTION('',(0.,1.));
#9170 = ( GEOMETRIC_REPRESENTATION_CONTEXT(2) 
PARAMETRIC_REPRESENTATION_CONTEXT() REPRESENTATION_CONTEXT('2D SPACE',''
  ) );
#9171 = PCURVE('',#9172,#9177);
#9172 = PLANE('',#9173);
#9173 = AXIS2_PLACEMENT_3D('',#9174,#9175,#9176);
#9174 = CARTESIAN_POINT('',(13.,84.5,-202.1644336909));
#9175 = DIRECTION('',(1.,0.,0.));
#9176 = DIRECTION('',(0.,0.,1.));
#9177 = DEFINITIONAL_REPRESENTATION('',(#9178),#9192);
#9178 = B_SPLINE_CURVE_WITH_KNOTS('',12,(#9179,#9180,#9181,#9182,#9183,
    #9184,#9185,#9186,#9187,#9188,#9189,#9190,#9191),.UNSPECIFIED.,.F.,
  .F.,(13,13),(15.707963267949,27.488935718911),
  .PIECEWISE_BEZIER_KNOTS.);
#9179 = CARTESIAN_POINT('',(50.458045735221,0.));
#9180 = CARTESIAN_POINT('',(50.458045735213,-1.644540625565));
#9181 = CARTESIAN_POINT('',(49.755431152319,-3.297802558118));
#9182 = CARTESIAN_POINT('',(48.339303386564,-4.620124603582));
#9183 = CARTESIAN_POINT('',(46.383148810868,-5.263104793882));
#9184 = CARTESIAN_POINT('',(44.279006230285,-5.01424922333));
#9185 = CARTESIAN_POINT('',(42.392255843544,-3.865789891754));
#9186 = CARTESIAN_POINT('',(41.243796511866,-1.979039504823));
#9187 = CARTESIAN_POINT('',(40.994940941327,0.125103075541));
#9188 = CARTESIAN_POINT('',(41.637921131659,2.081257651412));
#9189 = CARTESIAN_POINT('',(42.960243177091,3.49738541707));
#9190 = CARTESIAN_POINT('',(44.613505109659,4.199999999999));
#9191 = CARTESIAN_POINT('',(46.258045735221,4.2));
#9192 = ( GEOMETRIC_REPRESENTATION_CONTEXT(2) 
PARAMETRIC_REPRESENTATION_CONTEXT() REPRESENTATION_CONTEXT('2D SPACE',''
  ) );
#9193 = ORIENTED_EDGE('',*,*,#9194,.F.);
#9194 = EDGE_CURVE('',#6836,#9147,#9195,.T.);
#9195 = SURFACE_CURVE('',#9196,(#9200,#9206),.PCURVE_S1.);
#9196 = LINE('',#9197,#9198);
#9197 = CARTESIAN_POINT('',(11.3,82.,-155.9063879557));
#9198 = VECTOR('',#9199,1.);
#9199 = DIRECTION('',(0.707106781187,-0.707106781187,0.));
#9200 = PCURVE('',#6920,#9201);
#9201 = DEFINITIONAL_REPRESENTATION('',(#9202),#9205);
#9202 = B_SPLINE_CURVE_WITH_KNOTS('',1,(#9203,#9204),.UNSPECIFIED.,.F.,
  .F.,(2,2),(0.,2.404163056034),.PIECEWISE_BEZIER_KNOTS.);
#9203 = CARTESIAN_POINT('',(0.,27.488935718911));
#9204 = CARTESIAN_POINT('',(11.780972450962,27.488935718911));
#9205 = ( GEOMETRIC_REPRESENTATION_CONTEXT(2) 
PARAMETRIC_REPRESENTATION_CONTEXT() REPRESENTATION_CONTEXT('2D SPACE',''
  ) );
#9206 = PCURVE('',#6875,#9207);
#9207 = DEFINITIONAL_REPRESENTATION('',(#9208),#9212);
#9208 = LINE('',#9209,#9210);
#9209 = CARTESIAN_POINT('',(-0.,0.));
#9210 = VECTOR('',#9211,1.);
#9211 = DIRECTION('',(-0.,1.));
#9212 = ( GEOMETRIC_REPRESENTATION_CONTEXT(2) 
PARAMETRIC_REPRESENTATION_CONTEXT() REPRESENTATION_CONTEXT('2D SPACE',''
  ) );
#9213 = ORIENTED_EDGE('',*,*,#6887,.F.);
#9214 = ADVANCED_FACE('',(#9215),#6875,.F.);
#9215 = FACE_BOUND('',#9216,.T.);
#9216 = EDGE_LOOP('',(#9217,#9218,#9219,#9220));
#9217 = ORIENTED_EDGE('',*,*,#9194,.F.);
#9218 = ORIENTED_EDGE('',*,*,#6858,.T.);
#9219 = ORIENTED_EDGE('',*,*,#9124,.T.);
#9220 = ORIENTED_EDGE('',*,*,#9221,.F.);
#9221 = EDGE_CURVE('',#9147,#9125,#9222,.T.);
#9222 = SURFACE_CURVE('',#9223,(#9228,#9235),.PCURVE_S1.);
#9223 = CIRCLE('',#9224,4.2);
#9224 = AXIS2_PLACEMENT_3D('',#9225,#9226,#9227);
#9225 = CARTESIAN_POINT('',(13.,84.5,-155.9063879557));
#9226 = DIRECTION('',(-1.,0.,0.));
#9227 = DIRECTION('',(0.,-1.,0.));
#9228 = PCURVE('',#6875,#9229);
#9229 = DEFINITIONAL_REPRESENTATION('',(#9230),#9234);
#9230 = LINE('',#9231,#9232);
#9231 = CARTESIAN_POINT('',(-0.,1.7));
#9232 = VECTOR('',#9233,1.);
#9233 = DIRECTION('',(-1.,0.));
#9234 = ( GEOMETRIC_REPRESENTATION_CONTEXT(2) 
PARAMETRIC_REPRESENTATION_CONTEXT() REPRESENTATION_CONTEXT('2D SPACE',''
  ) );
#9235 = PCURVE('',#9172,#9236);
#9236 = DEFINITIONAL_REPRESENTATION('',(#9237),#9245);
#9237 = ( BOUNDED_CURVE() B_SPLINE_CURVE(2,(#9238,#9239,#9240,#9241,
#9242,#9243,#9244),.UNSPECIFIED.,.T.,.F.) B_SPLINE_CURVE_WITH_KNOTS((1,2
    ,2,2,2,1),(-2.094395102393,0.,2.094395102393,4.188790204786,
6.28318530718,8.377580409573),.UNSPECIFIED.) CURVE() 
GEOMETRIC_REPRESENTATION_ITEM() RATIONAL_B_SPLINE_CURVE((1.,0.5,1.,0.5,
1.,0.5,1.)) REPRESENTATION_ITEM('') );
#9238 = CARTESIAN_POINT('',(46.258045735221,4.2));
#9239 = CARTESIAN_POINT('',(53.53265912701,4.2));
#9240 = CARTESIAN_POINT('',(49.895352431115,-2.1));
#9241 = CARTESIAN_POINT('',(46.258045735221,-8.4));
#9242 = CARTESIAN_POINT('',(42.620739039326,-2.1));
#9243 = CARTESIAN_POINT('',(38.983432343431,4.2));
#9244 = CARTESIAN_POINT('',(46.258045735221,4.2));
#9245 = ( GEOMETRIC_REPRESENTATION_CONTEXT(2) 
PARAMETRIC_REPRESENTATION_CONTEXT() REPRESENTATION_CONTEXT('2D SPACE',''
  ) );
#9246 = ADVANCED_FACE('',(#9247),#6997,.F.);
#9247 = FACE_BOUND('',#9248,.T.);
#9248 = EDGE_LOOP('',(#9249,#9272,#9273,#9274));
#9249 = ORIENTED_EDGE('',*,*,#9250,.F.);
#9250 = EDGE_CURVE('',#6960,#9251,#9253,.T.);
#9251 = VERTEX_POINT('',#9252);
#9252 = CARTESIAN_POINT('',(16.,132.3,-70.69134295109));
#9253 = SEAM_CURVE('',#9254,(#9258,#9265),.PCURVE_S1.);
#9254 = LINE('',#9255,#9256);
#9255 = CARTESIAN_POINT('',(14.3,134.,-70.69134295109));
#9256 = VECTOR('',#9257,1.);
#9257 = DIRECTION('',(0.707106781187,-0.707106781187,0.));
#9258 = PCURVE('',#6997,#9259);
#9259 = DEFINITIONAL_REPRESENTATION('',(#9260),#9264);
#9260 = LINE('',#9261,#9262);
#9261 = CARTESIAN_POINT('',(-0.,0.));
#9262 = VECTOR('',#9263,1.);
#9263 = DIRECTION('',(-0.,1.));
#9264 = ( GEOMETRIC_REPRESENTATION_CONTEXT(2) 
PARAMETRIC_REPRESENTATION_CONTEXT() REPRESENTATION_CONTEXT('2D SPACE',''
  ) );
#9265 = PCURVE('',#6997,#9266);
#9266 = DEFINITIONAL_REPRESENTATION('',(#9267),#9271);
#9267 = LINE('',#9268,#9269);
#9268 = CARTESIAN_POINT('',(-6.28318530718,0.));
#9269 = VECTOR('',#9270,1.);
#9270 = DIRECTION('',(-0.,1.));
#9271 = ( GEOMETRIC_REPRESENTATION_CONTEXT(2) 
PARAMETRIC_REPRESENTATION_CONTEXT() REPRESENTATION_CONTEXT('2D SPACE',''
  ) );
#9272 = ORIENTED_EDGE('',*,*,#6982,.T.);
#9273 = ORIENTED_EDGE('',*,*,#9250,.T.);
#9274 = ORIENTED_EDGE('',*,*,#9275,.F.);
#9275 = EDGE_CURVE('',#9251,#9251,#9276,.T.);
#9276 = SURFACE_CURVE('',#9277,(#9282,#9289),.PCURVE_S1.);
#9277 = CIRCLE('',#9278,4.2);
#9278 = AXIS2_PLACEMENT_3D('',#9279,#9280,#9281);
#9279 = CARTESIAN_POINT('',(16.,136.5,-70.69134295109));
#9280 = DIRECTION('',(-1.,0.,0.));
#9281 = DIRECTION('',(0.,-1.,0.));
#9282 = PCURVE('',#6997,#9283);
#9283 = DEFINITIONAL_REPRESENTATION('',(#9284),#9288);
#9284 = LINE('',#9285,#9286);
#9285 = CARTESIAN_POINT('',(-0.,1.7));
#9286 = VECTOR('',#9287,1.);
#9287 = DIRECTION('',(-1.,0.));
#9288 = ( GEOMETRIC_REPRESENTATION_CONTEXT(2) 
PARAMETRIC_REPRESENTATION_CONTEXT() REPRESENTATION_CONTEXT('2D SPACE',''
  ) );
#9289 = PCURVE('',#9103,#9290);
#9290 = DEFINITIONAL_REPRESENTATION('',(#9291),#9299);
#9291 = ( BOUNDED_CURVE() B_SPLINE_CURVE(2,(#9292,#9293,#9294,#9295,
#9296,#9297,#9298),.UNSPECIFIED.,.T.,.F.) B_SPLINE_CURVE_WITH_KNOTS((1,2
    ,2,2,2,1),(-2.094395102393,0.,2.094395102393,4.188790204786,
6.28318530718,8.377580409573),.UNSPECIFIED.) CURVE() 
GEOMETRIC_REPRESENTATION_ITEM() RATIONAL_B_SPLINE_CURVE((1.,0.5,1.,0.5,
1.,0.5,1.)) REPRESENTATION_ITEM('') );
#9292 = CARTESIAN_POINT('',(0.,4.2));
#9293 = CARTESIAN_POINT('',(7.274613391789,4.2));
#9294 = CARTESIAN_POINT('',(3.637306695895,-2.1));
#9295 = CARTESIAN_POINT('',(1.028703311284E-15,-8.4));
#9296 = CARTESIAN_POINT('',(-3.637306695895,-2.1));
#9297 = CARTESIAN_POINT('',(-7.274613391789,4.2));
#9298 = CARTESIAN_POINT('',(0.,4.2));
#9299 = ( GEOMETRIC_REPRESENTATION_CONTEXT(2) 
PARAMETRIC_REPRESENTATION_CONTEXT() REPRESENTATION_CONTEXT('2D SPACE',''
  ) );
#9300 = ADVANCED_FACE('',(#9301),#7132,.T.);
#9301 = FACE_BOUND('',#9302,.T.);
#9302 = EDGE_LOOP('',(#9303,#9304,#9305,#9306,#9307));
#9303 = ORIENTED_EDGE('',*,*,#8871,.F.);
#9304 = ORIENTED_EDGE('',*,*,#7116,.T.);
#9305 = ORIENTED_EDGE('',*,*,#7193,.F.);
#9306 = ORIENTED_EDGE('',*,*,#7219,.F.);
#9307 = ORIENTED_EDGE('',*,*,#7760,.T.);
#9308 = ADVANCED_FACE('',(#9309),#7461,.F.);
#9309 = FACE_BOUND('',#9310,.T.);
#9310 = EDGE_LOOP('',(#9311,#9333,#9368,#9433,#9608,#9673,#9701,#9702,
    #9703,#9704));
#9311 = ORIENTED_EDGE('',*,*,#9312,.F.);
#9312 = EDGE_CURVE('',#9313,#7445,#9315,.T.);
#9313 = VERTEX_POINT('',#9314);
#9314 = CARTESIAN_POINT('',(36.328638963225,84.5,-213.));
#9315 = SEAM_CURVE('',#9316,(#9319,#9326),.PCURVE_S1.);
#9316 = B_SPLINE_CURVE_WITH_KNOTS('',1,(#9317,#9318),.UNSPECIFIED.,.F.,
  .F.,(2,2),(-119.9038105676,0.),.PIECEWISE_BEZIER_KNOTS.);
#9317 = CARTESIAN_POINT('',(1.421E-14,84.5,-275.9230484541));
#9318 = CARTESIAN_POINT('',(59.951905283833,84.5,-172.0833024919));
#9319 = PCURVE('',#7461,#9320);
#9320 = DEFINITIONAL_REPRESENTATION('',(#9321),#9325);
#9321 = LINE('',#9322,#9323);
#9322 = CARTESIAN_POINT('',(-0.,0.));
#9323 = VECTOR('',#9324,1.);
#9324 = DIRECTION('',(-0.,1.));
#9325 = ( GEOMETRIC_REPRESENTATION_CONTEXT(2) 
PARAMETRIC_REPRESENTATION_CONTEXT() REPRESENTATION_CONTEXT('2D SPACE',''
  ) );
#9326 = PCURVE('',#7461,#9327);
#9327 = DEFINITIONAL_REPRESENTATION('',(#9328),#9332);
#9328 = LINE('',#9329,#9330);
#9329 = CARTESIAN_POINT('',(-6.28318530718,0.));
#9330 = VECTOR('',#9331,1.);
#9331 = DIRECTION('',(-0.,1.));
#9332 = ( GEOMETRIC_REPRESENTATION_CONTEXT(2) 
PARAMETRIC_REPRESENTATION_CONTEXT() REPRESENTATION_CONTEXT('2D SPACE',''
  ) );
#9333 = ORIENTED_EDGE('',*,*,#9334,.F.);
#9334 = EDGE_CURVE('',#9335,#9313,#9337,.T.);
#9335 = VERTEX_POINT('',#9336);
#9336 = CARTESIAN_POINT('',(13.,59.964502206272,-213.));
#9337 = SURFACE_CURVE('',#9338,(#9343,#9356),.PCURVE_S1.);
#9338 = ELLIPSE('',#9339,28.867513459481,25.);
#9339 = AXIS2_PLACEMENT_3D('',#9340,#9341,#9342);
#9340 = CARTESIAN_POINT('',(7.461125503744,84.5,-213.));
#9341 = DIRECTION('',(0.,0.,1.));
#9342 = DIRECTION('',(1.,0.,0.));
#9343 = PCURVE('',#7461,#9344);
#9344 = DEFINITIONAL_REPRESENTATION('',(#9345),#9355);
#9345 = B_SPLINE_CURVE_WITH_KNOTS('',8,(#9346,#9347,#9348,#9349,#9350,
    #9351,#9352,#9353,#9354),.UNSPECIFIED.,.F.,.F.,(9,9),(4.724227727248
    ,6.28318530718),.PIECEWISE_BEZIER_KNOTS.);
#9346 = CARTESIAN_POINT('',(-1.558957579932,-61.5094157703));
#9347 = CARTESIAN_POINT('',(-1.36408788244,-58.69691106882));
#9348 = CARTESIAN_POINT('',(-1.169218184948,-55.89182149995));
#9349 = CARTESIAN_POINT('',(-0.974348487457,-53.25689964357));
#9350 = CARTESIAN_POINT('',(-0.779478789964,-50.95426630199));
#9351 = CARTESIAN_POINT('',(-0.584609092475,-49.12576480209));
#9352 = CARTESIAN_POINT('',(-0.389739394982,-47.8729450339));
#9353 = CARTESIAN_POINT('',(-0.194869697491,-47.24653264121));
#9354 = CARTESIAN_POINT('',(0.,-47.24653264121));
#9355 = ( GEOMETRIC_REPRESENTATION_CONTEXT(2) 
PARAMETRIC_REPRESENTATION_CONTEXT() REPRESENTATION_CONTEXT('2D SPACE',''
  ) );
#9356 = PCURVE('',#9357,#9362);
#9357 = PLANE('',#9358);
#9358 = AXIS2_PLACEMENT_3D('',#9359,#9360,#9361);
#9359 = CARTESIAN_POINT('',(21.066378901895,111.177668809,-213.));
#9360 = DIRECTION('',(0.,0.,1.));
#9361 = DIRECTION('',(1.,0.,0.));
#9362 = DEFINITIONAL_REPRESENTATION('',(#9363),#9367);
#9363 = ELLIPSE('',#9364,28.867513459481,25.);
#9364 = AXIS2_PLACEMENT_2D('',#9365,#9366);
#9365 = CARTESIAN_POINT('',(-13.60525339815,-26.677668809));
#9366 = DIRECTION('',(1.,0.));
#9367 = ( GEOMETRIC_REPRESENTATION_CONTEXT(2) 
PARAMETRIC_REPRESENTATION_CONTEXT() REPRESENTATION_CONTEXT('2D SPACE',''
  ) );
#9368 = ORIENTED_EDGE('',*,*,#9369,.F.);
#9369 = EDGE_CURVE('',#9370,#9335,#9372,.T.);
#9370 = VERTEX_POINT('',#9371);
#9371 = CARTESIAN_POINT('',(13.,79.168160764947,-154.556761944));
#9372 = SURFACE_CURVE('',#9373,(#9378,#9426),.PCURVE_S1.);
#9373 = ELLIPSE('',#9374,50.,25.);
#9374 = AXIS2_PLACEMENT_3D('',#9375,#9376,#9377);
#9375 = CARTESIAN_POINT('',(13.,84.5,-203.4063879557));
#9376 = DIRECTION('',(1.,0.,-0.));
#9377 = DIRECTION('',(0.,0.,1.));
#9378 = PCURVE('',#7461,#9379);
#9379 = DEFINITIONAL_REPRESENTATION('',(#9380),#9425);
#9380 = B_SPLINE_CURVE_WITH_KNOTS('',8,(#9381,#9382,#9383,#9384,#9385,
    #9386,#9387,#9388,#9389,#9390,#9391,#9392,#9393,#9394,#9395,#9396,
    #9397,#9398,#9399,#9400,#9401,#9402,#9403,#9404,#9405,#9406,#9407,
    #9408,#9409,#9410,#9411,#9412,#9413,#9414,#9415,#9416,#9417,#9418,
    #9419,#9420,#9421,#9422,#9423,#9424),.UNSPECIFIED.,.F.,.F.,(9,7,7,7,
    7,7,9),(3.14159265359,3.926990816987,5.301437602933,6.332272692392,
    7.105399009486,8.265088485128,9.424777960769),.UNSPECIFIED.);
#9381 = CARTESIAN_POINT('',(-6.28318530718,-93.90381056766));
#9382 = CARTESIAN_POINT('',(-6.185010536755,-93.90381056766));
#9383 = CARTESIAN_POINT('',(-6.08683576633,-93.42683896591));
#9384 = CARTESIAN_POINT('',(-5.988660995905,-92.47289689162));
#9385 = CARTESIAN_POINT('',(-5.890486225481,-91.05178833404));
#9386 = CARTESIAN_POINT('',(-5.792311455056,-89.18313354801));
#9387 = CARTESIAN_POINT('',(-5.694136684631,-86.89584459366));
#9388 = CARTESIAN_POINT('',(-5.595961914207,-84.22713832767));
#9389 = CARTESIAN_POINT('',(-5.325981295539,-75.96070387546));
#9390 = CARTESIAN_POINT('',(-5.154175447295,-69.66735620555));
#9391 = CARTESIAN_POINT('',(-4.982369599054,-62.57773489496));
#9392 = CARTESIAN_POINT('',(-4.810563750815,-54.99345792201));
#9393 = CARTESIAN_POINT('',(-4.638757902569,-47.25895629733));
#9394 = CARTESIAN_POINT('',(-4.466952054323,-39.7284688871));
#9395 = CARTESIAN_POINT('',(-4.29514620608,-32.73128816751));
#9396 = CARTESIAN_POINT('',(-3.994485971654,-21.90641019077));
#9397 = CARTESIAN_POINT('',(-3.86563158547,-17.72366537206));
#9398 = CARTESIAN_POINT('',(-3.736777199292,-14.1147843508));
#9399 = CARTESIAN_POINT('',(-3.607922813107,-11.18097168558));
#9400 = CARTESIAN_POINT('',(-3.479068426931,-9.001031398599));
#9401 = CARTESIAN_POINT('',(-3.350214040741,-7.626544666666));
#9402 = CARTESIAN_POINT('',(-3.22135965456,-7.079652501695));
#9403 = CARTESIAN_POINT('',(-2.995864478741,-7.558760438418));
#9404 = CARTESIAN_POINT('',(-2.899223689103,-8.22571836256));
#9405 = CARTESIAN_POINT('',(-2.802582899468,-9.351379070835));
#9406 = CARTESIAN_POINT('',(-2.70594210983,-10.92362577609));
#9407 = CARTESIAN_POINT('',(-2.609301320193,-12.92122376601));
#9408 = CARTESIAN_POINT('',(-2.512660530557,-15.31438355661));
#9409 = CARTESIAN_POINT('',(-2.41601974092,-18.06573710495));
#9410 = CARTESIAN_POINT('',(-2.174417766828,-25.73052604718));
#9411 = CARTESIAN_POINT('',(-2.029456582373,-31.03716450269));
#9412 = CARTESIAN_POINT('',(-1.884495397916,-36.9043016721));
#9413 = CARTESIAN_POINT('',(-1.739534213462,-43.15296880886));
#9414 = CARTESIAN_POINT('',(-1.594573029008,-49.58230960727));
#9415 = CARTESIAN_POINT('',(-1.449611844552,-55.98320766924));
#9416 = CARTESIAN_POINT('',(-1.304650660097,-62.15277824048));
#9417 = CARTESIAN_POINT('',(-1.014728291186,-73.66077341973));
#9418 = CARTESIAN_POINT('',(-0.869767106729,-78.99919763731));
#9419 = CARTESIAN_POINT('',(-0.724805922298,-83.73779909079));
#9420 = CARTESIAN_POINT('',(-0.579844737778,-87.71096343023));
#9421 = CARTESIAN_POINT('',(-0.434883553385,-90.78407905326));
#9422 = CARTESIAN_POINT('',(-0.289922368909,-92.86389978998));
#9423 = CARTESIAN_POINT('',(-0.144961184455,-93.90381056766));
#9424 = CARTESIAN_POINT('',(-8.9E-16,-93.90381056766));
#9425 = ( GEOMETRIC_REPRESENTATION_CONTEXT(2) 
PARAMETRIC_REPRESENTATION_CONTEXT() REPRESENTATION_CONTEXT('2D SPACE',''
  ) );
#9426 = PCURVE('',#9172,#9427);
#9427 = DEFINITIONAL_REPRESENTATION('',(#9428),#9432);
#9428 = ELLIPSE('',#9429,50.,25.);
#9429 = AXIS2_PLACEMENT_2D('',#9430,#9431);
#9430 = CARTESIAN_POINT('',(-1.241954264779,0.));
#9431 = DIRECTION('',(1.,0.));
#9432 = ( GEOMETRIC_REPRESENTATION_CONTEXT(2) 
PARAMETRIC_REPRESENTATION_CONTEXT() REPRESENTATION_CONTEXT('2D SPACE',''
  ) );
#9433 = ORIENTED_EDGE('',*,*,#9434,.F.);
#9434 = EDGE_CURVE('',#9435,#9370,#9437,.T.);
#9435 = VERTEX_POINT('',#9436);
#9436 = CARTESIAN_POINT('',(13.,89.831839235053,-154.556761944));
#9437 = SURFACE_CURVE('',#9438,(#9491,#9547),.PCURVE_S1.);
#9438 = B_SPLINE_CURVE_WITH_KNOTS('',6,(#9439,#9440,#9441,#9442,#9443,
    #9444,#9445,#9446,#9447,#9448,#9449,#9450,#9451,#9452,#9453,#9454,
    #9455,#9456,#9457,#9458,#9459,#9460,#9461,#9462,#9463,#9464,#9465,
    #9466,#9467,#9468,#9469,#9470,#9471,#9472,#9473,#9474,#9475,#9476,
    #9477,#9478,#9479,#9480,#9481,#9482,#9483,#9484,#9485,#9486,#9487,
    #9488,#9489,#9490),.UNSPECIFIED.,.F.,.F.,(7,5,5,5,5,5,5,5,5,5,7),(0.
    ,0.214432852604,0.31431788884,0.38852413042,0.450109371552,
    0.499974056446,0.574069172693,0.611444180532,0.686559334122,
    0.786632610451,1.),.UNSPECIFIED.);
#9439 = CARTESIAN_POINT('',(12.999444912679,89.832112706485,
    -154.557842782));
#9440 = CARTESIAN_POINT('',(13.200151938608,89.733278665735,
    -154.1670555435));
#9441 = CARTESIAN_POINT('',(13.392795626532,89.597595467863,
    -153.7751505589));
#9442 = CARTESIAN_POINT('',(13.576543816568,89.42199794137,
    -153.3836362036));
#9443 = CARTESIAN_POINT('',(13.750117330147,89.202301860878,
    -152.9953592865));
#9444 = CARTESIAN_POINT('',(13.911874340963,88.933338567471,
    -152.6150553641));
#9445 = CARTESIAN_POINT('',(14.128614986513,88.45871408443,
    -152.0814585147));
#9446 = CARTESIAN_POINT('',(14.194507115809,88.295922815586,
    -151.9153480398));
#9447 = CARTESIAN_POINT('',(14.257163081745,88.120664995435,
    -151.7536280509));
#9448 = CARTESIAN_POINT('',(14.316320939307,87.932454912988,
    -151.5973931521));
#9449 = CARTESIAN_POINT('',(14.371699101085,87.730863764735,
    -151.4479352528));
#9450 = CARTESIAN_POINT('',(14.461089532931,87.355605825492,
    -151.2019116193));
#9451 = CARTESIAN_POINT('',(14.496945177392,87.188039236954,
    -151.1015968211));
#9452 = CARTESIAN_POINT('',(14.530372048339,87.012929105085,
    -151.006605145));
#9453 = CARTESIAN_POINT('',(14.561205938939,86.830416658029,
    -150.9177208271));
#9454 = CARTESIAN_POINT('',(14.58929189893,86.640715362673,
    -150.8357361419));
#9455 = CARTESIAN_POINT('',(14.635376544081,86.280946287547,
    -150.6997907369));
#9456 = CARTESIAN_POINT('',(14.654279054227,86.113020583191,
    -150.6434331382));
#9457 = CARTESIAN_POINT('',(14.6710607763,85.940765267057,
    -150.5929288993));
#9458 = CARTESIAN_POINT('',(14.685624573899,85.764657963413,
    -150.5487645253));
#9459 = CARTESIAN_POINT('',(14.697891962325,85.585222404928,
    -150.5113525623));
#9460 = CARTESIAN_POINT('',(14.715815656364,85.255507185783,
    -150.4564729025));
#9461 = CARTESIAN_POINT('',(14.722283591637,85.106218670108,
    -150.4365713676));
#9462 = CARTESIAN_POINT('',(14.727160332399,84.955585898012,
    -150.4215141918));
#9463 = CARTESIAN_POINT('',(14.730420298234,84.804042239314,
    -150.4114308982));
#9464 = CARTESIAN_POINT('',(14.732050807569,84.652030037089,
    -150.4063879557));
#9465 = CARTESIAN_POINT('',(14.732050807569,84.274094967309,
    -150.4063879557));
#9466 = CARTESIAN_POINT('',(14.728450495294,84.04832495792,
    -150.4175222574));
#9467 = CARTESIAN_POINT('',(14.721259661974,83.824089380306,
    -150.439766781));
#9468 = CARTESIAN_POINT('',(14.710535977335,83.602773059848,
    -150.4728042588));
#9469 = CARTESIAN_POINT('',(14.696395832032,83.385700003659,
    -150.5160374494));
#9470 = CARTESIAN_POINT('',(14.670263087714,83.067345562346,
    -150.5951171036));
#9471 = CARTESIAN_POINT('',(14.660676231552,82.961956906308,
    -150.6240153663));
#9472 = CARTESIAN_POINT('',(14.650282756176,82.858023789823,
    -150.6552029522));
#9473 = CARTESIAN_POINT('',(14.639102926567,82.755642455831,
    -150.6885780746));
#9474 = CARTESIAN_POINT('',(14.627159128113,82.654902797698,
    -150.7240313476));
#9475 = CARTESIAN_POINT('',(14.588985433525,82.356892153344,
    -150.8366401863));
#9476 = CARTESIAN_POINT('',(14.560522816073,82.164974064189,
    -150.9197147888));
#9477 = CARTESIAN_POINT('',(14.529247636796,81.980426594709,
    -151.0098459397));
#9478 = CARTESIAN_POINT('',(14.495320085672,81.803466124711,
    -151.1062138019));
#9479 = CARTESIAN_POINT('',(14.458909700789,81.634233808685,
    -151.2080081645));
#9480 = CARTESIAN_POINT('',(14.368638104206,81.257719192044,
    -151.4562219857));
#9481 = CARTESIAN_POINT('',(14.312978834183,81.05639639939,
    -151.6062844549));
#9482 = CARTESIAN_POINT('',(14.253537646846,80.868489018973,
    -151.7630955844));
#9483 = CARTESIAN_POINT('',(14.190596695299,80.693562279044,
    -151.9253635803));
#9484 = CARTESIAN_POINT('',(14.124418279617,80.531125345114,
    -152.0919951521));
#9485 = CARTESIAN_POINT('',(13.907788505149,80.05988540164,
    -152.6246563914));
#9486 = CARTESIAN_POINT('',(13.746610793752,79.793268223016,
    -153.0032003852));
#9487 = CARTESIAN_POINT('',(13.573759911891,79.575345404624,
    -153.3895664626));
#9488 = CARTESIAN_POINT('',(13.390850452591,79.401035830103,
    -153.7791071858));
#9489 = CARTESIAN_POINT('',(13.199139323356,79.266222692742,
    -154.1690271591));
#9490 = CARTESIAN_POINT('',(12.999444912679,79.167887293515,
    -154.557842782));
#9491 = PCURVE('',#7461,#9492);
#9492 = DEFINITIONAL_REPRESENTATION('',(#9493),#9546);
#9493 = B_SPLINE_CURVE_WITH_KNOTS('',6,(#9494,#9495,#9496,#9497,#9498,
    #9499,#9500,#9501,#9502,#9503,#9504,#9505,#9506,#9507,#9508,#9509,
    #9510,#9511,#9512,#9513,#9514,#9515,#9516,#9517,#9518,#9519,#9520,
    #9521,#9522,#9523,#9524,#9525,#9526,#9527,#9528,#9529,#9530,#9531,
    #9532,#9533,#9534,#9535,#9536,#9537,#9538,#9539,#9540,#9541,#9542,
    #9543,#9544,#9545),.UNSPECIFIED.,.F.,.F.,(7,5,5,5,5,5,5,5,5,5,7),(0.
    ,0.214432852604,0.31431788884,0.38852413042,0.450109371552,
    0.499974056446,0.574069172693,0.611444180532,0.686559334122,
    0.786632610451,1.),.UNSPECIFIED.);
#9494 = CARTESIAN_POINT('',(-3.356528251216,-8.298736863822));
#9495 = CARTESIAN_POINT('',(-3.352481780838,-7.859951674768));
#9496 = CARTESIAN_POINT('',(-3.346930904167,-7.424230158347));
#9497 = CARTESIAN_POINT('',(-3.339756087875,-6.993294685643));
#9498 = CARTESIAN_POINT('',(-3.330795658052,-6.570250254958));
#9499 = CARTESIAN_POINT('',(-3.319854264108,-6.160018891606));
#9500 = CARTESIAN_POINT('',(-3.300607466925,-5.58954014181));
#9501 = CARTESIAN_POINT('',(-3.294013499823,-5.41273818612));
#9502 = CARTESIAN_POINT('',(-3.286923240606,-5.241356584415));
#9503 = CARTESIAN_POINT('',(-3.279318919262,-5.076474264326));
#9504 = CARTESIAN_POINT('',(-3.271184985058,-4.919350845899));
#9505 = CARTESIAN_POINT('',(-3.256064263024,-4.661592913439));
#9506 = CARTESIAN_POINT('',(-3.249318356352,-4.556789927565));
#9507 = CARTESIAN_POINT('',(-3.242275125301,-4.457811287475));
#9508 = CARTESIAN_POINT('',(-3.234940670114,-4.365418264843));
#9509 = CARTESIAN_POINT('',(-3.227323746697,-4.280374464752));
#9510 = CARTESIAN_POINT('',(-3.212889272623,-4.139599967918));
#9511 = CARTESIAN_POINT('',(-3.20615585234,-4.081341600693));
#9512 = CARTESIAN_POINT('',(-3.199252660892,-4.029212785694));
#9513 = CARTESIAN_POINT('',(-3.192198583136,-3.983683417116));
#9514 = CARTESIAN_POINT('',(-3.185014168116,-3.945150012558));
#9515 = CARTESIAN_POINT('',(-3.171816947106,-3.88866098596));
#9516 = CARTESIAN_POINT('',(-3.165843019079,-3.868191783556));
#9517 = CARTESIAN_POINT('',(-3.159816494554,-3.852713516363));
#9518 = CARTESIAN_POINT('',(-3.153754343012,-3.842351145068));
#9519 = CARTESIAN_POINT('',(-3.147673855073,-3.837168574084));
#9520 = CARTESIAN_POINT('',(-3.132556452282,-3.837168574084));
#9521 = CARTESIAN_POINT('',(-3.123525654183,-3.848611318321));
#9522 = CARTESIAN_POINT('',(-3.114554897139,-3.871471057519));
#9523 = CARTESIAN_POINT('',(-3.105698271585,-3.905444194938));
#9524 = CARTESIAN_POINT('',(-3.097007688028,-3.949955308938));
#9525 = CARTESIAN_POINT('',(-3.084255562699,-4.031506670544));
#9526 = CARTESIAN_POINT('',(-3.080032909998,-4.061326728225));
#9527 = CARTESIAN_POINT('',(-3.075867308986,-4.093532707574));
#9528 = CARTESIAN_POINT('',(-3.071762552527,-4.128026326242));
#9529 = CARTESIAN_POINT('',(-3.067722203786,-4.16470166056));
#9530 = CARTESIAN_POINT('',(-3.055765570443,-4.281310622838));
#9531 = CARTESIAN_POINT('',(-3.048059563376,-4.367486647732));
#9532 = CARTESIAN_POINT('',(-3.040643170559,-4.461180103749));
#9533 = CARTESIAN_POINT('',(-3.033525276048,-4.561600896073));
#9534 = CARTESIAN_POINT('',(-3.026711998466,-4.667962592504));
#9535 = CARTESIAN_POINT('',(-3.011539772911,-4.928057865495));
#9536 = CARTESIAN_POINT('',(-3.003416167489,-5.085845411023));
#9537 = CARTESIAN_POINT('',(-2.995823587716,-5.251368426377));
#9538 = CARTESIAN_POINT('',(-2.988746255658,-5.423367108876));
#9539 = CARTESIAN_POINT('',(-2.982166203462,-5.600763490995));
#9540 = CARTESIAN_POINT('',(-2.963055389339,-6.170376543066));
#9541 = CARTESIAN_POINT('',(-2.952208970007,-6.578794113796));
#9542 = CARTESIAN_POINT('',(-2.943320669903,-6.999822392961));
#9543 = CARTESIAN_POINT('',(-2.936198408296,-7.428629284654));
#9544 = CARTESIAN_POINT('',(-2.930683110925,-7.862165451654));
#9545 = CARTESIAN_POINT('',(-2.926657055964,-8.298736863822));
#9546 = ( GEOMETRIC_REPRESENTATION_CONTEXT(2) 
PARAMETRIC_REPRESENTATION_CONTEXT() REPRESENTATION_CONTEXT('2D SPACE',''
  ) );
#9547 = PCURVE('',#9548,#9553);
#9548 = CYLINDRICAL_SURFACE('',#9549,5.5);
#9549 = AXIS2_PLACEMENT_3D('',#9550,#9551,#9552);
#9550 = CARTESIAN_POINT('',(13.,84.5,-155.9063879557));
#9551 = DIRECTION('',(-1.,-0.,-0.));
#9552 = DIRECTION('',(0.,1.,0.));
#9553 = DEFINITIONAL_REPRESENTATION('',(#9554),#9607);
#9554 = B_SPLINE_CURVE_WITH_KNOTS('',6,(#9555,#9556,#9557,#9558,#9559,
    #9560,#9561,#9562,#9563,#9564,#9565,#9566,#9567,#9568,#9569,#9570,
    #9571,#9572,#9573,#9574,#9575,#9576,#9577,#9578,#9579,#9580,#9581,
    #9582,#9583,#9584,#9585,#9586,#9587,#9588,#9589,#9590,#9591,#9592,
    #9593,#9594,#9595,#9596,#9597,#9598,#9599,#9600,#9601,#9602,#9603,
    #9604,#9605,#9606),.UNSPECIFIED.,.F.,.F.,(7,5,5,5,5,5,5,5,5,5,7),(0.
    ,0.214432852604,0.31431788884,0.38852413042,0.450109371552,
    0.499974056446,0.574069172693,0.611444180532,0.686559334122,
    0.786632610451,1.),.UNSPECIFIED.);
#9555 = CARTESIAN_POINT('',(-0.247715702595,5.550873206974E-04));
#9556 = CARTESIAN_POINT('',(-0.32100508339,-0.200151938608));
#9557 = CARTESIAN_POINT('',(-0.3961347175,-0.392795626532));
#9558 = CARTESIAN_POINT('',(-0.473680660202,-0.576543816568));
#9559 = CARTESIAN_POINT('',(-0.554225012245,-0.750117330147));
#9560 = CARTESIAN_POINT('',(-0.63839193953,-0.911874340963));
#9561 = CARTESIAN_POINT('',(-0.768235328687,-1.128614986513));
#9562 = CARTESIAN_POINT('',(-0.810473209563,-1.194507115809));
#9563 = CARTESIAN_POINT('',(-0.853747890824,-1.257163081745));
#9564 = CARTESIAN_POINT('',(-0.898124830548,-1.316320939307));
#9565 = CARTESIAN_POINT('',(-0.943676676546,-1.371699101085));
#9566 = CARTESIAN_POINT('',(-1.025261424189,-1.461089532931));
#9567 = CARTESIAN_POINT('',(-1.060740623759,-1.496945177392));
#9568 = CARTESIAN_POINT('',(-1.096911913755,-1.530372048339));
#9569 = CARTESIAN_POINT('',(-1.133766617624,-1.561205938939));
#9570 = CARTESIAN_POINT('',(-1.171300162543,-1.58929189893));
#9571 = CARTESIAN_POINT('',(-1.241226910652,-1.635376544081));
#9572 = CARTESIAN_POINT('',(-1.273409846284,-1.654279054227));
#9573 = CARTESIAN_POINT('',(-1.306010358448,-1.6710607763));
#9574 = CARTESIAN_POINT('',(-1.338981934755,-1.685624573899));
#9575 = CARTESIAN_POINT('',(-1.372280661136,-1.697891962325));
#9576 = CARTESIAN_POINT('',(-1.433053616952,-1.715815656364));
#9577 = CARTESIAN_POINT('',(-1.460422734037,-1.722283591637));
#9578 = CARTESIAN_POINT('',(-1.487924507476,-1.727160332399));
#9579 = CARTESIAN_POINT('',(-1.515515920842,-1.730420298234));
#9580 = CARTESIAN_POINT('',(-1.54315450187,-1.732050807569));
#9581 = CARTESIAN_POINT('',(-1.611869969102,-1.732050807569));
#9582 = CARTESIAN_POINT('',(-1.652919033216,-1.728450495294));
#9583 = CARTESIAN_POINT('',(-1.693813941421,-1.721259661974));
#9584 = CARTESIAN_POINT('',(-1.734426648855,-1.710535977335));
#9585 = CARTESIAN_POINT('',(-1.77462544538,-1.696395832032));
#9586 = CARTESIAN_POINT('',(-1.834267114216,-1.670263087714));
#9587 = CARTESIAN_POINT('',(-1.854130175286,-1.660676231552));
#9588 = CARTESIAN_POINT('',(-1.873851206475,-1.650282756176));
#9589 = CARTESIAN_POINT('',(-1.893422120468,-1.639102926567));
#9590 = CARTESIAN_POINT('',(-1.912834476821,-1.627159128113));
#9591 = CARTESIAN_POINT('',(-1.970757507738,-1.588985433525));
#9592 = CARTESIAN_POINT('',(-2.008738134488,-1.560522816073));
#9593 = CARTESIAN_POINT('',(-2.046022796909,-1.529247636796));
#9594 = CARTESIAN_POINT('',(-2.082607456827,-1.495320085672));
#9595 = CARTESIAN_POINT('',(-2.118483787124,-1.458909700789));
#9596 = CARTESIAN_POINT('',(-2.200478214986,-1.368638104206));
#9597 = CARTESIAN_POINT('',(-2.246056339706,-1.312978834183));
#9598 = CARTESIAN_POINT('',(-2.290457841828,-1.253537646846));
#9599 = CARTESIAN_POINT('',(-2.333755874901,-1.190596695299));
#9600 = CARTESIAN_POINT('',(-2.376016396483,-1.124418279617));
#9601 = CARTESIAN_POINT('',(-2.50532416314,-0.907788505149));
#9602 = CARTESIAN_POINT('',(-2.588993696828,-0.746610793752));
#9603 = CARTESIAN_POINT('',(-2.669086353125,-0.573759911891));
#9604 = CARTESIAN_POINT('',(-2.7462163953,-0.390850452591));
#9605 = CARTESIAN_POINT('',(-2.820957332765,-0.199139323356));
#9606 = CARTESIAN_POINT('',(-2.893876950995,5.550873206974E-04));
#9607 = ( GEOMETRIC_REPRESENTATION_CONTEXT(2) 
PARAMETRIC_REPRESENTATION_CONTEXT() REPRESENTATION_CONTEXT('2D SPACE',''
  ) );
#9608 = ORIENTED_EDGE('',*,*,#9609,.F.);
#9609 = EDGE_CURVE('',#9610,#9435,#9612,.T.);
#9610 = VERTEX_POINT('',#9611);
#9611 = CARTESIAN_POINT('',(13.,109.03549779372,-213.));
#9612 = SURFACE_CURVE('',#9613,(#9618,#9666),.PCURVE_S1.);
#9613 = ELLIPSE('',#9614,50.,25.);
#9614 = AXIS2_PLACEMENT_3D('',#9615,#9616,#9617);
#9615 = CARTESIAN_POINT('',(13.,84.5,-203.4063879557));
#9616 = DIRECTION('',(1.,0.,-0.));
#9617 = DIRECTION('',(0.,0.,1.));
#9618 = PCURVE('',#7461,#9619);
#9619 = DEFINITIONAL_REPRESENTATION('',(#9620),#9665);
#9620 = B_SPLINE_CURVE_WITH_KNOTS('',8,(#9621,#9622,#9623,#9624,#9625,
    #9626,#9627,#9628,#9629,#9630,#9631,#9632,#9633,#9634,#9635,#9636,
    #9637,#9638,#9639,#9640,#9641,#9642,#9643,#9644,#9645,#9646,#9647,
    #9648,#9649,#9650,#9651,#9652,#9653,#9654,#9655,#9656,#9657,#9658,
    #9659,#9660,#9661,#9662,#9663,#9664),.UNSPECIFIED.,.F.,.F.,(9,7,7,7,
    7,7,9),(3.14159265359,3.926990816987,5.301437602933,6.332272692392,
    7.105399009486,8.265088485128,9.424777960769),.UNSPECIFIED.);
#9621 = CARTESIAN_POINT('',(-6.28318530718,-93.90381056766));
#9622 = CARTESIAN_POINT('',(-6.185010536755,-93.90381056766));
#9623 = CARTESIAN_POINT('',(-6.08683576633,-93.42683896591));
#9624 = CARTESIAN_POINT('',(-5.988660995905,-92.47289689162));
#9625 = CARTESIAN_POINT('',(-5.890486225481,-91.05178833404));
#9626 = CARTESIAN_POINT('',(-5.792311455056,-89.18313354801));
#9627 = CARTESIAN_POINT('',(-5.694136684631,-86.89584459366));
#9628 = CARTESIAN_POINT('',(-5.595961914207,-84.22713832767));
#9629 = CARTESIAN_POINT('',(-5.325981295539,-75.96070387546));
#9630 = CARTESIAN_POINT('',(-5.154175447295,-69.66735620555));
#9631 = CARTESIAN_POINT('',(-4.982369599054,-62.57773489496));
#9632 = CARTESIAN_POINT('',(-4.810563750815,-54.99345792201));
#9633 = CARTESIAN_POINT('',(-4.638757902569,-47.25895629733));
#9634 = CARTESIAN_POINT('',(-4.466952054323,-39.7284688871));
#9635 = CARTESIAN_POINT('',(-4.29514620608,-32.73128816751));
#9636 = CARTESIAN_POINT('',(-3.994485971654,-21.90641019077));
#9637 = CARTESIAN_POINT('',(-3.86563158547,-17.72366537206));
#9638 = CARTESIAN_POINT('',(-3.736777199292,-14.1147843508));
#9639 = CARTESIAN_POINT('',(-3.607922813107,-11.18097168558));
#9640 = CARTESIAN_POINT('',(-3.479068426931,-9.001031398599));
#9641 = CARTESIAN_POINT('',(-3.350214040741,-7.626544666666));
#9642 = CARTESIAN_POINT('',(-3.22135965456,-7.079652501695));
#9643 = CARTESIAN_POINT('',(-2.995864478741,-7.558760438418));
#9644 = CARTESIAN_POINT('',(-2.899223689103,-8.22571836256));
#9645 = CARTESIAN_POINT('',(-2.802582899468,-9.351379070835));
#9646 = CARTESIAN_POINT('',(-2.70594210983,-10.92362577609));
#9647 = CARTESIAN_POINT('',(-2.609301320193,-12.92122376601));
#9648 = CARTESIAN_POINT('',(-2.512660530557,-15.31438355661));
#9649 = CARTESIAN_POINT('',(-2.41601974092,-18.06573710495));
#9650 = CARTESIAN_POINT('',(-2.174417766828,-25.73052604718));
#9651 = CARTESIAN_POINT('',(-2.029456582373,-31.03716450269));
#9652 = CARTESIAN_POINT('',(-1.884495397916,-36.9043016721));
#9653 = CARTESIAN_POINT('',(-1.739534213462,-43.15296880886));
#9654 = CARTESIAN_POINT('',(-1.594573029008,-49.58230960727));
#9655 = CARTESIAN_POINT('',(-1.449611844552,-55.98320766924));
#9656 = CARTESIAN_POINT('',(-1.304650660097,-62.15277824048));
#9657 = CARTESIAN_POINT('',(-1.014728291186,-73.66077341973));
#9658 = CARTESIAN_POINT('',(-0.869767106729,-78.99919763731));
#9659 = CARTESIAN_POINT('',(-0.724805922298,-83.73779909079));
#9660 = CARTESIAN_POINT('',(-0.579844737778,-87.71096343023));
#9661 = CARTESIAN_POINT('',(-0.434883553385,-90.78407905326));
#9662 = CARTESIAN_POINT('',(-0.289922368909,-92.86389978998));
#9663 = CARTESIAN_POINT('',(-0.144961184455,-93.90381056766));
#9664 = CARTESIAN_POINT('',(-8.9E-16,-93.90381056766));
#9665 = ( GEOMETRIC_REPRESENTATION_CONTEXT(2) 
PARAMETRIC_REPRESENTATION_CONTEXT() REPRESENTATION_CONTEXT('2D SPACE',''
  ) );
#9666 = PCURVE('',#9172,#9667);
#9667 = DEFINITIONAL_REPRESENTATION('',(#9668),#9672);
#9668 = ELLIPSE('',#9669,50.,25.);
#9669 = AXIS2_PLACEMENT_2D('',#9670,#9671);
#9670 = CARTESIAN_POINT('',(-1.241954264779,0.));
#9671 = DIRECTION('',(1.,0.));
#9672 = ( GEOMETRIC_REPRESENTATION_CONTEXT(2) 
PARAMETRIC_REPRESENTATION_CONTEXT() REPRESENTATION_CONTEXT('2D SPACE',''
  ) );
#9673 = ORIENTED_EDGE('',*,*,#9674,.F.);
#9674 = EDGE_CURVE('',#9313,#9610,#9675,.T.);
#9675 = SURFACE_CURVE('',#9676,(#9681,#9694),.PCURVE_S1.);
#9676 = ELLIPSE('',#9677,28.867513459481,25.);
#9677 = AXIS2_PLACEMENT_3D('',#9678,#9679,#9680);
#9678 = CARTESIAN_POINT('',(7.461125503744,84.5,-213.));
#9679 = DIRECTION('',(0.,0.,1.));
#9680 = DIRECTION('',(1.,0.,0.));
#9681 = PCURVE('',#7461,#9682);
#9682 = DEFINITIONAL_REPRESENTATION('',(#9683),#9693);
#9683 = B_SPLINE_CURVE_WITH_KNOTS('',8,(#9684,#9685,#9686,#9687,#9688,
    #9689,#9690,#9691,#9692),.UNSPECIFIED.,.F.,.F.,(9,9),(0.,
    1.558957579932),.PIECEWISE_BEZIER_KNOTS.);
#9684 = CARTESIAN_POINT('',(-6.28318530718,-47.24653264121));
#9685 = CARTESIAN_POINT('',(-6.088315609688,-47.24653264121));
#9686 = CARTESIAN_POINT('',(-5.893445912197,-47.87294503396));
#9687 = CARTESIAN_POINT('',(-5.698576214702,-49.12576480192));
#9688 = CARTESIAN_POINT('',(-5.503706517219,-50.95426630231));
#9689 = CARTESIAN_POINT('',(-5.308836819718,-53.25689964331));
#9690 = CARTESIAN_POINT('',(-5.113967122232,-55.89182150005));
#9691 = CARTESIAN_POINT('',(-4.919097424739,-58.69691106882));
#9692 = CARTESIAN_POINT('',(-4.724227727248,-61.5094157703));
#9693 = ( GEOMETRIC_REPRESENTATION_CONTEXT(2) 
PARAMETRIC_REPRESENTATION_CONTEXT() REPRESENTATION_CONTEXT('2D SPACE',''
  ) );
#9694 = PCURVE('',#9357,#9695);
#9695 = DEFINITIONAL_REPRESENTATION('',(#9696),#9700);
#9696 = ELLIPSE('',#9697,28.867513459481,25.);
#9697 = AXIS2_PLACEMENT_2D('',#9698,#9699);
#9698 = CARTESIAN_POINT('',(-13.60525339815,-26.677668809));
#9699 = DIRECTION('',(1.,0.));
#9700 = ( GEOMETRIC_REPRESENTATION_CONTEXT(2) 
PARAMETRIC_REPRESENTATION_CONTEXT() REPRESENTATION_CONTEXT('2D SPACE',''
  ) );
#9701 = ORIENTED_EDGE('',*,*,#9312,.T.);
#9702 = ORIENTED_EDGE('',*,*,#7683,.F.);
#9703 = ORIENTED_EDGE('',*,*,#7537,.T.);
#9704 = ORIENTED_EDGE('',*,*,#7444,.F.);
#9705 = ADVANCED_FACE('',(#9706),#7905,.T.);
#9706 = FACE_BOUND('',#9707,.T.);
#9707 = EDGE_LOOP('',(#9708,#9709,#9710,#9711));
#9708 = ORIENTED_EDGE('',*,*,#8902,.F.);
#9709 = ORIENTED_EDGE('',*,*,#7973,.T.);
#9710 = ORIENTED_EDGE('',*,*,#7889,.T.);
#9711 = ORIENTED_EDGE('',*,*,#8986,.F.);
#9712 = ADVANCED_FACE('',(#9713,#9716),#9103,.T.);
#9713 = FACE_BOUND('',#9714,.T.);
#9714 = EDGE_LOOP('',(#9715));
#9715 = ORIENTED_EDGE('',*,*,#9275,.T.);
#9716 = FACE_BOUND('',#9717,.T.);
#9717 = EDGE_LOOP('',(#9718));
#9718 = ORIENTED_EDGE('',*,*,#9088,.F.);
#9719 = ADVANCED_FACE('',(#9720,#9767),#9172,.T.);
#9720 = FACE_BOUND('',#9721,.T.);
#9721 = EDGE_LOOP('',(#9722,#9743,#9744,#9766));
#9722 = ORIENTED_EDGE('',*,*,#9723,.F.);
#9723 = EDGE_CURVE('',#9610,#9335,#9724,.T.);
#9724 = SURFACE_CURVE('',#9725,(#9729,#9736),.PCURVE_S1.);
#9725 = LINE('',#9726,#9727);
#9726 = CARTESIAN_POINT('',(13.,97.8388344045,-213.));
#9727 = VECTOR('',#9728,1.);
#9728 = DIRECTION('',(0.,-1.,0.));
#9729 = PCURVE('',#9172,#9730);
#9730 = DEFINITIONAL_REPRESENTATION('',(#9731),#9735);
#9731 = LINE('',#9732,#9733);
#9732 = CARTESIAN_POINT('',(-10.83556630904,-13.3388344045));
#9733 = VECTOR('',#9734,1.);
#9734 = DIRECTION('',(0.,1.));
#9735 = ( GEOMETRIC_REPRESENTATION_CONTEXT(2) 
PARAMETRIC_REPRESENTATION_CONTEXT() REPRESENTATION_CONTEXT('2D SPACE',''
  ) );
#9736 = PCURVE('',#9357,#9737);
#9737 = DEFINITIONAL_REPRESENTATION('',(#9738),#9742);
#9738 = LINE('',#9739,#9740);
#9739 = CARTESIAN_POINT('',(-8.066378901895,-13.3388344045));
#9740 = VECTOR('',#9741,1.);
#9741 = DIRECTION('',(0.,-1.));
#9742 = ( GEOMETRIC_REPRESENTATION_CONTEXT(2) 
PARAMETRIC_REPRESENTATION_CONTEXT() REPRESENTATION_CONTEXT('2D SPACE',''
  ) );
#9743 = ORIENTED_EDGE('',*,*,#9609,.T.);
#9744 = ORIENTED_EDGE('',*,*,#9745,.T.);
#9745 = EDGE_CURVE('',#9435,#9370,#9746,.T.);
#9746 = SURFACE_CURVE('',#9747,(#9752,#9759),.PCURVE_S1.);
#9747 = CIRCLE('',#9748,5.5);
#9748 = AXIS2_PLACEMENT_3D('',#9749,#9750,#9751);
#9749 = CARTESIAN_POINT('',(13.,84.5,-155.9063879557));
#9750 = DIRECTION('',(1.,0.,0.));
#9751 = DIRECTION('',(0.,1.,0.));
#9752 = PCURVE('',#9172,#9753);
#9753 = DEFINITIONAL_REPRESENTATION('',(#9754),#9758);
#9754 = CIRCLE('',#9755,5.5);
#9755 = AXIS2_PLACEMENT_2D('',#9756,#9757);
#9756 = CARTESIAN_POINT('',(46.258045735221,0.));
#9757 = DIRECTION('',(0.,-1.));
#9758 = ( GEOMETRIC_REPRESENTATION_CONTEXT(2) 
PARAMETRIC_REPRESENTATION_CONTEXT() REPRESENTATION_CONTEXT('2D SPACE',''
  ) );
#9759 = PCURVE('',#9548,#9760);
#9760 = DEFINITIONAL_REPRESENTATION('',(#9761),#9765);
#9761 = LINE('',#9762,#9763);
#9762 = CARTESIAN_POINT('',(-0.,0.));
#9763 = VECTOR('',#9764,1.);
#9764 = DIRECTION('',(-1.,0.));
#9765 = ( GEOMETRIC_REPRESENTATION_CONTEXT(2) 
PARAMETRIC_REPRESENTATION_CONTEXT() REPRESENTATION_CONTEXT('2D SPACE',''
  ) );
#9766 = ORIENTED_EDGE('',*,*,#9369,.T.);
#9767 = FACE_BOUND('',#9768,.T.);
#9768 = EDGE_LOOP('',(#9769,#9770));
#9769 = ORIENTED_EDGE('',*,*,#9221,.T.);
#9770 = ORIENTED_EDGE('',*,*,#9146,.T.);
#9771 = ADVANCED_FACE('',(#9772),#9357,.T.);
#9772 = FACE_BOUND('',#9773,.T.);
#9773 = EDGE_LOOP('',(#9774,#9775,#9776));
#9774 = ORIENTED_EDGE('',*,*,#9674,.T.);
#9775 = ORIENTED_EDGE('',*,*,#9723,.T.);
#9776 = ORIENTED_EDGE('',*,*,#9334,.T.);
#9777 = ADVANCED_FACE('',(#9778),#9548,.F.);
#9778 = FACE_BOUND('',#9779,.T.);
#9779 = EDGE_LOOP('',(#9780,#9781));
#9780 = ORIENTED_EDGE('',*,*,#9745,.F.);
#9781 = ORIENTED_EDGE('',*,*,#9434,.T.);
#9782 = ( GEOMETRIC_REPRESENTATION_CONTEXT(3) 
GLOBAL_UNCERTAINTY_ASSIGNED_CONTEXT((#9786)) 
GLOBAL_UNIT_ASSIGNED_CONTEXT((#9783,#9784,#9785)) REPRESENTATION_CONTEXT
('Context #1','3D Context with UNIT and UNCERTAINTY') );
#9783 = ( LENGTH_UNIT() NAMED_UNIT(*) SI_UNIT(.MILLI.,.METRE.) );
#9784 = ( NAMED_UNIT(*) PLANE_ANGLE_UNIT() SI_UNIT($,.RADIAN.) );
#9785 = ( NAMED_UNIT(*) SI_UNIT($,.STERADIAN.) SOLID_ANGLE_UNIT() );
#9786 = UNCERTAINTY_MEASURE_WITH_UNIT(LENGTH_MEASURE(1.E-05),#9783,
  'distance_accuracy_value','confusion accuracy');
#9787 = PRODUCT_RELATED_PRODUCT_CATEGORY('part',$,(#7));
#9788 = MECHANICAL_DESIGN_GEOMETRIC_PRESENTATION_REPRESENTATION('',(
    #9789),#9782);
#9789 = STYLED_ITEM('color',(#9790),#15);
#9790 = PRESENTATION_STYLE_ASSIGNMENT((#9791,#9797));
#9791 = SURFACE_STYLE_USAGE(.BOTH.,#9792);
#9792 = SURFACE_SIDE_STYLE('',(#9793));
#9793 = SURFACE_STYLE_FILL_AREA(#9794);
#9794 = FILL_AREA_STYLE('',(#9795));
#9795 = FILL_AREA_STYLE_COLOUR('',#9796);
#9796 = COLOUR_RGB('',0.447058818107,0.474509808674,0.501960817233);
#9797 = CURVE_STYLE('',#9798,POSITIVE_LENGTH_MEASURE(0.1),#9799);
#9798 = DRAUGHTING_PRE_DEFINED_CURVE_FONT('continuous');
#9799 = COLOUR_RGB('',0.678431390124,0.709803936702,0.741176476869);
ENDSEC;
END-ISO-10303-21;
