ISO-10303-21;
HEADER;
FILE_DESCRIPTION(('FreeCAD Model'),'2;1');
FILE_NAME('Open CASCADE Shape Model','2026-05-25T19:28:51',(''),(''),
  'Open CASCADE STEP processor 7.8','FreeCAD','Unknown');
FILE_SCHEMA(('AUTOMOTIVE_DESIGN { 1 0 10303 214 1 1 1 1 }'));
ENDSEC;
DATA;
#1 = APPLICATION_PROTOCOL_DEFINITION('international standard',
  'automotive_design',2000,#2);
#2 = APPLICATION_CONTEXT(
  'core data for automotive mechanical design processes');
#3 = SHAPE_DEFINITION_REPRESENTATION(#4,#10);
#4 = PRODUCT_DEFINITION_SHAPE('','',#5);
#5 = PRODUCT_DEFINITION('design','',#6,#9);
#6 = PRODUCT_DEFINITION_FORMATION('','',#7);
#7 = PRODUCT('Pocket003','Pocket003','',(#8));
#8 = PRODUCT_CONTEXT('',#2,'mechanical');
#9 = PRODUCT_DEFINITION_CONTEXT('part definition',#2,'design');
#10 = ADVANCED_BREP_SHAPE_REPRESENTATION('',(#11,#15),#3658);
#11 = AXIS2_PLACEMENT_3D('',#12,#13,#14);
#12 = CARTESIAN_POINT('',(0.,0.,0.));
#13 = DIRECTION('',(0.,0.,1.));
#14 = DIRECTION('',(1.,0.,-0.));
#15 = MANIFOLD_SOLID_BREP('',#16);
#16 = CLOSED_SHELL('',(#17,#500,#554,#1271,#1306,#1792,#1840,#2371,#2397
    ,#2453,#2508,#2657,#2664,#2691,#2718,#2744,#2770,#2905,#2983,#3010,
    #3037,#3044,#3159,#3207,#3265,#3338,#3364,#3418,#3422,#3430,#3438,
    #3497,#3556,#3591,#3595,#3599,#3654));
#17 = ADVANCED_FACE('',(#18),#32,.T.);
#18 = FACE_BOUND('',#19,.T.);
#19 = EDGE_LOOP('',(#20,#50,#77,#78));
#20 = ORIENTED_EDGE('',*,*,#21,.F.);
#21 = EDGE_CURVE('',#22,#24,#26,.T.);
#22 = VERTEX_POINT('',#23);
#23 = CARTESIAN_POINT('',(57.585,31.2,19.554999945186));
#24 = VERTEX_POINT('',#25);
#25 = CARTESIAN_POINT('',(45.585,31.2,19.554999945186));
#26 = SEAM_CURVE('',#27,(#31,#43),.PCURVE_S1.);
#27 = LINE('',#28,#29);
#28 = CARTESIAN_POINT('',(61.585,31.2,19.554999945186));
#29 = VECTOR('',#30,1.);
#30 = DIRECTION('',(-1.,-1.232595164408E-31,-5.551115123126E-16));
#31 = PCURVE('',#32,#37);
#32 = CYLINDRICAL_SURFACE('',#33,10.);
#33 = AXIS2_PLACEMENT_3D('',#34,#35,#36);
#34 = CARTESIAN_POINT('',(61.585,21.2,19.554999945186));
#35 = DIRECTION('',(1.,-1.110223024625E-16,4.440892098501E-16));
#36 = DIRECTION('',(5.551115123126E-16,1.,1.232595164408E-31));
#37 = DEFINITIONAL_REPRESENTATION('',(#38),#42);
#38 = LINE('',#39,#40);
#39 = CARTESIAN_POINT('',(6.28318530718,0.));
#40 = VECTOR('',#41,1.);
#41 = DIRECTION('',(0.,-1.));
#42 = ( GEOMETRIC_REPRESENTATION_CONTEXT(2) 
PARAMETRIC_REPRESENTATION_CONTEXT() REPRESENTATION_CONTEXT('2D SPACE',''
  ) );
#43 = PCURVE('',#32,#44);
#44 = DEFINITIONAL_REPRESENTATION('',(#45),#49);
#45 = LINE('',#46,#47);
#46 = CARTESIAN_POINT('',(0.,0.));
#47 = VECTOR('',#48,1.);
#48 = DIRECTION('',(0.,-1.));
#49 = ( GEOMETRIC_REPRESENTATION_CONTEXT(2) 
PARAMETRIC_REPRESENTATION_CONTEXT() REPRESENTATION_CONTEXT('2D SPACE',''
  ) );
#50 = ORIENTED_EDGE('',*,*,#51,.F.);
#51 = EDGE_CURVE('',#22,#22,#52,.T.);
#52 = SURFACE_CURVE('',#53,(#58,#65),.PCURVE_S1.);
#53 = CIRCLE('',#54,10.);
#54 = AXIS2_PLACEMENT_3D('',#55,#56,#57);
#55 = CARTESIAN_POINT('',(57.585,21.2,19.554999945186));
#56 = DIRECTION('',(1.,-5.551115123126E-16,1.848892746612E-31));
#57 = DIRECTION('',(5.551115123126E-16,1.,-3.552713678801E-16));
#58 = PCURVE('',#32,#59);
#59 = DEFINITIONAL_REPRESENTATION('',(#60),#64);
#60 = LINE('',#61,#62);
#61 = CARTESIAN_POINT('',(0.,-4.));
#62 = VECTOR('',#63,1.);
#63 = DIRECTION('',(1.,0.));
#64 = ( GEOMETRIC_REPRESENTATION_CONTEXT(2) 
PARAMETRIC_REPRESENTATION_CONTEXT() REPRESENTATION_CONTEXT('2D SPACE',''
  ) );
#65 = PCURVE('',#66,#71);
#66 = TOROIDAL_SURFACE('',#67,6.,4.);
#67 = AXIS2_PLACEMENT_3D('',#68,#69,#70);
#68 = CARTESIAN_POINT('',(57.585,21.2,19.554999945186));
#69 = DIRECTION('',(1.,-1.110223024625E-16,4.440892098501E-16));
#70 = DIRECTION('',(5.551115123126E-16,1.,-3.552713678801E-16));
#71 = DEFINITIONAL_REPRESENTATION('',(#72),#76);
#72 = LINE('',#73,#74);
#73 = CARTESIAN_POINT('',(0.,0.));
#74 = VECTOR('',#75,1.);
#75 = DIRECTION('',(1.,0.));
#76 = ( GEOMETRIC_REPRESENTATION_CONTEXT(2) 
PARAMETRIC_REPRESENTATION_CONTEXT() REPRESENTATION_CONTEXT('2D SPACE',''
  ) );
#77 = ORIENTED_EDGE('',*,*,#21,.T.);
#78 = ORIENTED_EDGE('',*,*,#79,.F.);
#79 = EDGE_CURVE('',#24,#24,#80,.T.);
#80 = SURFACE_CURVE('',#81,(#216,#354),.PCURVE_S1.);
#81 = B_SPLINE_CURVE_WITH_KNOTS('',7,(#82,#83,#84,#85,#86,#87,#88,#89,
    #90,#91,#92,#93,#94,#95,#96,#97,#98,#99,#100,#101,#102,#103,#104,
    #105,#106,#107,#108,#109,#110,#111,#112,#113,#114,#115,#116,#117,
    #118,#119,#120,#121,#122,#123,#124,#125,#126,#127,#128,#129,#130,
    #131,#132,#133,#134,#135,#136,#137,#138,#139,#140,#141,#142,#143,
    #144,#145,#146,#147,#148,#149,#150,#151,#152,#153,#154,#155,#156,
    #157,#158,#159,#160,#161,#162,#163,#164,#165,#166,#167,#168,#169,
    #170,#171,#172,#173,#174,#175,#176,#177,#178,#179,#180,#181,#182,
    #183,#184,#185,#186,#187,#188,#189,#190,#191,#192,#193,#194,#195,
    #196,#197,#198,#199,#200,#201,#202,#203,#204,#205,#206,#207,#208,
    #209,#210,#211,#212,#213,#214,#215),.UNSPECIFIED.,.F.,.F.,(8,6,6,6,6
    ,6,6,6,6,6,6,6,6,6,6,6,6,6,6,6,6,6,8),(0.,6.180678537001E-02,
    0.128674974535,0.169917656284,0.200817245479,0.249952578102,
    0.298558396415,0.329647842971,0.370994516223,0.404393285111,
    0.430433525863,0.499882741833,0.570184852652,0.596251000116,
    0.629710139954,0.671233996036,0.702717467435,0.750479032371,
    0.798717826866,0.829757188883,0.871064126048,0.937219959319,1.),
  .UNSPECIFIED.);
#82 = CARTESIAN_POINT('',(45.585,31.2,19.554999945186));
#83 = CARTESIAN_POINT('',(45.585,31.2,19.077417828492));
#84 = CARTESIAN_POINT('',(45.584999996621,31.173390004459,
    18.599874188699));
#85 = CARTESIAN_POINT('',(45.585000006487,31.120178293518,
    18.123197868208));
#86 = CARTESIAN_POINT('',(45.584988630541,31.040202653674,
    17.648291212522));
#87 = CARTESIAN_POINT('',(45.584943147984,30.933174068386,
    17.176127140099));
#88 = CARTESIAN_POINT('',(45.584828434571,30.798667295125,
    16.707751335538));
#89 = CARTESIAN_POINT('',(45.584341835635,30.460133192958,
    15.742874566332));
#90 = CARTESIAN_POINT('',(45.583949743469,30.251373856441,
    15.247379856206));
#91 = CARTESIAN_POINT('',(45.583355407568,30.008986180361,14.75910837915
    ));
#92 = CARTESIAN_POINT('',(45.582475902403,29.731979982502,
    14.279817051592));
#93 = CARTESIAN_POINT('',(45.581204466886,29.419251389707,
    13.811699489512));
#94 = CARTESIAN_POINT('',(45.579407789987,29.069639126595,
    13.357370093923));
#95 = CARTESIAN_POINT('',(45.575381388419,28.442442870564,
    12.650142247285));
#96 = CARTESIAN_POINT('',(45.573581821726,28.188661941965,
    12.386843326075));
#97 = CARTESIAN_POINT('',(45.571479708089,27.920059729822,
    12.130786188546));
#98 = CARTESIAN_POINT('',(45.569031232876,27.636378178584,11.88287312268
    ));
#99 = CARTESIAN_POINT('',(45.56618847195,27.337432851368,11.644150588452
    ));
#100 = CARTESIAN_POINT('',(45.562900104504,27.023138249791,
    11.415794951366));
#101 = CARTESIAN_POINT('',(45.556274119806,26.446588409315,
    11.036746016303));
#102 = CARTESIAN_POINT('',(45.553155962237,26.191071941698,
    10.880952881521));
#103 = CARTESIAN_POINT('',(45.549735322497,25.927020520406,
    10.732272057586));
#104 = CARTESIAN_POINT('',(45.545989756861,25.65454916431,
    10.591312042261));
#105 = CARTESIAN_POINT('',(45.541897397982,25.373865221086,
    10.458723160947));
#106 = CARTESIAN_POINT('',(45.537438234433,25.085288239443,
    10.33517800803));
#107 = CARTESIAN_POINT('',(45.52489601514,24.318567776957,
    10.040334102046));
#108 = CARTESIAN_POINT('',(45.516221479343,23.828698153722,
    9.883744150315));
#109 = CARTESIAN_POINT('',(45.506513609054,23.322026442654,
    9.754551986816));
#110 = CARTESIAN_POINT('',(45.495738643857,22.801598986219,
    9.655414835239));
#111 = CARTESIAN_POINT('',(45.483902438557,22.271214270713,
    9.588453671824));
#112 = CARTESIAN_POINT('',(45.471069694237,21.735499455775,
    9.555004934769));
#113 = CARTESIAN_POINT('',(45.443848251057,20.670456799204,
    9.554995010238));
#114 = CARTESIAN_POINT('',(45.429464563489,20.140604049696,
    9.587716888796));
#115 = CARTESIAN_POINT('',(45.414371356505,19.615992204324,9.65321294842
    ));
#116 = CARTESIAN_POINT('',(45.398732636456,19.101095446197,
    9.750185520456));
#117 = CARTESIAN_POINT('',(45.382728380516,18.599584916237,
    9.876587787058));
#118 = CARTESIAN_POINT('',(45.36654037175,18.114407603926,
    10.029863456374));
#119 = CARTESIAN_POINT('',(45.339980389141,17.349432019372,
    10.320551396262));
#120 = CARTESIAN_POINT('',(45.32961013636,17.058496007189,
    10.443825534112));
#121 = CARTESIAN_POINT('',(45.3192711752,16.775515155655,10.576295564916
    ));
#122 = CARTESIAN_POINT('',(45.30900063302,16.500818982941,
    10.717277372092));
#123 = CARTESIAN_POINT('',(45.29883177547,16.234621880178,
    10.866109044942));
#124 = CARTESIAN_POINT('',(45.288793706651,15.977043554869,11.0221711068
    ));
#125 = CARTESIAN_POINT('',(45.265768593214,15.397078104633,
    11.401318247951));
#126 = CARTESIAN_POINT('',(45.252902796258,15.081386837886,
    11.629502181899));
#127 = CARTESIAN_POINT('',(45.240371058627,14.781093220933,
    11.86815101499));
#128 = CARTESIAN_POINT('',(45.228221501558,14.496115268872,
    12.116079716772));
#129 = CARTESIAN_POINT('',(45.216493809692,14.226270958497,
    12.372233801402));
#130 = CARTESIAN_POINT('',(45.205219751521,13.971303723023,
    12.635703768272));
#131 = CARTESIAN_POINT('',(45.185702929653,13.536722481825,
    13.123867428375));
#132 = CARTESIAN_POINT('',(45.177294818998,13.352061031055,
    13.346261150072));
#133 = CARTESIAN_POINT('',(45.169212693501,13.176770056392,
    13.572513909307));
#134 = CARTESIAN_POINT('',(45.161467970241,13.010698019149,
    13.802255157839));
#135 = CARTESIAN_POINT('',(45.154070313994,12.853695931125,
    14.03515065623));
#136 = CARTESIAN_POINT('',(45.147027793485,12.705617905669,
    14.27090253248));
#137 = CARTESIAN_POINT('',(45.135138208187,12.457715714433,
    14.695082785248));
#138 = CARTESIAN_POINT('',(45.130149420976,12.35445041098,
    14.882489747764));
#139 = CARTESIAN_POINT('',(45.125383853929,12.256460071476,
    15.071344100273));
#140 = CARTESIAN_POINT('',(45.120844343179,12.163683000831,
    15.261527612799));
#141 = CARTESIAN_POINT('',(45.116533383053,12.076061535765,
    15.45292995332));
#142 = CARTESIAN_POINT('',(45.112453126078,11.993542044813,
    15.64544868777));
#143 = CARTESIAN_POINT('',(45.098343467823,11.709470444331,
    16.355161250923));
#144 = CARTESIAN_POINT('',(45.089737020718,11.538832709212,
    16.878523984405));
#145 = CARTESIAN_POINT('',(45.082818266642,11.403161919273,
    17.407380015399));
#146 = CARTESIAN_POINT('',(45.077611388069,11.301794361481,
    17.940180564535));
#147 = CARTESIAN_POINT('',(45.074130517121,11.234275005233,
    18.475508530565));
#148 = CARTESIAN_POINT('',(45.072380948592,11.200338984726,
    19.012073670302));
#149 = CARTESIAN_POINT('',(45.072345985706,11.199660820287,
    20.091956730234));
#150 = CARTESIAN_POINT('',(45.074103403377,11.233749103828,
    20.635129335188));
#151 = CARTESIAN_POINT('',(45.077634953335,11.302246466843,
    21.177041899839));
#152 = CARTESIAN_POINT('',(45.082935213573,11.405428680316,
    21.716356539397));
#153 = CARTESIAN_POINT('',(45.089989444565,11.543770078674,
    22.25160141107));
#154 = CARTESIAN_POINT('',(45.098772289332,11.717963309198,
    22.78116550374));
#155 = CARTESIAN_POINT('',(45.113134776973,12.007324079297,
    23.496866363678));
#156 = CARTESIAN_POINT('',(45.117252362075,12.090660082884,
    23.689417134458));
#157 = CARTESIAN_POINT('',(45.121600857062,12.179114592041,
    23.880837100017));
#158 = CARTESIAN_POINT('',(45.126178073766,12.272741813082,
    24.071022850214));
#159 = CARTESIAN_POINT('',(45.13098147671,12.371599971442,
    24.259862948722));
#160 = CARTESIAN_POINT('',(45.136008183106,12.475751311673,
    24.447237933026));
#161 = CARTESIAN_POINT('',(45.147989856758,12.725832801272,
    24.871495090447));
#162 = CARTESIAN_POINT('',(45.155087149363,12.875230404208,
    25.107339166802));
#163 = CARTESIAN_POINT('',(45.162540087823,13.033598688724,
    25.340287671467));
#164 = CARTESIAN_POINT('',(45.170340448245,13.201084874292,
    25.570038599465));
#165 = CARTESIAN_POINT('',(45.178478376459,13.377838997594,
    25.796252895633));
#166 = CARTESIAN_POINT('',(45.18694222877,13.564013292732,
    26.018554537403));
#167 = CARTESIAN_POINT('',(45.206609935959,14.00269140741,
    26.507045861718));
#168 = CARTESIAN_POINT('',(45.217981298539,14.260341202996,
    26.770870286075));
#169 = CARTESIAN_POINT('',(45.229807462739,14.533019633557,
    27.027237045094));
#170 = CARTESIAN_POINT('',(45.242055742709,14.820983445595,
    27.275215178029));
#171 = CARTESIAN_POINT('',(45.254685282339,15.124410487703,
    27.513725088222));
#172 = CARTESIAN_POINT('',(45.267646533125,15.443372741531,
    27.741554022402));
#173 = CARTESIAN_POINT('',(45.290914928342,16.031379865631,
    28.12100483448));
#174 = CARTESIAN_POINT('',(45.301105139683,16.293822546235,
    28.277717975342));
#175 = CARTESIAN_POINT('',(45.311425011052,16.565087954261,
    28.42692013775));
#176 = CARTESIAN_POINT('',(45.32184377995,16.845040036614,
    28.567962016155));
#177 = CARTESIAN_POINT('',(45.332326295148,17.133440606505,
    28.700150958224));
#178 = CARTESIAN_POINT('',(45.342833366507,17.429927147,28.822773353512)
  );
#179 = CARTESIAN_POINT('',(45.369234758675,18.195249090876,
    29.105564716683));
#180 = CARTESIAN_POINT('',(45.38511675113,18.67425765249,29.252485210617
    ));
#181 = CARTESIAN_POINT('',(45.400801875541,19.168733309699,
    29.373175607957));
#182 = CARTESIAN_POINT('',(45.416116696742,19.675788980295,
    29.465242478241));
#183 = CARTESIAN_POINT('',(45.430891017431,20.191873206539,
    29.526796023185));
#184 = CARTESIAN_POINT('',(45.444970889152,20.712706018796,
    29.556669314829));
#185 = CARTESIAN_POINT('',(45.471618095795,21.75875693101,29.55320357733
    ));
#186 = CARTESIAN_POINT('',(45.484181440917,22.284458672376,
    29.519228298474));
#187 = CARTESIAN_POINT('',(45.495783292987,22.80491424893,
    29.452997158258));
#188 = CARTESIAN_POINT('',(45.506363219522,23.315754538925,
    29.355785329087));
#189 = CARTESIAN_POINT('',(45.515915357023,23.813385270964,
    29.229595300001));
#190 = CARTESIAN_POINT('',(45.524470829531,24.294911295682,
    29.076929267051));
#191 = CARTESIAN_POINT('',(45.536983249941,25.056096733415,
    28.787129153837));
#192 = CARTESIAN_POINT('',(45.54149440058,25.34665267138,28.663813227776
    ));
#193 = CARTESIAN_POINT('',(45.545634040764,25.62926880975,
    28.531323396769));
#194 = CARTESIAN_POINT('',(45.549422323613,25.90361421361,
    28.390342605883));
#195 = CARTESIAN_POINT('',(45.552881355399,26.16947332298,
    28.241531930315));
#196 = CARTESIAN_POINT('',(45.556033868964,26.426725479581,
    28.08551028375));
#197 = CARTESIAN_POINT('',(45.562720072664,27.006171986168,
    27.706360960355));
#198 = CARTESIAN_POINT('',(45.566034368981,27.321659127018,
    27.47813375289));
#199 = CARTESIAN_POINT('',(45.568899696351,27.621746936967,
    27.239461536975));
#200 = CARTESIAN_POINT('',(45.571367707289,27.906517354391,
    26.991530699527));
#201 = CARTESIAN_POINT('',(45.573486670298,28.176153347486,
    26.735396770492));
#202 = CARTESIAN_POINT('',(45.575300731635,28.430913065719,
    26.471969786697));
#203 = CARTESIAN_POINT('',(45.579329116438,29.055785885287,
    25.769624364757));
#204 = CARTESIAN_POINT('',(45.581126875903,29.402941609018,
    25.320642203557));
#205 = CARTESIAN_POINT('',(45.582406048068,29.713955217618,
    24.858079329101));
#206 = CARTESIAN_POINT('',(45.583296545981,29.989954572863,
    24.38448319522));
#207 = CARTESIAN_POINT('',(45.583902709958,30.232013562536,
    23.901993354771));
#208 = CARTESIAN_POINT('',(45.584305914909,30.44109899372,
    23.412326404275));
#209 = CARTESIAN_POINT('',(45.584817337807,30.785858679166,
    22.446479730982));
#210 = CARTESIAN_POINT('',(45.584939481681,30.924681744204,
    21.971034858836));
#211 = CARTESIAN_POINT('',(45.584987897412,31.035126632021,
    21.491612730431));
#212 = CARTESIAN_POINT('',(45.585000007342,31.117645352055,21.00931446)
  );
#213 = CARTESIAN_POINT('',(45.58499999617,31.172545383317,
    20.525162324289));
#214 = CARTESIAN_POINT('',(45.585,31.199999985356,20.040102201497));
#215 = CARTESIAN_POINT('',(45.585,31.2,19.555000247061));
#216 = PCURVE('',#32,#217);
#217 = DEFINITIONAL_REPRESENTATION('',(#218),#353);
#218 = B_SPLINE_CURVE_WITH_KNOTS('',7,(#219,#220,#221,#222,#223,#224,
    #225,#226,#227,#228,#229,#230,#231,#232,#233,#234,#235,#236,#237,
    #238,#239,#240,#241,#242,#243,#244,#245,#246,#247,#248,#249,#250,
    #251,#252,#253,#254,#255,#256,#257,#258,#259,#260,#261,#262,#263,
    #264,#265,#266,#267,#268,#269,#270,#271,#272,#273,#274,#275,#276,
    #277,#278,#279,#280,#281,#282,#283,#284,#285,#286,#287,#288,#289,
    #290,#291,#292,#293,#294,#295,#296,#297,#298,#299,#300,#301,#302,
    #303,#304,#305,#306,#307,#308,#309,#310,#311,#312,#313,#314,#315,
    #316,#317,#318,#319,#320,#321,#322,#323,#324,#325,#326,#327,#328,
    #329,#330,#331,#332,#333,#334,#335,#336,#337,#338,#339,#340,#341,
    #342,#343,#344,#345,#346,#347,#348,#349,#350,#351,#352),
  .UNSPECIFIED.,.F.,.F.,(8,6,6,6,6,6,6,6,6,6,6,6,6,6,6,6,6,6,6,6,6,6,8),
  (0.,6.180678537001E-02,0.128674974535,0.169917656284,0.200817245479,
    0.249952578102,0.298558396415,0.329647842971,0.370994516223,
    0.404393285111,0.430433525863,0.499882741833,0.570184852652,
    0.596251000116,0.629710139954,0.671233996036,0.702717467435,
    0.750479032371,0.798717826866,0.829757188883,0.871064126048,
    0.937219959319,1.),.UNSPECIFIED.);
#219 = CARTESIAN_POINT('',(6.28318530718,-16.));
#220 = CARTESIAN_POINT('',(6.23542709551,-16.));
#221 = CARTESIAN_POINT('',(6.187672690351,-16.00000000337));
#222 = CARTESIAN_POINT('',(6.139827282987,-15.99999999351));
#223 = CARTESIAN_POINT('',(6.091802798463,-16.00001136945));
#224 = CARTESIAN_POINT('',(6.043512327601,-16.00005685201));
#225 = CARTESIAN_POINT('',(5.994862944527,-16.00017156542));
#226 = CARTESIAN_POINT('',(5.892608726126,-16.00065816436));
#227 = CARTESIAN_POINT('',(5.838942154464,-16.00105025653));
#228 = CARTESIAN_POINT('',(5.784598668121,-16.00164459243));
#229 = CARTESIAN_POINT('',(5.729444635264,-16.00252409759));
#230 = CARTESIAN_POINT('',(5.673345341878,-16.00379553311));
#231 = CARTESIAN_POINT('',(5.616156740789,-16.00559221001));
#232 = CARTESIAN_POINT('',(5.521629159066,-16.00961861158));
#233 = CARTESIAN_POINT('',(5.485091347259,-16.01141817827));
#234 = CARTESIAN_POINT('',(5.448035451387,-16.01352029191));
#235 = CARTESIAN_POINT('',(5.410425972873,-16.01596876712));
#236 = CARTESIAN_POINT('',(5.372231786426,-16.01881152805));
#237 = CARTESIAN_POINT('',(5.333424879741,-16.02209989549));
#238 = CARTESIAN_POINT('',(5.26442576281,-16.02872588019));
#239 = CARTESIAN_POINT('',(5.234516514052,-16.03184403776));
#240 = CARTESIAN_POINT('',(5.204242634581,-16.0352646775));
#241 = CARTESIAN_POINT('',(5.17360047881,-16.03901024313));
#242 = CARTESIAN_POINT('',(5.142591316205,-16.04310260201));
#243 = CARTESIAN_POINT('',(5.111222165924,-16.04756176556));
#244 = CARTESIAN_POINT('',(5.029076368923,-16.06010398486));
#245 = CARTESIAN_POINT('',(4.977733172642,-16.06877852065));
#246 = CARTESIAN_POINT('',(4.925595708186,-16.07848639094));
#247 = CARTESIAN_POINT('',(4.87279970682,-16.08926135614));
#248 = CARTESIAN_POINT('',(4.819510428145,-16.10109756144));
#249 = CARTESIAN_POINT('',(4.765938925965,-16.11393030576));
#250 = CARTESIAN_POINT('',(4.659434660303,-16.14115174894));
#251 = CARTESIAN_POINT('',(4.606449427255,-16.15553543651));
#252 = CARTESIAN_POINT('',(4.553745575461,-16.17062864349));
#253 = CARTESIAN_POINT('',(4.501527284746,-16.18626736354));
#254 = CARTESIAN_POINT('',(4.449953849364,-16.20227161948));
#255 = CARTESIAN_POINT('',(4.399155624934,-16.21845962825));
#256 = CARTESIAN_POINT('',(4.31732121143,-16.24501961085));
#257 = CARTESIAN_POINT('',(4.285746081631,-16.25538986364));
#258 = CARTESIAN_POINT('',(4.254534779957,-16.2657288248));
#259 = CARTESIAN_POINT('',(4.223694544555,-16.27599936698));
#260 = CARTESIAN_POINT('',(4.193226723626,-16.28616822453));
#261 = CARTESIAN_POINT('',(4.163127641754,-16.29620629334));
#262 = CARTESIAN_POINT('',(4.093837492519,-16.31923140678));
#263 = CARTESIAN_POINT('',(4.054927910172,-16.33209720374));
#264 = CARTESIAN_POINT('',(4.016633354375,-16.34462894137));
#265 = CARTESIAN_POINT('',(3.978925646273,-16.35677849844));
#266 = CARTESIAN_POINT('',(3.941773491965,-16.3685061903));
#267 = CARTESIAN_POINT('',(3.905141207882,-16.37978024847));
#268 = CARTESIAN_POINT('',(3.839783376351,-16.39929707034));
#269 = CARTESIAN_POINT('',(3.810893957385,-16.407705181));
#270 = CARTESIAN_POINT('',(3.782298708806,-16.41578730649));
#271 = CARTESIAN_POINT('',(3.753978452982,-16.42353202975));
#272 = CARTESIAN_POINT('',(3.725914693761,-16.430929686));
#273 = CARTESIAN_POINT('',(3.698088995113,-16.43797220651));
#274 = CARTESIAN_POINT('',(3.648958110401,-16.44986179181));
#275 = CARTESIAN_POINT('',(3.627567415819,-16.45485057902));
#276 = CARTESIAN_POINT('',(3.606301733118,-16.45961614607));
#277 = CARTESIAN_POINT('',(3.585152730107,-16.46415565682));
#278 = CARTESIAN_POINT('',(3.564112285315,-16.46846661694));
#279 = CARTESIAN_POINT('',(3.543172487992,-16.47254687392));
#280 = CARTESIAN_POINT('',(3.466727174434,-16.48665653217));
#281 = CARTESIAN_POINT('',(3.411797563617,-16.49526297928));
#282 = CARTESIAN_POINT('',(3.35737703857,-16.50218173335));
#283 = CARTESIAN_POINT('',(3.303333147724,-16.50738861193));
#284 = CARTESIAN_POINT('',(3.249544022085,-16.51086948287));
#285 = CARTESIAN_POINT('',(3.195885291702,-16.5126190514));
#286 = CARTESIAN_POINT('',(3.087896964414,-16.51265401429));
#287 = CARTESIAN_POINT('',(3.033581750792,-16.51089659662));
#288 = CARTESIAN_POINT('',(2.979133322458,-16.50736504666));
#289 = CARTESIAN_POINT('',(2.924422701437,-16.50206478642));
#290 = CARTESIAN_POINT('',(2.86932364162,-16.49501055543));
#291 = CARTESIAN_POINT('',(2.813698704288,-16.48622771066));
#292 = CARTESIAN_POINT('',(2.736500428648,-16.47186522302));
#293 = CARTESIAN_POINT('',(2.715525418391,-16.46774763792));
#294 = CARTESIAN_POINT('',(2.69444861406,-16.46339914293));
#295 = CARTESIAN_POINT('',(2.673262061081,-16.45882192623));
#296 = CARTESIAN_POINT('',(2.651957592996,-16.45401852329));
#297 = CARTESIAN_POINT('',(2.630526831456,-16.44899181689));
#298 = CARTESIAN_POINT('',(2.58127900033,-16.43701014324));
#299 = CARTESIAN_POINT('',(2.553375218395,-16.42991285063));
#300 = CARTESIAN_POINT('',(2.525230681254,-16.42245991217));
#301 = CARTESIAN_POINT('',(2.49682681286,-16.41465955175));
#302 = CARTESIAN_POINT('',(2.468144991341,-16.40652162354));
#303 = CARTESIAN_POINT('',(2.439165920066,-16.39805777123));
#304 = CARTESIAN_POINT('',(2.373510588049,-16.37839006404));
#305 = CARTESIAN_POINT('',(2.336666433231,-16.36701870146));
#306 = CARTESIAN_POINT('',(2.299294612397,-16.35519253726));
#307 = CARTESIAN_POINT('',(2.261359100341,-16.34294425729));
#308 = CARTESIAN_POINT('',(2.222828510226,-16.33031471766));
#309 = CARTESIAN_POINT('',(2.183674835309,-16.31735346687));
#310 = CARTESIAN_POINT('',(2.113693745236,-16.29408507165));
#311 = CARTESIAN_POINT('',(2.083145055073,-16.28389486031));
#312 = CARTESIAN_POINT('',(2.052217395162,-16.27357498894));
#313 = CARTESIAN_POINT('',(2.020907608656,-16.26315622005));
#314 = CARTESIAN_POINT('',(1.989217941649,-16.25267370485));
#315 = CARTESIAN_POINT('',(1.957157027544,-16.24216663349));
#316 = CARTESIAN_POINT('',(1.875567283528,-16.21576524132));
#317 = CARTESIAN_POINT('',(1.825543385304,-16.19988324887));
#318 = CARTESIAN_POINT('',(1.77478364424,-16.18419812445));
#319 = CARTESIAN_POINT('',(1.723417115065,-16.16888330325));
#320 = CARTESIAN_POINT('',(1.671599094473,-16.15410898256));
#321 = CARTESIAN_POINT('',(1.61952600449,-16.14002911084));
#322 = CARTESIAN_POINT('',(1.514920339142,-16.1133819042));
#323 = CARTESIAN_POINT('',(1.462339207561,-16.10081855908));
#324 = CARTESIAN_POINT('',(1.410034735492,-16.08921670701));
#325 = CARTESIAN_POINT('',(1.358206614358,-16.07863678047));
#326 = CARTESIAN_POINT('',(1.307011387158,-16.06908464297));
#327 = CARTESIAN_POINT('',(1.256577941463,-16.06052917046));
#328 = CARTESIAN_POINT('',(1.175129345635,-16.04801675005));
#329 = CARTESIAN_POINT('',(1.143587501696,-16.04350559942));
#330 = CARTESIAN_POINT('',(1.112408281914,-16.03936595923));
#331 = CARTESIAN_POINT('',(1.081599188057,-16.03557767638));
#332 = CARTESIAN_POINT('',(1.051161800609,-16.0321186446));
#333 = CARTESIAN_POINT('',(1.021092653298,-16.02896613103));
#334 = CARTESIAN_POINT('',(0.951845814856,-16.02227992733));
#335 = CARTESIAN_POINT('',(0.912950195304,-16.01896563101));
#336 = CARTESIAN_POINT('',(0.874670224295,-16.01610030364));
#337 = CARTESIAN_POINT('',(0.83697795116,-16.01363229271));
#338 = CARTESIAN_POINT('',(0.799842216924,-16.0115133297));
#339 = CARTESIAN_POINT('',(0.763227399754,-16.00969926836));
#340 = CARTESIAN_POINT('',(0.669219148395,-16.00567088356));
#341 = CARTESIAN_POINT('',(0.61259977312,-16.00387312409));
#342 = CARTESIAN_POINT('',(0.55705161707,-16.00259395193));
#343 = CARTESIAN_POINT('',(0.502434805742,-16.00170345401));
#344 = CARTESIAN_POINT('',(0.448618475854,-16.00109729004));
#345 = CARTESIAN_POINT('',(0.395472746521,-16.00069408509));
#346 = CARTESIAN_POINT('',(0.292919392748,-16.00018266219));
#347 = CARTESIAN_POINT('',(0.243475091211,-16.00006051831));
#348 = CARTESIAN_POINT('',(0.194407059017,-16.00001210258));
#349 = CARTESIAN_POINT('',(0.145617793446,-15.99999999265));
#350 = CARTESIAN_POINT('',(9.701628412688E-02,-16.00000000383));
#351 = CARTESIAN_POINT('',(4.851022563107E-02,-16.));
#352 = CARTESIAN_POINT('',(3.018753069739E-08,-16.));
#353 = ( GEOMETRIC_REPRESENTATION_CONTEXT(2) 
PARAMETRIC_REPRESENTATION_CONTEXT() REPRESENTATION_CONTEXT('2D SPACE',''
  ) );
#354 = PCURVE('',#355,#363);
#355 = SURFACE_OF_LINEAR_EXTRUSION('',#356,#361);
#356 = ELLIPSE('',#357,133.73517127214,45.585);
#357 = AXIS2_PLACEMENT_3D('',#358,#359,#360);
#358 = CARTESIAN_POINT('',(2.715971436486E-14,31.2,-1.42108547152E-14));
#359 = DIRECTION('',(-8.881784197001E-16,4.437342591868E-31,1.));
#360 = DIRECTION('',(-8.124258763724E-16,-1.,-2.778448718131E-31));
#361 = VECTOR('',#362,1.);
#362 = DIRECTION('',(-3.451266460342E-31,-8.881784197001E-16,-1.));
#363 = DEFINITIONAL_REPRESENTATION('',(#364),#499);
#364 = B_SPLINE_CURVE_WITH_KNOTS('',7,(#365,#366,#367,#368,#369,#370,
    #371,#372,#373,#374,#375,#376,#377,#378,#379,#380,#381,#382,#383,
    #384,#385,#386,#387,#388,#389,#390,#391,#392,#393,#394,#395,#396,
    #397,#398,#399,#400,#401,#402,#403,#404,#405,#406,#407,#408,#409,
    #410,#411,#412,#413,#414,#415,#416,#417,#418,#419,#420,#421,#422,
    #423,#424,#425,#426,#427,#428,#429,#430,#431,#432,#433,#434,#435,
    #436,#437,#438,#439,#440,#441,#442,#443,#444,#445,#446,#447,#448,
    #449,#450,#451,#452,#453,#454,#455,#456,#457,#458,#459,#460,#461,
    #462,#463,#464,#465,#466,#467,#468,#469,#470,#471,#472,#473,#474,
    #475,#476,#477,#478,#479,#480,#481,#482,#483,#484,#485,#486,#487,
    #488,#489,#490,#491,#492,#493,#494,#495,#496,#497,#498),
  .UNSPECIFIED.,.F.,.F.,(8,6,6,6,6,6,6,6,6,6,6,6,6,6,6,6,6,6,6,6,6,6,8),
  (0.,6.180678537001E-02,0.128674974535,0.169917656284,0.200817245479,
    0.249952578102,0.298558396415,0.329647842971,0.370994516223,
    0.404393285111,0.430433525863,0.499882741833,0.570184852652,
    0.596251000116,0.629710139954,0.671233996036,0.702717467435,
    0.750479032371,0.798717826866,0.829757188883,0.871064126048,
    0.937219959319,1.),.UNSPECIFIED.);
#365 = CARTESIAN_POINT('',(7.853981633974,-19.55499994518));
#366 = CARTESIAN_POINT('',(7.853981633974,-19.07741782849));
#367 = CARTESIAN_POINT('',(7.853782658671,-18.59987418869));
#368 = CARTESIAN_POINT('',(7.853384770009,-18.1231978682));
#369 = CARTESIAN_POINT('',(7.852786754976,-17.64829121252));
#370 = CARTESIAN_POINT('',(7.851986452524,-17.17612714009));
#371 = CARTESIAN_POINT('',(7.850980681221,-16.70775133553));
#372 = CARTESIAN_POINT('',(7.848449281972,-15.74287456633));
#373 = CARTESIAN_POINT('',(7.84688826905,-15.2473798562));
#374 = CARTESIAN_POINT('',(7.845075781196,-14.75910837914));
#375 = CARTESIAN_POINT('',(7.843004396882,-14.27981705159));
#376 = CARTESIAN_POINT('',(7.840665829465,-13.81169948951));
#377 = CARTESIAN_POINT('',(7.838051337507,-13.35737009392));
#378 = CARTESIAN_POINT('',(7.833360668053,-12.65014224728));
#379 = CARTESIAN_POINT('',(7.831462623265,-12.38684332607));
#380 = CARTESIAN_POINT('',(7.829453638133,-12.13078618854));
#381 = CARTESIAN_POINT('',(7.827331750911,-11.88287312268));
#382 = CARTESIAN_POINT('',(7.825095541424,-11.64415058845));
#383 = CARTESIAN_POINT('',(7.822744318515,-11.41579495136));
#384 = CARTESIAN_POINT('',(7.818430737835,-11.0367460163));
#385 = CARTESIAN_POINT('',(7.816518902582,-10.88095288152));
#386 = CARTESIAN_POINT('',(7.814543049843,-10.73227205758));
#387 = CARTESIAN_POINT('',(7.812504009111,-10.59131204226));
#388 = CARTESIAN_POINT('',(7.810403296441,-10.45872316094));
#389 = CARTESIAN_POINT('',(7.808243263774,-10.33517800803));
#390 = CARTESIAN_POINT('',(7.802503540385,-10.04033410204));
#391 = CARTESIAN_POINT('',(7.798835646675,-9.883744150315));
#392 = CARTESIAN_POINT('',(7.795041102239,-9.754551986816));
#393 = CARTESIAN_POINT('',(7.791142526738,-9.655414835238));
#394 = CARTESIAN_POINT('',(7.787168175627,-9.588453671824));
#395 = CARTESIAN_POINT('',(7.783152551461,-9.555004934769));
#396 = CARTESIAN_POINT('',(7.775166375549,-9.554995010238));
#397 = CARTESIAN_POINT('',(7.771191918015,-9.587716888796));
#398 = CARTESIAN_POINT('',(7.76725527335,-9.653212948421));
#399 = CARTESIAN_POINT('',(7.763389969231,-9.750185520455));
#400 = CARTESIAN_POINT('',(7.759623598073,-9.876587787058));
#401 = CARTESIAN_POINT('',(7.755978391267,-10.02986345637));
#402 = CARTESIAN_POINT('',(7.750228715791,-10.32055139626));
#403 = CARTESIAN_POINT('',(7.748041397615,-10.44382553411));
#404 = CARTESIAN_POINT('',(7.745913308773,-10.57629556491));
#405 = CARTESIAN_POINT('',(7.743846968817,-10.71727737209));
#406 = CARTESIAN_POINT('',(7.741844036494,-10.86610904494));
#407 = CARTESIAN_POINT('',(7.739905460731,-11.0221711068));
#408 = CARTESIAN_POINT('',(7.735539473444,-11.40131824795));
#409 = CARTESIAN_POINT('',(7.733162101476,-11.62950218189));
#410 = CARTESIAN_POINT('',(7.730899914356,-11.86815101499));
#411 = CARTESIAN_POINT('',(7.728752410463,-12.11607971677));
#412 = CARTESIAN_POINT('',(7.726718331837,-12.3722338014));
#413 = CARTESIAN_POINT('',(7.72479585253,-12.63570376827));
#414 = CARTESIAN_POINT('',(7.721518203526,-13.12386742837));
#415 = CARTESIAN_POINT('',(7.720125141308,-13.34626115007));
#416 = CARTESIAN_POINT('',(7.718802475165,-13.5725139093));
#417 = CARTESIAN_POINT('',(7.717549111466,-13.80225515783));
#418 = CARTESIAN_POINT('',(7.716363972133,-14.03515065623));
#419 = CARTESIAN_POINT('',(7.715245998678,-14.27090253248));
#420 = CARTESIAN_POINT('',(7.713374059246,-14.69508278524));
#421 = CARTESIAN_POINT('',(7.712594180058,-14.88248974776));
#422 = CARTESIAN_POINT('',(7.711854040927,-15.07134410027));
#423 = CARTESIAN_POINT('',(7.711153193162,-15.26152761279));
#424 = CARTESIAN_POINT('',(7.710491217135,-15.45292995332));
#425 = CARTESIAN_POINT('',(7.709867722277,-15.64544868777));
#426 = CARTESIAN_POINT('',(7.707721153843,-16.35516125092));
#427 = CARTESIAN_POINT('',(7.706431326651,-16.8785239844));
#428 = CARTESIAN_POINT('',(7.705405563467,-17.40738001539));
#429 = CARTESIAN_POINT('',(7.704639032999,-17.94018056453));
#430 = CARTESIAN_POINT('',(7.704128417543,-18.47550853056));
#431 = CARTESIAN_POINT('',(7.703871776047,-19.0120736703));
#432 = CARTESIAN_POINT('',(7.703866647421,-20.09195673023));
#433 = CARTESIAN_POINT('',(7.704124440407,-20.63512933518));
#434 = CARTESIAN_POINT('',(7.70464245289,-21.17704189983));
#435 = CARTESIAN_POINT('',(7.705422706148,-21.71635653939));
#436 = CARTESIAN_POINT('',(7.706468658572,-22.25160141107));
#437 = CARTESIAN_POINT('',(7.707785351711,-22.78116550374));
#438 = CARTESIAN_POINT('',(7.709971856166,-23.49686636367));
#439 = CARTESIAN_POINT('',(7.710601510782,-23.68941713445));
#440 = CARTESIAN_POINT('',(7.711269769603,-23.88083710001));
#441 = CARTESIAN_POINT('',(7.711977027361,-24.07102285021));
#442 = CARTESIAN_POINT('',(7.712723707748,-24.25986294872));
#443 = CARTESIAN_POINT('',(7.713510263415,-24.44723793302));
#444 = CARTESIAN_POINT('',(7.715398621012,-24.87149509044));
#445 = CARTESIAN_POINT('',(7.716526532927,-25.1073391668));
#446 = CARTESIAN_POINT('',(7.717721957754,-25.34028767146));
#447 = CARTESIAN_POINT('',(7.718985963501,-25.57003859946));
#448 = CARTESIAN_POINT('',(7.720319635595,-25.79625289563));
#449 = CARTESIAN_POINT('',(7.721724072338,-26.0185545374));
#450 = CARTESIAN_POINT('',(7.725032525533,-26.50704586171));
#451 = CARTESIAN_POINT('',(7.726975171451,-26.77087028607));
#452 = CARTESIAN_POINT('',(7.729030544955,-27.02723704509));
#453 = CARTESIAN_POINT('',(7.731200471386,-27.27521517802));
#454 = CARTESIAN_POINT('',(7.73348617534,-27.51372508822));
#455 = CARTESIAN_POINT('',(7.735888081419,-27.7415540224));
#456 = CARTESIAN_POINT('',(7.74031441401,-28.12100483448));
#457 = CARTESIAN_POINT('',(7.742289506435,-28.27771797534));
#458 = CARTESIAN_POINT('',(7.744330469751,-28.42692013774));
#459 = CARTESIAN_POINT('',(7.746436230444,-28.56796201615));
#460 = CARTESIAN_POINT('',(7.748604949523,-28.70015095822));
#461 = CARTESIAN_POINT('',(7.750833858599,-28.82277335351));
#462 = CARTESIAN_POINT('',(7.75658575929,-29.10556471668));
#463 = CARTESIAN_POINT('',(7.760184406482,-29.25248521061));
#464 = CARTESIAN_POINT('',(7.763897753776,-29.37317560795));
#465 = CARTESIAN_POINT('',(7.767704030916,-29.46524247824));
#466 = CARTESIAN_POINT('',(7.771576552101,-29.52679602318));
#467 = CARTESIAN_POINT('',(7.775483249551,-29.55666931482));
#468 = CARTESIAN_POINT('',(7.783326871234,-29.55320357733));
#469 = CARTESIAN_POINT('',(7.787267395311,-29.51922829847));
#470 = CARTESIAN_POINT('',(7.791167328479,-29.45299715825));
#471 = CARTESIAN_POINT('',(7.79499409286,-29.35578532908));
#472 = CARTESIAN_POINT('',(7.798720951384,-29.2295953));
#473 = CARTESIAN_POINT('',(7.802326406026,-29.07692926705));
#474 = CARTESIAN_POINT('',(7.808024757863,-28.78712915383));
#475 = CARTESIAN_POINT('',(7.810199624465,-28.66381322777));
#476 = CARTESIAN_POINT('',(7.812314816,-28.53132339676));
#477 = CARTESIAN_POINT('',(7.814367896054,-28.39034260588));
#478 = CARTESIAN_POINT('',(7.816357287817,-28.24153193031));
#479 = CARTESIAN_POINT('',(7.818282120216,-28.08551028375));
#480 = CARTESIAN_POINT('',(7.822617392868,-27.70636096035));
#481 = CARTESIAN_POINT('',(7.824977546098,-27.47813375289));
#482 = CARTESIAN_POINT('',(7.827222308804,-27.23946153697));
#483 = CARTESIAN_POINT('',(7.829352346102,-26.99153069952));
#484 = CARTESIAN_POINT('',(7.831369067661,-26.73539677049));
#485 = CARTESIAN_POINT('',(7.833274436308,-26.47196978669));
#486 = CARTESIAN_POINT('',(7.837947736264,-25.76962436475));
#487 = CARTESIAN_POINT('',(7.840543862481,-25.32064220355));
#488 = CARTESIAN_POINT('',(7.842869609388,-24.85807932909));
#489 = CARTESIAN_POINT('',(7.844933467735,-24.38448319522));
#490 = CARTESIAN_POINT('',(7.846743499772,-23.90199335477));
#491 = CARTESIAN_POINT('',(7.848306952353,-23.41232640427));
#492 = CARTESIAN_POINT('',(7.850884905086,-22.44647973098));
#493 = CARTESIAN_POINT('',(7.85192295147,-21.97103485883));
#494 = CARTESIAN_POINT('',(7.852748799203,-21.49161273043));
#495 = CARTESIAN_POINT('',(7.853365830031,-21.00931446));
#496 = CARTESIAN_POINT('',(7.853776343045,-20.52516232428));
#497 = CARTESIAN_POINT('',(7.853981633865,-20.04010220149));
#498 = CARTESIAN_POINT('',(7.853981633974,-19.55500024706));
#499 = ( GEOMETRIC_REPRESENTATION_CONTEXT(2) 
PARAMETRIC_REPRESENTATION_CONTEXT() REPRESENTATION_CONTEXT('2D SPACE',''
  ) );
#500 = ADVANCED_FACE('',(#501),#66,.T.);
#501 = FACE_BOUND('',#502,.T.);
#502 = EDGE_LOOP('',(#503,#525,#526,#527));
#503 = ORIENTED_EDGE('',*,*,#504,.F.);
#504 = EDGE_CURVE('',#22,#505,#507,.T.);
#505 = VERTEX_POINT('',#506);
#506 = CARTESIAN_POINT('',(61.585,27.2,19.554999945186));
#507 = SEAM_CURVE('',#508,(#513,#519),.PCURVE_S1.);
#508 = CIRCLE('',#509,4.);
#509 = AXIS2_PLACEMENT_3D('',#510,#511,#512);
#510 = CARTESIAN_POINT('',(57.585,27.2,19.554999945186));
#511 = DIRECTION('',(4.440892098501E-16,-3.552713678801E-16,-1.));
#512 = DIRECTION('',(5.551115123126E-16,1.,-3.552713678801E-16));
#513 = PCURVE('',#66,#514);
#514 = DEFINITIONAL_REPRESENTATION('',(#515),#518);
#515 = B_SPLINE_CURVE_WITH_KNOTS('',1,(#516,#517),.UNSPECIFIED.,.F.,.F.,
  (2,2),(0.,1.570796326795),.PIECEWISE_BEZIER_KNOTS.);
#516 = CARTESIAN_POINT('',(0.,0.));
#517 = CARTESIAN_POINT('',(0.,1.570796326795));
#518 = ( GEOMETRIC_REPRESENTATION_CONTEXT(2) 
PARAMETRIC_REPRESENTATION_CONTEXT() REPRESENTATION_CONTEXT('2D SPACE',''
  ) );
#519 = PCURVE('',#66,#520);
#520 = DEFINITIONAL_REPRESENTATION('',(#521),#524);
#521 = B_SPLINE_CURVE_WITH_KNOTS('',1,(#522,#523),.UNSPECIFIED.,.F.,.F.,
  (2,2),(0.,1.570796326795),.PIECEWISE_BEZIER_KNOTS.);
#522 = CARTESIAN_POINT('',(6.28318530718,0.));
#523 = CARTESIAN_POINT('',(6.28318530718,1.570796326795));
#524 = ( GEOMETRIC_REPRESENTATION_CONTEXT(2) 
PARAMETRIC_REPRESENTATION_CONTEXT() REPRESENTATION_CONTEXT('2D SPACE',''
  ) );
#525 = ORIENTED_EDGE('',*,*,#51,.T.);
#526 = ORIENTED_EDGE('',*,*,#504,.T.);
#527 = ORIENTED_EDGE('',*,*,#528,.F.);
#528 = EDGE_CURVE('',#505,#505,#529,.T.);
#529 = SURFACE_CURVE('',#530,(#535,#542),.PCURVE_S1.);
#530 = CIRCLE('',#531,6.);
#531 = AXIS2_PLACEMENT_3D('',#532,#533,#534);
#532 = CARTESIAN_POINT('',(61.585,21.2,19.554999945186));
#533 = DIRECTION('',(1.,-5.551115123126E-16,1.848892746612E-31));
#534 = DIRECTION('',(5.551115123126E-16,1.,-3.552713678801E-16));
#535 = PCURVE('',#66,#536);
#536 = DEFINITIONAL_REPRESENTATION('',(#537),#541);
#537 = LINE('',#538,#539);
#538 = CARTESIAN_POINT('',(0.,1.570796326795));
#539 = VECTOR('',#540,1.);
#540 = DIRECTION('',(1.,0.));
#541 = ( GEOMETRIC_REPRESENTATION_CONTEXT(2) 
PARAMETRIC_REPRESENTATION_CONTEXT() REPRESENTATION_CONTEXT('2D SPACE',''
  ) );
#542 = PCURVE('',#543,#548);
#543 = PLANE('',#544);
#544 = AXIS2_PLACEMENT_3D('',#545,#546,#547);
#545 = CARTESIAN_POINT('',(61.585,2.85,19.555014230748));
#546 = DIRECTION('',(1.,1.232595164408E-31,5.551115123126E-16));
#547 = DIRECTION('',(5.551115123126E-16,1.,1.232595164408E-31));
#548 = DEFINITIONAL_REPRESENTATION('',(#549),#553);
#549 = CIRCLE('',#550,6.);
#550 = AXIS2_PLACEMENT_2D('',#551,#552);
#551 = CARTESIAN_POINT('',(18.35,-1.428556162963E-05));
#552 = DIRECTION('',(1.,0.));
#553 = ( GEOMETRIC_REPRESENTATION_CONTEXT(2) 
PARAMETRIC_REPRESENTATION_CONTEXT() REPRESENTATION_CONTEXT('2D SPACE',''
  ) );
#554 = ADVANCED_FACE('',(#555,#834,#837),#355,.F.);
#555 = FACE_BOUND('',#556,.F.);
#556 = EDGE_LOOP('',(#557,#588,#615,#787,#813));
#557 = ORIENTED_EDGE('',*,*,#558,.F.);
#558 = EDGE_CURVE('',#559,#561,#563,.T.);
#559 = VERTEX_POINT('',#560);
#560 = CARTESIAN_POINT('',(10.500000000002,-98.9390948057,
    6.99440505514E-15));
#561 = VERTEX_POINT('',#562);
#562 = CARTESIAN_POINT('',(45.585,31.2,1.917133118923E-14));
#563 = SURFACE_CURVE('',#564,(#569,#576),.PCURVE_S1.);
#564 = ELLIPSE('',#565,133.73517127214,45.585);
#565 = AXIS2_PLACEMENT_3D('',#566,#567,#568);
#566 = CARTESIAN_POINT('',(2.715971436486E-14,31.2,-2.13162820728E-14));
#567 = DIRECTION('',(-8.881784197001E-16,4.437342591868E-31,1.));
#568 = DIRECTION('',(-8.124258763724E-16,-1.,-2.778448718131E-31));
#569 = PCURVE('',#355,#570);
#570 = DEFINITIONAL_REPRESENTATION('',(#571),#575);
#571 = LINE('',#572,#573);
#572 = CARTESIAN_POINT('',(0.,0.));
#573 = VECTOR('',#574,1.);
#574 = DIRECTION('',(1.,0.));
#575 = ( GEOMETRIC_REPRESENTATION_CONTEXT(2) 
PARAMETRIC_REPRESENTATION_CONTEXT() REPRESENTATION_CONTEXT('2D SPACE',''
  ) );
#576 = PCURVE('',#577,#582);
#577 = PLANE('',#578);
#578 = AXIS2_PLACEMENT_3D('',#579,#580,#581);
#579 = CARTESIAN_POINT('',(-1.509197636E-14,-18.34144875207,
    7.105427357601E-15));
#580 = DIRECTION('',(3.451266460342E-31,8.881784197001E-16,1.));
#581 = DIRECTION('',(8.881784197001E-16,1.,3.451266460342E-31));
#582 = DEFINITIONAL_REPRESENTATION('',(#583),#587);
#583 = ELLIPSE('',#584,133.73517127214,45.585);
#584 = AXIS2_PLACEMENT_2D('',#585,#586);
#585 = CARTESIAN_POINT('',(49.541448752074,1.749954937405E-15));
#586 = DIRECTION('',(-1.,-7.575254332772E-17));
#587 = ( GEOMETRIC_REPRESENTATION_CONTEXT(2) 
PARAMETRIC_REPRESENTATION_CONTEXT() REPRESENTATION_CONTEXT('2D SPACE',''
  ) );
#588 = ORIENTED_EDGE('',*,*,#589,.T.);
#589 = EDGE_CURVE('',#559,#590,#592,.T.);
#590 = VERTEX_POINT('',#591);
#591 = CARTESIAN_POINT('',(10.499999999538,-98.93909480504,39.11));
#592 = SURFACE_CURVE('',#593,(#597,#603),.PCURVE_S1.);
#593 = LINE('',#594,#595);
#594 = CARTESIAN_POINT('',(10.500000000002,-98.9390948057,
    6.99440505514E-15));
#595 = VECTOR('',#596,1.);
#596 = DIRECTION('',(1.848892746612E-31,6.661338147751E-16,1.));
#597 = PCURVE('',#355,#598);
#598 = DEFINITIONAL_REPRESENTATION('',(#599),#602);
#599 = B_SPLINE_CURVE_WITH_KNOTS('',1,(#600,#601),.UNSPECIFIED.,.F.,.F.,
  (2,2),(0.,39.11),.PIECEWISE_BEZIER_KNOTS.);
#600 = CARTESIAN_POINT('',(6.515611268401,-2.13162820728E-14));
#601 = CARTESIAN_POINT('',(6.515611268401,-39.11));
#602 = ( GEOMETRIC_REPRESENTATION_CONTEXT(2) 
PARAMETRIC_REPRESENTATION_CONTEXT() REPRESENTATION_CONTEXT('2D SPACE',''
  ) );
#603 = PCURVE('',#604,#609);
#604 = CYLINDRICAL_SURFACE('',#605,10.615485479218);
#605 = AXIS2_PLACEMENT_3D('',#606,#607,#608);
#606 = CARTESIAN_POINT('',(20.61548547922,-95.71954740285,
    1.373267198571E-14));
#607 = DIRECTION('',(1.110223024625E-16,-5.551115123126E-16,-1.));
#608 = DIRECTION('',(1.,1.848892746612E-31,6.661338147751E-16));
#609 = DEFINITIONAL_REPRESENTATION('',(#610),#614);
#610 = LINE('',#611,#612);
#611 = CARTESIAN_POINT('',(2.833451555576,0.));
#612 = VECTOR('',#613,1.);
#613 = DIRECTION('',(0.,-1.));
#614 = ( GEOMETRIC_REPRESENTATION_CONTEXT(2) 
PARAMETRIC_REPRESENTATION_CONTEXT() REPRESENTATION_CONTEXT('2D SPACE',''
  ) );
#615 = ORIENTED_EDGE('',*,*,#616,.F.);
#616 = EDGE_CURVE('',#617,#590,#619,.T.);
#617 = VERTEX_POINT('',#618);
#618 = CARTESIAN_POINT('',(45.585,31.2,39.11));
#619 = SURFACE_CURVE('',#620,(#672,#727),.PCURVE_S1.);
#620 = B_SPLINE_CURVE_WITH_KNOTS('',8,(#621,#622,#623,#624,#625,#626,
    #627,#628,#629,#630,#631,#632,#633,#634,#635,#636,#637,#638,#639,
    #640,#641,#642,#643,#644,#645,#646,#647,#648,#649,#650,#651,#652,
    #653,#654,#655,#656,#657,#658,#659,#660,#661,#662,#663,#664,#665,
    #666,#667,#668,#669,#670,#671),.UNSPECIFIED.,.F.,.F.,(9,7,7,7,7,7,7,
    9),(0.,0.379843975509,0.548912319384,0.69823679061,0.791910086533,
    0.871345697095,0.936832410959,1.),.UNSPECIFIED.);
#621 = CARTESIAN_POINT('',(45.585,31.2,39.11));
#622 = CARTESIAN_POINT('',(45.585,24.102020675608,39.11));
#623 = CARTESIAN_POINT('',(45.438244527918,17.004935459158,39.11));
#624 = CARTESIAN_POINT('',(45.144804023677,9.911177476425,39.11));
#625 = CARTESIAN_POINT('',(44.702357999052,2.82403884739,39.11));
#626 = CARTESIAN_POINT('',(44.106454791385,-4.252341238685,39.11));
#627 = CARTESIAN_POINT('',(43.349920361427,-11.31290388436,39.11));
#628 = CARTESIAN_POINT('',(42.422474437912,-18.35163254534,39.11));
#629 = CARTESIAN_POINT('',(40.810955523771,-28.48119908314,39.11));
#630 = CARTESIAN_POINT('',(40.277445463227,-31.59516628195,39.11));
#631 = CARTESIAN_POINT('',(39.705311072542,-34.70247774234,39.11));
#632 = CARTESIAN_POINT('',(39.092851357913,-37.80228135151,39.11));
#633 = CARTESIAN_POINT('',(38.438080557588,-40.89351514158,39.11));
#634 = CARTESIAN_POINT('',(37.738668927086,-43.97489462941,39.11));
#635 = CARTESIAN_POINT('',(36.991823501319,-47.04488740269,39.11));
#636 = CARTESIAN_POINT('',(35.489445198838,-52.8014660789,39.11));
#637 = CARTESIAN_POINT('',(34.74519234304,-55.49065379035,39.11));
#638 = CARTESIAN_POINT('',(33.958843306201,-58.16817720356,39.11));
#639 = CARTESIAN_POINT('',(33.127600079042,-60.83250060435,39.11));
#640 = CARTESIAN_POINT('',(32.248179636076,-63.48155183821,39.11));
#641 = CARTESIAN_POINT('',(31.31671021397,-66.11268759881,39.11));
#642 = CARTESIAN_POINT('',(30.328446286053,-68.72259778231,39.11));
#643 = CARTESIAN_POINT('',(28.617555167628,-72.92835075981,39.11));
#644 = CARTESIAN_POINT('',(27.933282998321,-74.53939924113,39.11));
#645 = CARTESIAN_POINT('',(27.222693111144,-76.13925998685,39.11));
#646 = CARTESIAN_POINT('',(26.484045052259,-77.72663346256,39.11));
#647 = CARTESIAN_POINT('',(25.715377704731,-79.29985009755,39.11));
#648 = CARTESIAN_POINT('',(24.914455299365,-80.85684372518,39.11));
#649 = CARTESIAN_POINT('',(24.078644886927,-82.39509132225,39.11));
#650 = CARTESIAN_POINT('',(22.463501646361,-85.19739265176,39.11));
#651 = CARTESIAN_POINT('',(21.695124807038,-86.4671847073,39.11));
#652 = CARTESIAN_POINT('',(20.897386599953,-87.71924290612,39.11));
#653 = CARTESIAN_POINT('',(20.068031883532,-88.95121774323,39.11));
#654 = CARTESIAN_POINT('',(19.204614845545,-90.15997040137,39.11));
#655 = CARTESIAN_POINT('',(18.304449066607,-91.34153669751,39.11));
#656 = CARTESIAN_POINT('',(17.364452375562,-92.49101483834,39.11));
#657 = CARTESIAN_POINT('',(15.569803824191,-94.51840946319,39.11));
#658 = CARTESIAN_POINT('',(14.729686326354,-95.40796138262,39.11));
#659 = CARTESIAN_POINT('',(13.858014020179,-96.26789909092,39.11));
#660 = CARTESIAN_POINT('',(12.952652197966,-97.09381280386,39.11));
#661 = CARTESIAN_POINT('',(12.011770485677,-97.87997708595,39.11));
#662 = CARTESIAN_POINT('',(11.033884790326,-98.61940024377,39.11));
#663 = CARTESIAN_POINT('',(10.017931536778,-99.3039130584,39.11));
#664 = CARTESIAN_POINT('',(7.946233360632,-100.5228010253,39.11));
#665 = CARTESIAN_POINT('',(6.892315304657,-101.0621389491,39.11));
#666 = CARTESIAN_POINT('',(5.803178537736,-101.5327268185,39.11));
#667 = CARTESIAN_POINT('',(4.681802297673,-101.9243669248,39.11));
#668 = CARTESIAN_POINT('',(3.532851055992,-102.2271347633,39.11));
#669 = CARTESIAN_POINT('',(2.36298115437,-102.4325334818,39.11));
#670 = CARTESIAN_POINT('',(1.181293471265,-102.5351712721,39.11));
#671 = CARTESIAN_POINT('',(4.354100835557E-12,-102.5351712721,39.11));
#672 = PCURVE('',#355,#673);
#673 = DEFINITIONAL_REPRESENTATION('',(#674),#726);
#674 = B_SPLINE_CURVE_WITH_KNOTS('',8,(#675,#676,#677,#678,#679,#680,
    #681,#682,#683,#684,#685,#686,#687,#688,#689,#690,#691,#692,#693,
    #694,#695,#696,#697,#698,#699,#700,#701,#702,#703,#704,#705,#706,
    #707,#708,#709,#710,#711,#712,#713,#714,#715,#716,#717,#718,#719,
    #720,#721,#722,#723,#724,#725),.UNSPECIFIED.,.F.,.F.,(9,7,7,7,7,7,7,
    9),(0.,0.379843975509,0.548912319384,0.69823679061,0.791910086533,
    0.871345697095,0.936832410959,1.),.UNSPECIFIED.);
#675 = CARTESIAN_POINT('',(7.853981633974,-39.11));
#676 = CARTESIAN_POINT('',(7.80090674532,-39.11));
#677 = CARTESIAN_POINT('',(7.747838524223,-39.11));
#678 = CARTESIAN_POINT('',(7.694567481107,-39.11));
#679 = CARTESIAN_POINT('',(7.640890126675,-39.11));
#680 = CARTESIAN_POINT('',(7.586594525493,-39.11));
#681 = CARTESIAN_POINT('',(7.531439827074,-39.11));
#682 = CARTESIAN_POINT('',(7.475142148407,-39.11));
#683 = CARTESIAN_POINT('',(7.391554860347,-39.11));
#684 = CARTESIAN_POINT('',(7.365505432383,-39.11));
#685 = CARTESIAN_POINT('',(7.33911673421,-39.11));
#686 = CARTESIAN_POINT('',(7.312350208369,-39.11));
#687 = CARTESIAN_POINT('',(7.285162592871,-39.11));
#688 = CARTESIAN_POINT('',(7.25750450239,-39.11));
#689 = CARTESIAN_POINT('',(7.229317772168,-39.11));
#690 = CARTESIAN_POINT('',(7.17510475781,-39.11));
#691 = CARTESIAN_POINT('',(7.149213465,-39.11));
#692 = CARTESIAN_POINT('',(7.122804936695,-39.11));
#693 = CARTESIAN_POINT('',(7.095822191915,-39.11));
#694 = CARTESIAN_POINT('',(7.068199518235,-39.11));
#695 = CARTESIAN_POINT('',(7.039859934027,-39.11));
#696 = CARTESIAN_POINT('',(7.010708788327,-39.11));
#697 = CARTESIAN_POINT('',(6.961743060326,-39.11));
#698 = CARTESIAN_POINT('',(6.942500373447,-39.11));
#699 = CARTESIAN_POINT('',(6.92285863663,-39.11));
#700 = CARTESIAN_POINT('',(6.902782930281,-39.11));
#701 = CARTESIAN_POINT('',(6.882234169741,-39.11));
#702 = CARTESIAN_POINT('',(6.861167765772,-39.11));
#703 = CARTESIAN_POINT('',(6.839530789127,-39.11));
#704 = CARTESIAN_POINT('',(6.798366930639,-39.11));
#705 = CARTESIAN_POINT('',(6.779025080688,-39.11));
#706 = CARTESIAN_POINT('',(6.759186042728,-39.11));
#707 = CARTESIAN_POINT('',(6.738803883152,-39.11));
#708 = CARTESIAN_POINT('',(6.717829192187,-39.11));
#709 = CARTESIAN_POINT('',(6.696207534061,-39.11));
#710 = CARTESIAN_POINT('',(6.673875517396,-39.11));
#711 = CARTESIAN_POINT('',(6.631688330444,-39.11));
#712 = CARTESIAN_POINT('',(6.612099436635,-39.11));
#713 = CARTESIAN_POINT('',(6.591933581276,-39.11));
#714 = CARTESIAN_POINT('',(6.571145898289,-39.11));
#715 = CARTESIAN_POINT('',(6.549697991784,-39.11));
#716 = CARTESIAN_POINT('',(6.52755767668,-39.11));
#717 = CARTESIAN_POINT('',(6.504699326269,-39.11));
#718 = CARTESIAN_POINT('',(6.45834750129,-39.11));
#719 = CARTESIAN_POINT('',(6.434886023402,-39.11));
#720 = CARTESIAN_POINT('',(6.410750160905,-39.11));
#721 = CARTESIAN_POINT('',(6.385996343518,-39.11));
#722 = CARTESIAN_POINT('',(6.360712122935,-39.11));
#723 = CARTESIAN_POINT('',(6.335022120475,-39.11));
#724 = CARTESIAN_POINT('',(6.309099390129,-39.11));
#725 = CARTESIAN_POINT('',(6.28318530718,-39.11));
#726 = ( GEOMETRIC_REPRESENTATION_CONTEXT(2) 
PARAMETRIC_REPRESENTATION_CONTEXT() REPRESENTATION_CONTEXT('2D SPACE',''
  ) );
#727 = PCURVE('',#728,#733);
#728 = PLANE('',#729);
#729 = AXIS2_PLACEMENT_3D('',#730,#731,#732);
#730 = CARTESIAN_POINT('',(-40.085,25.8,39.11));
#731 = DIRECTION('',(3.451266460342E-31,8.881784197001E-16,1.));
#732 = DIRECTION('',(-1.1081784197E-15,-1.,-5.405258983682E-31));
#733 = DEFINITIONAL_REPRESENTATION('',(#734),#786);
#734 = B_SPLINE_CURVE_WITH_KNOTS('',8,(#735,#736,#737,#738,#739,#740,
    #741,#742,#743,#744,#745,#746,#747,#748,#749,#750,#751,#752,#753,
    #754,#755,#756,#757,#758,#759,#760,#761,#762,#763,#764,#765,#766,
    #767,#768,#769,#770,#771,#772,#773,#774,#775,#776,#777,#778,#779,
    #780,#781,#782,#783,#784,#785),.UNSPECIFIED.,.F.,.F.,(9,7,7,7,7,7,7,
    9),(0.,0.379843975509,0.548912319384,0.69823679061,0.791910086533,
    0.871345697095,0.936832410959,1.),.UNSPECIFIED.);
#735 = CARTESIAN_POINT('',(-5.4,85.67));
#736 = CARTESIAN_POINT('',(1.697979324392,85.67));
#737 = CARTESIAN_POINT('',(8.795064540842,85.523244527918));
#738 = CARTESIAN_POINT('',(15.888822523575,85.229804023677));
#739 = CARTESIAN_POINT('',(22.975961152611,84.787357999052));
#740 = CARTESIAN_POINT('',(30.052341238685,84.191454791385));
#741 = CARTESIAN_POINT('',(37.112903884369,83.434920361427));
#742 = CARTESIAN_POINT('',(44.151632545347,82.507474437912));
#743 = CARTESIAN_POINT('',(54.281199083142,80.895955523771));
#744 = CARTESIAN_POINT('',(57.395166281958,80.362445463227));
#745 = CARTESIAN_POINT('',(60.50247774234,79.790311072542));
#746 = CARTESIAN_POINT('',(63.602281351515,79.177851357913));
#747 = CARTESIAN_POINT('',(66.69351514158,78.523080557588));
#748 = CARTESIAN_POINT('',(69.774894629413,77.823668927086));
#749 = CARTESIAN_POINT('',(72.844887402693,77.07682350132));
#750 = CARTESIAN_POINT('',(78.601466078907,75.574445198839));
#751 = CARTESIAN_POINT('',(81.290653790356,74.83019234304));
#752 = CARTESIAN_POINT('',(83.968177203567,74.043843306202));
#753 = CARTESIAN_POINT('',(86.632500604353,73.212600079042));
#754 = CARTESIAN_POINT('',(89.281551838219,72.333179636076));
#755 = CARTESIAN_POINT('',(91.912687598817,71.40171021397));
#756 = CARTESIAN_POINT('',(94.522597782314,70.413446286053));
#757 = CARTESIAN_POINT('',(98.728350759813,68.702555167628));
#758 = CARTESIAN_POINT('',(100.33939924113,68.018282998321));
#759 = CARTESIAN_POINT('',(101.93925998685,67.307693111144));
#760 = CARTESIAN_POINT('',(103.52663346256,66.569045052259));
#761 = CARTESIAN_POINT('',(105.09985009755,65.800377704731));
#762 = CARTESIAN_POINT('',(106.65684372518,64.999455299366));
#763 = CARTESIAN_POINT('',(108.19509132225,64.163644886927));
#764 = CARTESIAN_POINT('',(110.99739265176,62.548501646361));
#765 = CARTESIAN_POINT('',(112.2671847073,61.780124807038));
#766 = CARTESIAN_POINT('',(113.51924290612,60.982386599953));
#767 = CARTESIAN_POINT('',(114.75121774323,60.153031883532));
#768 = CARTESIAN_POINT('',(115.95997040137,59.289614845545));
#769 = CARTESIAN_POINT('',(117.14153669752,58.389449066607));
#770 = CARTESIAN_POINT('',(118.29101483834,57.449452375562));
#771 = CARTESIAN_POINT('',(120.31840946319,55.654803824192));
#772 = CARTESIAN_POINT('',(121.20796138262,54.814686326354));
#773 = CARTESIAN_POINT('',(122.06789909092,53.943014020179));
#774 = CARTESIAN_POINT('',(122.89381280386,53.037652197966));
#775 = CARTESIAN_POINT('',(123.67997708595,52.096770485677));
#776 = CARTESIAN_POINT('',(124.41940024377,51.118884790327));
#777 = CARTESIAN_POINT('',(125.1039130584,50.102931536778));
#778 = CARTESIAN_POINT('',(126.32280102531,48.031233360632));
#779 = CARTESIAN_POINT('',(126.86213894912,46.977315304657));
#780 = CARTESIAN_POINT('',(127.33272681858,45.888178537736));
#781 = CARTESIAN_POINT('',(127.72436692484,44.766802297673));
#782 = CARTESIAN_POINT('',(128.02713476336,43.617851055992));
#783 = CARTESIAN_POINT('',(128.23253348184,42.44798115437));
#784 = CARTESIAN_POINT('',(128.33517127214,41.266293471265));
#785 = CARTESIAN_POINT('',(128.33517127214,40.085000000004));
#786 = ( GEOMETRIC_REPRESENTATION_CONTEXT(2) 
PARAMETRIC_REPRESENTATION_CONTEXT() REPRESENTATION_CONTEXT('2D SPACE',''
  ) );
#787 = ORIENTED_EDGE('',*,*,#788,.F.);
#788 = EDGE_CURVE('',#24,#617,#789,.T.);
#789 = SURFACE_CURVE('',#790,(#794,#801),.PCURVE_S1.);
#790 = LINE('',#791,#792);
#791 = CARTESIAN_POINT('',(45.585,31.2,2.627675854683E-14));
#792 = VECTOR('',#793,1.);
#793 = DIRECTION('',(3.451266460342E-31,8.881784197001E-16,1.));
#794 = PCURVE('',#355,#795);
#795 = DEFINITIONAL_REPRESENTATION('',(#796),#800);
#796 = LINE('',#797,#798);
#797 = CARTESIAN_POINT('',(7.853981633974,0.));
#798 = VECTOR('',#799,1.);
#799 = DIRECTION('',(0.,-1.));
#800 = ( GEOMETRIC_REPRESENTATION_CONTEXT(2) 
PARAMETRIC_REPRESENTATION_CONTEXT() REPRESENTATION_CONTEXT('2D SPACE',''
  ) );
#801 = PCURVE('',#802,#807);
#802 = PLANE('',#803);
#803 = AXIS2_PLACEMENT_3D('',#804,#805,#806);
#804 = CARTESIAN_POINT('',(45.585,36.7,2.627675854683E-14));
#805 = DIRECTION('',(1.,-1.110223024625E-16,7.771561172376E-16));
#806 = DIRECTION('',(-8.881784197001E-16,-1.,-3.451266460342E-31));
#807 = DEFINITIONAL_REPRESENTATION('',(#808),#812);
#808 = LINE('',#809,#810);
#809 = CARTESIAN_POINT('',(5.5,7.52650542362E-48));
#810 = VECTOR('',#811,1.);
#811 = DIRECTION('',(-1.110223024625E-16,-1.));
#812 = ( GEOMETRIC_REPRESENTATION_CONTEXT(2) 
PARAMETRIC_REPRESENTATION_CONTEXT() REPRESENTATION_CONTEXT('2D SPACE',''
  ) );
#813 = ORIENTED_EDGE('',*,*,#814,.F.);
#814 = EDGE_CURVE('',#561,#24,#815,.T.);
#815 = SURFACE_CURVE('',#816,(#820,#827),.PCURVE_S1.);
#816 = LINE('',#817,#818);
#817 = CARTESIAN_POINT('',(45.585,31.2,2.627675854683E-14));
#818 = VECTOR('',#819,1.);
#819 = DIRECTION('',(3.451266460342E-31,8.881784197001E-16,1.));
#820 = PCURVE('',#355,#821);
#821 = DEFINITIONAL_REPRESENTATION('',(#822),#826);
#822 = LINE('',#823,#824);
#823 = CARTESIAN_POINT('',(7.853981633974,0.));
#824 = VECTOR('',#825,1.);
#825 = DIRECTION('',(0.,-1.));
#826 = ( GEOMETRIC_REPRESENTATION_CONTEXT(2) 
PARAMETRIC_REPRESENTATION_CONTEXT() REPRESENTATION_CONTEXT('2D SPACE',''
  ) );
#827 = PCURVE('',#802,#828);
#828 = DEFINITIONAL_REPRESENTATION('',(#829),#833);
#829 = LINE('',#830,#831);
#830 = CARTESIAN_POINT('',(5.5,7.52650542362E-48));
#831 = VECTOR('',#832,1.);
#832 = DIRECTION('',(-1.110223024625E-16,-1.));
#833 = ( GEOMETRIC_REPRESENTATION_CONTEXT(2) 
PARAMETRIC_REPRESENTATION_CONTEXT() REPRESENTATION_CONTEXT('2D SPACE',''
  ) );
#834 = FACE_BOUND('',#835,.F.);
#835 = EDGE_LOOP('',(#836));
#836 = ORIENTED_EDGE('',*,*,#79,.F.);
#837 = FACE_BOUND('',#838,.F.);
#838 = EDGE_LOOP('',(#839,#929));
#839 = ORIENTED_EDGE('',*,*,#840,.T.);
#840 = EDGE_CURVE('',#841,#843,#845,.T.);
#841 = VERTEX_POINT('',#842);
#842 = CARTESIAN_POINT('',(43.834950449245,-5.5,19.555028516309));
#843 = VERTEX_POINT('',#844);
#844 = CARTESIAN_POINT('',(43.113902294095,-12.23379332269,
    29.006583623333));
#845 = SURFACE_CURVE('',#846,(#870,#897),.PCURVE_S1.);
#846 = B_SPLINE_CURVE_WITH_KNOTS('',8,(#847,#848,#849,#850,#851,#852,
    #853,#854,#855,#856,#857,#858,#859,#860,#861,#862,#863,#864,#865,
    #866,#867,#868,#869),.UNSPECIFIED.,.F.,.F.,(9,7,7,9),(0.,
    0.553478636141,0.739988135855,1.),.UNSPECIFIED.);
#847 = CARTESIAN_POINT('',(43.834950449246,-5.5,19.555028516309));
#848 = CARTESIAN_POINT('',(43.834950449246,-5.5,20.32675554413));
#849 = CARTESIAN_POINT('',(43.828329457425,-5.56806489762,
    21.097698758443));
#850 = CARTESIAN_POINT('',(43.815111632401,-5.703948316654,
    21.865355724987));
#851 = CARTESIAN_POINT('',(43.79511183145,-5.908782003259,
    22.626275175751));
#852 = CARTESIAN_POINT('',(43.768021409399,-6.184239385112,
    23.376173179763));
#853 = CARTESIAN_POINT('',(43.733369241377,-6.532688848715,
    24.109855424029));
#854 = CARTESIAN_POINT('',(43.690557919806,-6.956810630137,
    24.82128457035));
#855 = CARTESIAN_POINT('',(43.621121007522,-7.631387752354,
    25.732944607313));
#856 = CARTESIAN_POINT('',(43.602591514336,-7.810468543811,
    25.959265689054));
#857 = CARTESIAN_POINT('',(43.583001239156,-7.998747202596,
    26.181816381722));
#858 = CARTESIAN_POINT('',(43.562316593211,-8.196356480675,
    26.400238804741));
#859 = CARTESIAN_POINT('',(43.540503165518,-8.403418360863,
    26.614131818575));
#860 = CARTESIAN_POINT('',(43.517526050066,-8.620040663958,
    26.823052531654));
#861 = CARTESIAN_POINT('',(43.493350173017,-8.846313655881,
    27.026517807294));
#862 = CARTESIAN_POINT('',(43.432517302135,-9.411303192096,
    27.49932265029));
#863 = CARTESIAN_POINT('',(43.394699526967,-9.759161114345,27.7629973072
    ));
#864 = CARTESIAN_POINT('',(43.354392918914,-10.12606847107,
    28.013623349433));
#865 = CARTESIAN_POINT('',(43.311518565104,-10.51199820871,
    28.249523494123));
#866 = CARTESIAN_POINT('',(43.266022622556,-10.91663609986,
    28.468815978478));
#867 = CARTESIAN_POINT('',(43.217886356986,-11.33931729987,
    28.669471472196));
#868 = CARTESIAN_POINT('',(43.167142310321,-11.77893608449,
    28.849397030038));
#869 = CARTESIAN_POINT('',(43.113902294095,-12.23379332269,
    29.006583623333));
#870 = PCURVE('',#355,#871);
#871 = DEFINITIONAL_REPRESENTATION('',(#872),#896);
#872 = B_SPLINE_CURVE_WITH_KNOTS('',8,(#873,#874,#875,#876,#877,#878,
    #879,#880,#881,#882,#883,#884,#885,#886,#887,#888,#889,#890,#891,
    #892,#893,#894,#895),.UNSPECIFIED.,.F.,.F.,(9,7,7,9),(0.,
    0.553478636141,0.739988135855,1.),.UNSPECIFIED.);
#873 = CARTESIAN_POINT('',(7.575992072636,-19.5550285163));
#874 = CARTESIAN_POINT('',(7.575992072636,-20.32675554413));
#875 = CARTESIAN_POINT('',(7.575462800365,-21.09769875844));
#876 = CARTESIAN_POINT('',(7.574406172982,-21.86535572498));
#877 = CARTESIAN_POINT('',(7.572812937564,-22.62627517575));
#878 = CARTESIAN_POINT('',(7.570669204938,-23.37617317976));
#879 = CARTESIAN_POINT('',(7.567955087547,-24.10985542402));
#880 = CARTESIAN_POINT('',(7.564647642763,-24.82128457035));
#881 = CARTESIAN_POINT('',(7.5593785372,-25.73294460731));
#882 = CARTESIAN_POINT('',(7.557979132727,-25.95926568905));
#883 = CARTESIAN_POINT('',(7.556507157307,-26.18181638172));
#884 = CARTESIAN_POINT('',(7.554961442533,-26.40023880474));
#885 = CARTESIAN_POINT('',(7.553340889794,-26.61413181857));
#886 = CARTESIAN_POINT('',(7.551644496051,-26.82305253165));
#887 = CARTESIAN_POINT('',(7.549871379624,-27.02651780729));
#888 = CARTESIAN_POINT('',(7.545440931453,-27.49932265029));
#889 = CARTESIAN_POINT('',(7.54271074983,-27.7629973072));
#890 = CARTESIAN_POINT('',(7.539828270561,-28.01362334943));
#891 = CARTESIAN_POINT('',(7.536793125993,-28.24952349412));
#892 = CARTESIAN_POINT('',(7.533607145623,-28.46881597847));
#893 = CARTESIAN_POINT('',(7.53027487038,-28.66947147219));
#894 = CARTESIAN_POINT('',(7.526804302004,-28.84939703003));
#895 = CARTESIAN_POINT('',(7.523208182646,-29.00658362333));
#896 = ( GEOMETRIC_REPRESENTATION_CONTEXT(2) 
PARAMETRIC_REPRESENTATION_CONTEXT() REPRESENTATION_CONTEXT('2D SPACE',''
  ) );
#897 = PCURVE('',#898,#903);
#898 = CYLINDRICAL_SURFACE('',#899,10.);
#899 = AXIS2_PLACEMENT_3D('',#900,#901,#902);
#900 = CARTESIAN_POINT('',(61.585,-15.5,19.555028516309));
#901 = DIRECTION('',(1.,-1.110223024625E-16,4.440892098501E-16));
#902 = DIRECTION('',(5.551115123126E-16,1.,1.232595164408E-31));
#903 = DEFINITIONAL_REPRESENTATION('',(#904),#928);
#904 = B_SPLINE_CURVE_WITH_KNOTS('',8,(#905,#906,#907,#908,#909,#910,
    #911,#912,#913,#914,#915,#916,#917,#918,#919,#920,#921,#922,#923,
    #924,#925,#926,#927),.UNSPECIFIED.,.F.,.F.,(9,7,7,9),(0.,
    0.553478636141,0.739988135855,1.),.UNSPECIFIED.);
#905 = CARTESIAN_POINT('',(0.,-17.75004955075));
#906 = CARTESIAN_POINT('',(7.717270278204E-02,-17.75004955075));
#907 = CARTESIAN_POINT('',(0.154267138343,-17.75667054257));
#908 = CARTESIAN_POINT('',(0.231732535326,-17.76988836759));
#909 = CARTESIAN_POINT('',(0.309921515818,-17.78988816855));
#910 = CARTESIAN_POINT('',(0.389158019619,-17.8169785906));
#911 = CARTESIAN_POINT('',(0.46979177474,-17.85163075862));
#912 = CARTESIAN_POINT('',(0.552208411981,-17.89444208019));
#913 = CARTESIAN_POINT('',(0.665618213886,-17.96387899247));
#914 = CARTESIAN_POINT('',(0.694463312439,-17.98240848566));
#915 = CARTESIAN_POINT('',(0.72358801122,-18.00199876084));
#916 = CARTESIAN_POINT('',(0.753009763099,-18.02268340678));
#917 = CARTESIAN_POINT('',(0.78274511967,-18.04449683448));
#918 = CARTESIAN_POINT('',(0.812810128178,-18.06747394993));
#919 = CARTESIAN_POINT('',(0.84322072843,-18.09164982698));
#920 = CARTESIAN_POINT('',(0.916892812396,-18.15248269786));
#921 = CARTESIAN_POINT('',(0.960491801339,-18.19030047303));
#922 = CARTESIAN_POINT('',(1.004834507361,-18.23060708108));
#923 = CARTESIAN_POINT('',(1.049948206785,-18.27348143489));
#924 = CARTESIAN_POINT('',(1.095844069639,-18.31897737744));
#925 = CARTESIAN_POINT('',(1.142517733751,-18.36711364301));
#926 = CARTESIAN_POINT('',(1.189945273934,-18.41785768967));
#927 = CARTESIAN_POINT('',(1.238070395466,-18.4710977059));
#928 = ( GEOMETRIC_REPRESENTATION_CONTEXT(2) 
PARAMETRIC_REPRESENTATION_CONTEXT() REPRESENTATION_CONTEXT('2D SPACE',''
  ) );
#929 = ORIENTED_EDGE('',*,*,#930,.T.);
#930 = EDGE_CURVE('',#843,#841,#931,.T.);
#931 = SURFACE_CURVE('',#932,(#1043,#1157),.PCURVE_S1.);
#932 = B_SPLINE_CURVE_WITH_KNOTS('',7,(#933,#934,#935,#936,#937,#938,
    #939,#940,#941,#942,#943,#944,#945,#946,#947,#948,#949,#950,#951,
    #952,#953,#954,#955,#956,#957,#958,#959,#960,#961,#962,#963,#964,
    #965,#966,#967,#968,#969,#970,#971,#972,#973,#974,#975,#976,#977,
    #978,#979,#980,#981,#982,#983,#984,#985,#986,#987,#988,#989,#990,
    #991,#992,#993,#994,#995,#996,#997,#998,#999,#1000,#1001,#1002,#1003
    ,#1004,#1005,#1006,#1007,#1008,#1009,#1010,#1011,#1012,#1013,#1014,
    #1015,#1016,#1017,#1018,#1019,#1020,#1021,#1022,#1023,#1024,#1025,
    #1026,#1027,#1028,#1029,#1030,#1031,#1032,#1033,#1034,#1035,#1036,
    #1037,#1038,#1039,#1040,#1041,#1042),.UNSPECIFIED.,.F.,.F.,(8,6,6,6,
    6,6,6,6,6,6,6,6,6,6,6,6,6,6,8),(0.,5.54568409706E-02,
    9.685733675621E-02,0.156965571037,0.209156016795,0.251134894099,
    0.28378939668,0.370837048959,0.458582514775,0.491246953783,
    0.533248890983,0.585506513279,0.625150534111,0.687082458289,
    0.749093688952,0.78909933764,0.841590141415,0.924080487402,1.),
  .UNSPECIFIED.);
#933 = CARTESIAN_POINT('',(43.113902294095,-12.23379332269,
    29.006583623333));
#934 = CARTESIAN_POINT('',(43.063592324656,-12.66361764235,
    29.155119504154));
#935 = CARTESIAN_POINT('',(43.010996258345,-13.10742553107,
    29.282960175956));
#936 = CARTESIAN_POINT('',(42.956263841956,-13.56326115117,
    29.38812175022));
#937 = CARTESIAN_POINT('',(42.899604407157,-14.02876917001,
    29.468917511858));
#938 = CARTESIAN_POINT('',(42.841299055905,-14.50117168802,
    29.524031564282));
#939 = CARTESIAN_POINT('',(42.781716568836,-14.97722237757,
    29.552688445116));
#940 = CARTESIAN_POINT('',(42.676254591353,-15.80842557457,
    29.55658368621));
#941 = CARTESIAN_POINT('',(42.630711187342,-16.16378389862,
    29.543521688187));
#942 = CARTESIAN_POINT('',(42.584892013729,-16.51770313704,
    29.515725743177));
#943 = CARTESIAN_POINT('',(42.538981233365,-16.86880471746,
    29.473427137714));
#944 = CARTESIAN_POINT('',(42.493157613631,-17.21583191321,
    29.417043805008));
#945 = CARTESIAN_POINT('',(42.447593578231,-17.55764330571,
    29.347145218717));
#946 = CARTESIAN_POINT('',(42.336916310637,-18.38040744569,
    29.144347369186));
#947 = CARTESIAN_POINT('',(42.272266116646,-18.85449147022,
    28.997239437886));
#948 = CARTESIAN_POINT('',(42.20896395216,-19.31262461482,
    28.825170405362));
#949 = CARTESIAN_POINT('',(42.147371117815,-19.7529212631,
    28.630550482956));
#950 = CARTESIAN_POINT('',(42.087767290264,-20.17416243223,
    28.415790438872));
#951 = CARTESIAN_POINT('',(42.030355209765,-20.57567922993,
    28.183168847447));
#952 = CARTESIAN_POINT('',(41.927443070052,-21.28852070192,
    27.718932648771));
#953 = CARTESIAN_POINT('',(41.8813706265,-21.60475475617,27.491224591703
    ));
#954 = CARTESIAN_POINT('',(41.837134713332,-21.90583369778,
    27.252832285894));
#955 = CARTESIAN_POINT('',(41.794793951295,-22.19178705024,
    27.004921742949));
#956 = CARTESIAN_POINT('',(41.754387495016,-22.46274689638,
    26.748538490661));
#957 = CARTESIAN_POINT('',(41.71593783836,-22.71892249959,
    26.484592624741));
#958 = CARTESIAN_POINT('',(41.650107893519,-23.15494570239,
    25.996069726098));
#959 = CARTESIAN_POINT('',(41.622035972872,-23.33990597256,
    25.773910884681));
#960 = CARTESIAN_POINT('',(41.595243498868,-23.51558519358,
    25.547772696459));
#961 = CARTESIAN_POINT('',(41.569733726268,-23.68211357118,
    25.318026370734));
#962 = CARTESIAN_POINT('',(41.545507768826,-23.8396211271,
    25.085008733526));
#963 = CARTESIAN_POINT('',(41.522564844524,-23.98823676748,
    24.849021995158));
#964 = CARTESIAN_POINT('',(41.484051846127,-24.23687423516,
    24.424662675737));
#965 = CARTESIAN_POINT('',(41.467976407262,-24.34035528603,
    24.237360664769));
#966 = CARTESIAN_POINT('',(41.452675241129,-24.43858877864,
    24.048555363873));
#967 = CARTESIAN_POINT('',(41.43814724829,-24.5316296312,23.858367066798
    ));
#968 = CARTESIAN_POINT('',(41.424391192971,-24.61952940543,
    23.666908482092));
#969 = CARTESIAN_POINT('',(41.411405703055,-24.70233630655,
    23.474284733097));
#970 = CARTESIAN_POINT('',(41.366623720924,-24.98737831815,
    22.76426702804));
#971 = CARTESIAN_POINT('',(41.339527890786,-25.15876053713,
    22.240429402395));
#972 = CARTESIAN_POINT('',(41.317865170952,-25.29514762235,
    21.710833981228));
#973 = CARTESIAN_POINT('',(41.301615630944,-25.39714258299,
    21.177089749268));
#974 = CARTESIAN_POINT('',(41.29076225473,-25.46516206386,
    20.640677339758));
#975 = CARTESIAN_POINT('',(41.285290919897,-25.4994509097,
    20.102953397107));
#976 = CARTESIAN_POINT('',(41.285116623886,-25.50054322049,
    19.023021547865));
#977 = CARTESIAN_POINT('',(41.290500362386,-25.46680333673,
    18.480952516848));
#978 = CARTESIAN_POINT('',(41.30135248053,-25.398795103,17.940189304633)
  );
#979 = CARTESIAN_POINT('',(41.317687431645,-25.29626992818,
    17.402120427364));
#980 = CARTESIAN_POINT('',(41.339522590728,-25.1588024275,
    16.868261948941));
#981 = CARTESIAN_POINT('',(41.366878281657,-24.98577526863,
    16.34026203246));
#982 = CARTESIAN_POINT('',(41.412044877033,-24.6982612544,
    15.626212540522));
#983 = CARTESIAN_POINT('',(41.42506711002,-24.61521264995,
    15.433579101965));
#984 = CARTESIAN_POINT('',(41.438860427428,-24.52706638071,
    15.242115224805));
#985 = CARTESIAN_POINT('',(41.453426200871,-24.43377409306,
    15.051926318436));
#986 = CARTESIAN_POINT('',(41.468765663177,-24.33528408233,
    14.863125413174));
#987 = CARTESIAN_POINT('',(41.48487990839,-24.2315412928,14.675833160256
    ));
#988 = CARTESIAN_POINT('',(41.523488067333,-23.98225903421,
    14.251450834472));
#989 = CARTESIAN_POINT('',(41.546488297412,-23.83325257564,
    14.015436444532));
#990 = CARTESIAN_POINT('',(41.570773002116,-23.67534069283,
    13.78240303305));
#991 = CARTESIAN_POINT('',(41.596342933729,-23.50839415617,
    13.552654015036));
#992 = CARTESIAN_POINT('',(41.623196928679,-23.33228270817,
    13.326527608905));
#993 = CARTESIAN_POINT('',(41.651331659505,-23.14687601609,
    13.104396595918));
#994 = CARTESIAN_POINT('',(41.717332137752,-22.70964091773,
    12.615776417781));
#995 = CARTESIAN_POINT('',(41.75589304525,-22.45267079748,
    12.351725357299));
#996 = CARTESIAN_POINT('',(41.796415276395,-22.18087256572,
    12.095279533457));
#997 = CARTESIAN_POINT('',(41.838875977684,-21.8940371601,
    11.847355234787));
#998 = CARTESIAN_POINT('',(41.883235432824,-21.59203393958,
    11.609005158469));
#999 = CARTESIAN_POINT('',(41.929434220512,-21.27483646997,
    11.381403165735));
#1000 = CARTESIAN_POINT('',(42.013771183171,-20.69046568156,
    11.002288775323));
#1001 = CARTESIAN_POINT('',(42.051160419792,-20.42971899006,
    10.845684151127));
#1002 = CARTESIAN_POINT('',(42.089519510497,-20.16037408445,
    10.696583819986));
#1003 = CARTESIAN_POINT('',(42.128797417017,-19.88257710945,
    10.555608392824));
#1004 = CARTESIAN_POINT('',(42.16892941468,-19.59656845988,
    10.423416590891));
#1005 = CARTESIAN_POINT('',(42.209835662352,-19.30270250183,
    10.30068508704));
#1006 = CARTESIAN_POINT('',(42.316381966746,-18.53089216115,
    10.012173444503));
#1007 = CARTESIAN_POINT('',(42.383042308583,-18.0420211263,
    9.860863444096));
#1008 = CARTESIAN_POINT('',(42.450965172946,-17.53721450704,
    9.736950565614));
#1009 = CARTESIAN_POINT('',(42.51964890975,-17.01945016366,
    9.642905467778));
#1010 = CARTESIAN_POINT('',(42.588532860724,-16.49238759065,
    9.58068407756));
#1011 = CARTESIAN_POINT('',(42.657006060615,-15.96044044573,
    9.55150390179));
#1012 = CARTESIAN_POINT('',(42.791885628905,-14.89675305817,
    9.559062968128));
#1013 = CARTESIAN_POINT('',(42.858351534757,-14.36452267434,
    9.595890153808));
#1014 = CARTESIAN_POINT('',(42.923127539788,-13.83760318099,
    9.66578667051));
#1015 = CARTESIAN_POINT('',(42.985719508134,-13.32042829444,
    9.767478699918));
#1016 = CARTESIAN_POINT('',(43.045771374548,-12.81667351116,
    9.898950409728));
#1017 = CARTESIAN_POINT('',(43.103037196919,-12.32932294439,
    10.057665041761));
#1018 = CARTESIAN_POINT('',(43.192404971149,-11.55841623342,
    10.358873881005));
#1019 = CARTESIAN_POINT('',(43.226241184208,-11.26377486236,
    10.487191073282));
#1020 = CARTESIAN_POINT('',(43.258840563446,-10.97730194483,
    10.625009120564));
#1021 = CARTESIAN_POINT('',(43.290194136178,-10.69935184675,
    10.771622878803));
#1022 = CARTESIAN_POINT('',(43.320306653924,-10.43015969857,
    10.926347947326));
#1023 = CARTESIAN_POINT('',(43.349192939886,-10.16986250684,
    11.088541809717));
#1024 = CARTESIAN_POINT('',(43.413197593623,-9.58872385101,
    11.479461035301));
#1025 = CARTESIAN_POINT('',(43.447443302153,-9.274376710894,
    11.713127867917));
#1026 = CARTESIAN_POINT('',(43.47966952219,-8.975546021274,
    11.95731909159));
#1027 = CARTESIAN_POINT('',(43.509942242862,-8.692174886564,
    12.210846889474));
#1028 = CARTESIAN_POINT('',(43.538333260436,-8.424102980025,
    12.472650546705));
#1029 = CARTESIAN_POINT('',(43.564916794692,-8.171093273482,
    12.741811645044));
#1030 = CARTESIAN_POINT('',(43.628817292967,-7.558468484369,
    13.450927850364));
#1031 = CARTESIAN_POINT('',(43.663570963069,-7.220709140292,
    13.900414383815));
#1032 = CARTESIAN_POINT('',(43.694324486349,-6.918356316166,
    14.36312768852));
#1033 = CARTESIAN_POINT('',(43.721318266303,-6.650392231228,
    14.836605623419));
#1034 = CARTESIAN_POINT('',(43.744760240205,-6.415841627232,
    15.318767247864));
#1035 = CARTESIAN_POINT('',(43.76482416036,-6.213821891842,
    15.807926526696));
#1036 = CARTESIAN_POINT('',(43.797127634487,-5.886980722028,
    16.758272628271));
#1037 = CARTESIAN_POINT('',(43.809858827684,-5.757335442154,
    17.218456940324));
#1038 = CARTESIAN_POINT('',(43.819945237106,-5.654134362209,
    17.682287841192));
#1039 = CARTESIAN_POINT('',(43.827460499472,-5.576998288753,
    18.148763285779));
#1040 = CARTESIAN_POINT('',(43.832453556615,-5.525668537569,
    18.616947803086));
#1041 = CARTESIAN_POINT('',(43.834950449246,-5.5,19.085970676949));
#1042 = CARTESIAN_POINT('',(43.834950449246,-5.5,19.555028516309));
#1043 = PCURVE('',#355,#1044);
#1044 = DEFINITIONAL_REPRESENTATION('',(#1045),#1156);
#1045 = B_SPLINE_CURVE_WITH_KNOTS('',7,(#1046,#1047,#1048,#1049,#1050,
    #1051,#1052,#1053,#1054,#1055,#1056,#1057,#1058,#1059,#1060,#1061,
    #1062,#1063,#1064,#1065,#1066,#1067,#1068,#1069,#1070,#1071,#1072,
    #1073,#1074,#1075,#1076,#1077,#1078,#1079,#1080,#1081,#1082,#1083,
    #1084,#1085,#1086,#1087,#1088,#1089,#1090,#1091,#1092,#1093,#1094,
    #1095,#1096,#1097,#1098,#1099,#1100,#1101,#1102,#1103,#1104,#1105,
    #1106,#1107,#1108,#1109,#1110,#1111,#1112,#1113,#1114,#1115,#1116,
    #1117,#1118,#1119,#1120,#1121,#1122,#1123,#1124,#1125,#1126,#1127,
    #1128,#1129,#1130,#1131,#1132,#1133,#1134,#1135,#1136,#1137,#1138,
    #1139,#1140,#1141,#1142,#1143,#1144,#1145,#1146,#1147,#1148,#1149,
    #1150,#1151,#1152,#1153,#1154,#1155),.UNSPECIFIED.,.F.,.F.,(8,6,6,6,
    6,6,6,6,6,6,6,6,6,6,6,6,6,6,8),(0.,5.54568409706E-02,
    9.685733675621E-02,0.156965571037,0.209156016795,0.251134894099,
    0.28378939668,0.370837048959,0.458582514775,0.491246953783,
    0.533248890983,0.585506513279,0.625150534111,0.687082458289,
    0.749093688952,0.78909933764,0.841590141415,0.924080487402,1.),
  .UNSPECIFIED.);
#1046 = CARTESIAN_POINT('',(7.523208182646,-29.00658362333));
#1047 = CARTESIAN_POINT('',(7.519809974535,-29.15511950415));
#1048 = CARTESIAN_POINT('',(7.516296585412,-29.28296017595));
#1049 = CARTESIAN_POINT('',(7.512682849949,-29.38812175022));
#1050 = CARTESIAN_POINT('',(7.50898683323,-29.46891751185));
#1051 = CARTESIAN_POINT('',(7.50523008384,-29.52403156428));
#1052 = CARTESIAN_POINT('',(7.501438084993,-29.55268844511));
#1053 = CARTESIAN_POINT('',(7.494806173368,-29.55658368621));
#1054 = CARTESIAN_POINT('',(7.491967390246,-29.54352168818));
#1055 = CARTESIAN_POINT('',(7.489136544277,-29.51572574317));
#1056 = CARTESIAN_POINT('',(7.486324667727,-29.47342713771));
#1057 = CARTESIAN_POINT('',(7.483541901291,-29.417043805));
#1058 = CARTESIAN_POINT('',(7.480797535418,-29.34714521871));
#1059 = CARTESIAN_POINT('',(7.47418358877,-29.14434736918));
#1060 = CARTESIAN_POINT('',(7.470365511665,-28.99723943788));
#1061 = CARTESIAN_POINT('',(7.466669137083,-28.82517040536));
#1062 = CARTESIAN_POINT('',(7.463110413952,-28.63055048295));
#1063 = CARTESIAN_POINT('',(7.459700030893,-28.41579043887));
#1064 = CARTESIAN_POINT('',(7.456444257118,-28.18316884744));
#1065 = CARTESIAN_POINT('',(7.450655627412,-27.71893264877));
#1066 = CARTESIAN_POINT('',(7.448084071634,-27.4912245917));
#1067 = CARTESIAN_POINT('',(7.445632544765,-27.25283228589));
#1068 = CARTESIAN_POINT('',(7.443301325945,-27.00492174294));
#1069 = CARTESIAN_POINT('',(7.441089831636,-26.74853849066));
#1070 = CARTESIAN_POINT('',(7.438996811688,-26.48459262474));
#1071 = CARTESIAN_POINT('',(7.435430954839,-25.99606972609));
#1072 = CARTESIAN_POINT('',(7.433917018925,-25.77391088468));
#1073 = CARTESIAN_POINT('',(7.432477896176,-25.54777269645));
#1074 = CARTESIAN_POINT('',(7.43111272151,-25.31802637073));
#1075 = CARTESIAN_POINT('',(7.429820614191,-25.08500873352));
#1076 = CARTESIAN_POINT('',(7.428600685781,-24.84902199515));
#1077 = CARTESIAN_POINT('',(7.426558546527,-24.42466267573));
#1078 = CARTESIAN_POINT('',(7.425708200332,-24.23736066476));
#1079 = CARTESIAN_POINT('',(7.424900603028,-24.04855536387));
#1080 = CARTESIAN_POINT('',(7.424135370078,-23.85836706679));
#1081 = CARTESIAN_POINT('',(7.423412138886,-23.66690848209));
#1082 = CARTESIAN_POINT('',(7.422730568796,-23.47428473309));
#1083 = CARTESIAN_POINT('',(7.420383675422,-22.76426702804));
#1084 = CARTESIAN_POINT('',(7.418971033809,-22.24042940239));
#1085 = CARTESIAN_POINT('',(7.417845921047,-21.71083398122));
#1086 = CARTESIAN_POINT('',(7.417004063362,-21.17708974926));
#1087 = CARTESIAN_POINT('',(7.416442481055,-20.64067733975));
#1088 = CARTESIAN_POINT('',(7.416159384468,-20.1029533971));
#1089 = CARTESIAN_POINT('',(7.416150366097,-19.02302154786));
#1090 = CARTESIAN_POINT('',(7.416428930322,-18.48095251684));
#1091 = CARTESIAN_POINT('',(7.416990424758,-17.94018930463));
#1092 = CARTESIAN_POINT('',(7.417836667521,-17.40212042736));
#1093 = CARTESIAN_POINT('',(7.418970700776,-16.86826194894));
#1094 = CARTESIAN_POINT('',(7.420396899024,-16.34026203246));
#1095 = CARTESIAN_POINT('',(7.422764111155,-15.62621254052));
#1096 = CARTESIAN_POINT('',(7.423447660029,-15.43357910196));
#1097 = CARTESIAN_POINT('',(7.424172907333,-15.2421152248));
#1098 = CARTESIAN_POINT('',(7.424940194736,-15.05192631843));
#1099 = CARTESIAN_POINT('',(7.42574988579,-14.86312541317));
#1100 = CARTESIAN_POINT('',(7.426602365932,-14.67583316025));
#1101 = CARTESIAN_POINT('',(7.42864975827,-14.25145083447));
#1102 = CARTESIAN_POINT('',(7.429872867348,-14.01543644453));
#1103 = CARTESIAN_POINT('',(7.431168260487,-13.78240303305));
#1104 = CARTESIAN_POINT('',(7.432536828102,-13.55265401503));
#1105 = CARTESIAN_POINT('',(7.433979452144,-13.3265276089));
#1106 = CARTESIAN_POINT('',(7.435496997978,-13.10439659591));
#1107 = CARTESIAN_POINT('',(7.439072655396,-12.61577641778));
#1108 = CARTESIAN_POINT('',(7.441172096013,-12.35172535729));
#1109 = CARTESIAN_POINT('',(7.443390351605,-12.09527953345));
#1110 = CARTESIAN_POINT('',(7.445728668013,-11.84735523478));
#1111 = CARTESIAN_POINT('',(7.44818761427,-11.60900515846));
#1112 = CARTESIAN_POINT('',(7.450766883444,-11.38140316573));
#1113 = CARTESIAN_POINT('',(7.455512027298,-11.00228877532));
#1114 = CARTESIAN_POINT('',(7.457627244412,-10.84568415112));
#1115 = CARTESIAN_POINT('',(7.459809975523,-10.69658381998));
#1116 = CARTESIAN_POINT('',(7.46205879594,-10.55560839282));
#1117 = CARTESIAN_POINT('',(7.464371519843,-10.42341659089));
#1118 = CARTESIAN_POINT('',(7.466745052239,-10.30068508704));
#1119 = CARTESIAN_POINT('',(7.472971575414,-10.0121734445));
#1120 = CARTESIAN_POINT('',(7.476908696701,-9.860863444095));
#1121 = CARTESIAN_POINT('',(7.480966747819,-9.736950565615));
#1122 = CARTESIAN_POINT('',(7.485121078296,-9.642905467776));
#1123 = CARTESIAN_POINT('',(7.489341852023,-9.580684077561));
#1124 = CARTESIAN_POINT('',(7.493593591769,-9.55150390179));
#1125 = CARTESIAN_POINT('',(7.502079812637,-9.559062968128));
#1126 = CARTESIAN_POINT('',(7.506318184184,-9.595890153808));
#1127 = CARTESIAN_POINT('',(7.510506535193,-9.665786670511));
#1128 = CARTESIAN_POINT('',(7.514610136936,-9.767478699917));
#1129 = CARTESIAN_POINT('',(7.518600596289,-9.898950409728));
#1130 = CARTESIAN_POINT('',(7.522455164294,-10.05766504176));
#1131 = CARTESIAN_POINT('',(7.528543846129,-10.358873881));
#1132 = CARTESIAN_POINT('',(7.530868684821,-10.48719107328));
#1133 = CARTESIAN_POINT('',(7.533126982991,-10.62500912056));
#1134 = CARTESIAN_POINT('',(7.535316185514,-10.7716228788));
#1135 = CARTESIAN_POINT('',(7.537434673034,-10.92634794732));
#1136 = CARTESIAN_POINT('',(7.539481587332,-11.08854180971));
#1137 = CARTESIAN_POINT('',(7.54404823829,-11.4794610353));
#1138 = CARTESIAN_POINT('',(7.546515880258,-11.71312786791));
#1139 = CARTESIAN_POINT('',(7.548859525965,-11.95731909159));
#1140 = CARTESIAN_POINT('',(7.55108004159,-12.21084688947));
#1141 = CARTESIAN_POINT('',(7.553179059139,-12.4726505467));
#1142 = CARTESIAN_POINT('',(7.555158766226,-12.74181164504));
#1143 = CARTESIAN_POINT('',(7.559949326935,-13.45092785036));
#1144 = CARTESIAN_POINT('',(7.562587454058,-13.90041438381));
#1145 = CARTESIAN_POINT('',(7.564946781841,-14.36312768852));
#1146 = CARTESIAN_POINT('',(7.567036135379,-14.83660562341));
#1147 = CARTESIAN_POINT('',(7.568863812213,-15.31876724786));
#1148 = CARTESIAN_POINT('',(7.570437222574,-15.80792652669));
#1149 = CARTESIAN_POINT('',(7.57298183119,-16.75827262827));
#1150 = CARTESIAN_POINT('',(7.57399067616,-17.21845694032));
#1151 = CARTESIAN_POINT('',(7.574793453449,-17.68228784119));
#1152 = CARTESIAN_POINT('',(7.575393334615,-18.14876328577));
#1153 = CARTESIAN_POINT('',(7.57579247427,-18.61694780308));
#1154 = CARTESIAN_POINT('',(7.575992072636,-19.08597067694));
#1155 = CARTESIAN_POINT('',(7.575992072636,-19.5550285163));
#1156 = ( GEOMETRIC_REPRESENTATION_CONTEXT(2) 
PARAMETRIC_REPRESENTATION_CONTEXT() REPRESENTATION_CONTEXT('2D SPACE',''
  ) );
#1157 = PCURVE('',#898,#1158);
#1158 = DEFINITIONAL_REPRESENTATION('',(#1159),#1270);
#1159 = B_SPLINE_CURVE_WITH_KNOTS('',7,(#1160,#1161,#1162,#1163,#1164,
    #1165,#1166,#1167,#1168,#1169,#1170,#1171,#1172,#1173,#1174,#1175,
    #1176,#1177,#1178,#1179,#1180,#1181,#1182,#1183,#1184,#1185,#1186,
    #1187,#1188,#1189,#1190,#1191,#1192,#1193,#1194,#1195,#1196,#1197,
    #1198,#1199,#1200,#1201,#1202,#1203,#1204,#1205,#1206,#1207,#1208,
    #1209,#1210,#1211,#1212,#1213,#1214,#1215,#1216,#1217,#1218,#1219,
    #1220,#1221,#1222,#1223,#1224,#1225,#1226,#1227,#1228,#1229,#1230,
    #1231,#1232,#1233,#1234,#1235,#1236,#1237,#1238,#1239,#1240,#1241,
    #1242,#1243,#1244,#1245,#1246,#1247,#1248,#1249,#1250,#1251,#1252,
    #1253,#1254,#1255,#1256,#1257,#1258,#1259,#1260,#1261,#1262,#1263,
    #1264,#1265,#1266,#1267,#1268,#1269),.UNSPECIFIED.,.F.,.F.,(8,6,6,6,
    6,6,6,6,6,6,6,6,6,6,6,6,6,6,8),(0.,5.54568409706E-02,
    9.685733675621E-02,0.156965571037,0.209156016795,0.251134894099,
    0.28378939668,0.370837048959,0.458582514775,0.491246953783,
    0.533248890983,0.585506513279,0.625150534111,0.687082458289,
    0.749093688952,0.78909933764,0.841590141415,0.924080487402,1.),
  .UNSPECIFIED.);
#1160 = CARTESIAN_POINT('',(1.238070395466,-18.4710977059));
#1161 = CARTESIAN_POINT('',(1.28354696676,-18.52140767534));
#1162 = CARTESIAN_POINT('',(1.329669192092,-18.57400374165));
#1163 = CARTESIAN_POINT('',(1.376341374903,-18.62873615804));
#1164 = CARTESIAN_POINT('',(1.423458274227,-18.68539559284));
#1165 = CARTESIAN_POINT('',(1.470900105679,-18.74370094409));
#1166 = CARTESIAN_POINT('',(1.518518024822,-18.80328343116));
#1167 = CARTESIAN_POINT('',(1.601639257224,-18.90874540864));
#1168 = CARTESIAN_POINT('',(1.637168572348,-18.95428881265));
#1169 = CARTESIAN_POINT('',(1.672620359053,-19.00010798627));
#1170 = CARTESIAN_POINT('',(1.707930035074,-19.04601876663));
#1171 = CARTESIAN_POINT('',(1.743041137968,-19.09184238636));
#1172 = CARTESIAN_POINT('',(1.777901801892,-19.13740642176));
#1173 = CARTESIAN_POINT('',(1.86264068304,-19.24808368936));
#1174 = CARTESIAN_POINT('',(1.912192011851,-19.31273388335));
#1175 = CARTESIAN_POINT('',(1.960998400542,-19.37603604783));
#1176 = CARTESIAN_POINT('',(2.009001942543,-19.43762888218));
#1177 = CARTESIAN_POINT('',(2.056174583912,-19.49723270973));
#1178 = CARTESIAN_POINT('',(2.102515018105,-19.55464479023));
#1179 = CARTESIAN_POINT('',(2.187583120962,-19.65755692994));
#1180 = CARTESIAN_POINT('',(2.226508961659,-19.7036293735));
#1181 = CARTESIAN_POINT('',(2.264848958192,-19.74786528666));
#1182 = CARTESIAN_POINT('',(2.302628714385,-19.7902060487));
#1183 = CARTESIAN_POINT('',(2.339877085392,-19.83061250498));
#1184 = CARTESIAN_POINT('',(2.376627264052,-19.86906216164));
#1185 = CARTESIAN_POINT('',(2.442107860864,-19.93489210648));
#1186 = CARTESIAN_POINT('',(2.470998355517,-19.96296402712));
#1187 = CARTESIAN_POINT('',(2.499608331893,-19.98975650113));
#1188 = CARTESIAN_POINT('',(2.527955670505,-20.01526627373));
#1189 = CARTESIAN_POINT('',(2.55605771284,-20.03949223117));
#1190 = CARTESIAN_POINT('',(2.583931822509,-20.06243515547));
#1191 = CARTESIAN_POINT('',(2.633115297611,-20.10094815387));
#1192 = CARTESIAN_POINT('',(2.654507227331,-20.11702359273));
#1193 = CARTESIAN_POINT('',(2.675779764731,-20.13232475887));
#1194 = CARTESIAN_POINT('',(2.696940761064,-20.14685275171));
#1195 = CARTESIAN_POINT('',(2.717997889653,-20.16060880702));
#1196 = CARTESIAN_POINT('',(2.73895864589,-20.17359429694));
#1197 = CARTESIAN_POINT('',(2.815468389705,-20.21837627907));
#1198 = CARTESIAN_POINT('',(2.870466060529,-20.24547210921));
#1199 = CARTESIAN_POINT('',(2.924975215675,-20.26713482904));
#1200 = CARTESIAN_POINT('',(2.979122353231,-20.28338436905));
#1201 = CARTESIAN_POINT('',(3.033024213258,-20.29423774527));
#1202 = CARTESIAN_POINT('',(3.086800137827,-20.2997090801));
#1203 = CARTESIAN_POINT('',(3.194793377993,-20.29988337611));
#1204 = CARTESIAN_POINT('',(3.248996935456,-20.29449963761));
#1205 = CARTESIAN_POINT('',(3.303326258672,-20.28364751947));
#1206 = CARTESIAN_POINT('',(3.357903521418,-20.26731256835));
#1207 = CARTESIAN_POINT('',(3.412848135728,-20.24547740927));
#1208 = CARTESIAN_POINT('',(3.46828961169,-20.21812171834));
#1209 = CARTESIAN_POINT('',(3.545265645968,-20.17295512296));
#1210 = CARTESIAN_POINT('',(3.566236840932,-20.15993288998));
#1211 = CARTESIAN_POINT('',(3.587304731565,-20.14613957257));
#1212 = CARTESIAN_POINT('',(3.608476825189,-20.13157379912));
#1213 = CARTESIAN_POINT('',(3.629760807287,-20.11623433682));
#1214 = CARTESIAN_POINT('',(3.651164541507,-20.10012009161));
#1215 = CARTESIAN_POINT('',(3.700382627907,-20.06151193266));
#1216 = CARTESIAN_POINT('',(3.728279887226,-20.03851170258));
#1217 = CARTESIAN_POINT('',(3.756405838548,-20.01422699788));
#1218 = CARTESIAN_POINT('',(3.784777883339,-19.98865706627));
#1219 = CARTESIAN_POINT('',(3.813413396687,-19.96180307132));
#1220 = CARTESIAN_POINT('',(3.842330290385,-19.93366834049));
#1221 = CARTESIAN_POINT('',(3.907898896419,-19.86766786224));
#1222 = CARTESIAN_POINT('',(3.944711833504,-19.82910695475));
#1223 = CARTESIAN_POINT('',(3.982025157405,-19.7885847236));
#1224 = CARTESIAN_POINT('',(4.019872150801,-19.74612402231));
#1225 = CARTESIAN_POINT('',(4.0582816902,-19.70176456717));
#1226 = CARTESIAN_POINT('',(4.097279327232,-19.65556577948));
#1227 = CARTESIAN_POINT('',(4.166936842215,-19.57122881682));
#1228 = CARTESIAN_POINT('',(4.197334680865,-19.5338395802));
#1229 = CARTESIAN_POINT('',(4.228089746802,-19.4954804895));
#1230 = CARTESIAN_POINT('',(4.259204907982,-19.45620258298));
#1231 = CARTESIAN_POINT('',(4.290678179515,-19.41607058532));
#1232 = CARTESIAN_POINT('',(4.322501853679,-19.37516433764));
#1233 = CARTESIAN_POINT('',(4.404899072677,-19.26861803325));
#1234 = CARTESIAN_POINT('',(4.455989451732,-19.20195769141));
#1235 = CARTESIAN_POINT('',(4.507820229765,-19.13403482705));
#1236 = CARTESIAN_POINT('',(4.560264999801,-19.06535109025));
#1237 = CARTESIAN_POINT('',(4.613171029592,-18.99646713927));
#1238 = CARTESIAN_POINT('',(4.666343653542,-18.92799393938));
#1239 = CARTESIAN_POINT('',(4.772715078179,-18.79311437109));
#1240 = CARTESIAN_POINT('',(4.825962933326,-18.72664846524));
#1241 = CARTESIAN_POINT('',(4.878949482124,-18.66187246021));
#1242 = CARTESIAN_POINT('',(4.931477539295,-18.59928049186));
#1243 = CARTESIAN_POINT('',(4.983391164677,-18.53922862545));
#1244 = CARTESIAN_POINT('',(5.034560400851,-18.48196280308));
#1245 = CARTESIAN_POINT('',(5.117326572796,-18.39259502885));
#1246 = CARTESIAN_POINT('',(5.149440085645,-18.35875881579));
#1247 = CARTESIAN_POINT('',(5.181194390238,-18.32615943655));
#1248 = CARTESIAN_POINT('',(5.212581298753,-18.29480586382));
#1249 = CARTESIAN_POINT('',(5.243598649093,-18.26469334607));
#1250 = CARTESIAN_POINT('',(5.274249398222,-18.23580706011));
#1251 = CARTESIAN_POINT('',(5.344287957476,-18.17180240637));
#1252 = CARTESIAN_POINT('',(5.38341266955,-18.13755669784));
#1253 = CARTESIAN_POINT('',(5.421940004261,-18.10533047781));
#1254 = CARTESIAN_POINT('',(5.459896329916,-18.07505775713));
#1255 = CARTESIAN_POINT('',(5.497311438331,-18.04666673956));
#1256 = CARTESIAN_POINT('',(5.534219686506,-18.0200832053));
#1257 = CARTESIAN_POINT('',(5.627929607266,-17.95618270703));
#1258 = CARTESIAN_POINT('',(5.684023776521,-17.92142903693));
#1259 = CARTESIAN_POINT('',(5.739110862247,-17.89067551365));
#1260 = CARTESIAN_POINT('',(5.793321535519,-17.86368173369));
#1261 = CARTESIAN_POINT('',(5.8467788193,-17.84023975979));
#1262 = CARTESIAN_POINT('',(5.899605679079,-17.82017583964));
#1263 = CARTESIAN_POINT('',(6.000103582692,-17.78787236551));
#1264 = CARTESIAN_POINT('',(6.047836729282,-17.77514117231));
#1265 = CARTESIAN_POINT('',(6.095237033463,-17.76505476289));
#1266 = CARTESIAN_POINT('',(6.142390309921,-17.75753950052));
#1267 = CARTESIAN_POINT('',(6.189377201079,-17.75254644338));
#1268 = CARTESIAN_POINT('',(6.236279523244,-17.75004955075));
#1269 = CARTESIAN_POINT('',(6.28318530718,-17.75004955075));
#1270 = ( GEOMETRIC_REPRESENTATION_CONTEXT(2) 
PARAMETRIC_REPRESENTATION_CONTEXT() REPRESENTATION_CONTEXT('2D SPACE',''
  ) );
#1271 = ADVANCED_FACE('',(#1272,#1275),#543,.T.);
#1272 = FACE_BOUND('',#1273,.T.);
#1273 = EDGE_LOOP('',(#1274));
#1274 = ORIENTED_EDGE('',*,*,#528,.T.);
#1275 = FACE_BOUND('',#1276,.F.);
#1276 = EDGE_LOOP('',(#1277));
#1277 = ORIENTED_EDGE('',*,*,#1278,.T.);
#1278 = EDGE_CURVE('',#1279,#1279,#1281,.T.);
#1279 = VERTEX_POINT('',#1280);
#1280 = CARTESIAN_POINT('',(61.585,26.2,19.554999945186));
#1281 = SURFACE_CURVE('',#1282,(#1287,#1294),.PCURVE_S1.);
#1282 = CIRCLE('',#1283,5.);
#1283 = AXIS2_PLACEMENT_3D('',#1284,#1285,#1286);
#1284 = CARTESIAN_POINT('',(61.585,21.2,19.554999945186));
#1285 = DIRECTION('',(1.,-5.551115123126E-16,1.848892746612E-31));
#1286 = DIRECTION('',(5.551115123126E-16,1.,1.232595164408E-31));
#1287 = PCURVE('',#543,#1288);
#1288 = DEFINITIONAL_REPRESENTATION('',(#1289),#1293);
#1289 = CIRCLE('',#1290,5.);
#1290 = AXIS2_PLACEMENT_2D('',#1291,#1292);
#1291 = CARTESIAN_POINT('',(18.35,-1.428556163674E-05));
#1292 = DIRECTION('',(1.,0.));
#1293 = ( GEOMETRIC_REPRESENTATION_CONTEXT(2) 
PARAMETRIC_REPRESENTATION_CONTEXT() REPRESENTATION_CONTEXT('2D SPACE',''
  ) );
#1294 = PCURVE('',#1295,#1300);
#1295 = CYLINDRICAL_SURFACE('',#1296,5.);
#1296 = AXIS2_PLACEMENT_3D('',#1297,#1298,#1299);
#1297 = CARTESIAN_POINT('',(61.585,21.2,19.554999945186));
#1298 = DIRECTION('',(1.,-1.110223024625E-16,4.440892098501E-16));
#1299 = DIRECTION('',(5.551115123126E-16,1.,1.232595164408E-31));
#1300 = DEFINITIONAL_REPRESENTATION('',(#1301),#1305);
#1301 = LINE('',#1302,#1303);
#1302 = CARTESIAN_POINT('',(0.,0.));
#1303 = VECTOR('',#1304,1.);
#1304 = DIRECTION('',(1.,0.));
#1305 = ( GEOMETRIC_REPRESENTATION_CONTEXT(2) 
PARAMETRIC_REPRESENTATION_CONTEXT() REPRESENTATION_CONTEXT('2D SPACE',''
  ) );
#1306 = ADVANCED_FACE('',(#1307,#1564,#1678),#577,.F.);
#1307 = FACE_BOUND('',#1308,.F.);
#1308 = EDGE_LOOP('',(#1309,#1339,#1371,#1404,#1432,#1460,#1488,#1514,
    #1515,#1538));
#1309 = ORIENTED_EDGE('',*,*,#1310,.F.);
#1310 = EDGE_CURVE('',#1311,#1313,#1315,.T.);
#1311 = VERTEX_POINT('',#1312);
#1312 = CARTESIAN_POINT('',(-45.585,31.2,-6.180389533483E-14));
#1313 = VERTEX_POINT('',#1314);
#1314 = CARTESIAN_POINT('',(-45.585,36.7,-6.180389533483E-14));
#1315 = SURFACE_CURVE('',#1316,(#1320,#1327),.PCURVE_S1.);
#1316 = LINE('',#1317,#1318);
#1317 = CARTESIAN_POINT('',(-45.585,31.2,-6.180389533483E-14));
#1318 = VECTOR('',#1319,1.);
#1319 = DIRECTION('',(8.881784197001E-16,1.,3.451266460342E-31));
#1320 = PCURVE('',#577,#1321);
#1321 = DEFINITIONAL_REPRESENTATION('',(#1322),#1326);
#1322 = LINE('',#1323,#1324);
#1323 = CARTESIAN_POINT('',(49.541448752074,45.585));
#1324 = VECTOR('',#1325,1.);
#1325 = DIRECTION('',(1.,0.));
#1326 = ( GEOMETRIC_REPRESENTATION_CONTEXT(2) 
PARAMETRIC_REPRESENTATION_CONTEXT() REPRESENTATION_CONTEXT('2D SPACE',''
  ) );
#1327 = PCURVE('',#1328,#1333);
#1328 = PLANE('',#1329);
#1329 = AXIS2_PLACEMENT_3D('',#1330,#1331,#1332);
#1330 = CARTESIAN_POINT('',(-45.585,31.2,-5.469846797723E-14));
#1331 = DIRECTION('',(-1.,1.110223024625E-16,-7.771561172376E-16));
#1332 = DIRECTION('',(8.881784197001E-16,1.,3.451266460342E-31));
#1333 = DEFINITIONAL_REPRESENTATION('',(#1334),#1338);
#1334 = LINE('',#1335,#1336);
#1335 = CARTESIAN_POINT('',(0.,0.));
#1336 = VECTOR('',#1337,1.);
#1337 = DIRECTION('',(1.,0.));
#1338 = ( GEOMETRIC_REPRESENTATION_CONTEXT(2) 
PARAMETRIC_REPRESENTATION_CONTEXT() REPRESENTATION_CONTEXT('2D SPACE',''
  ) );
#1339 = ORIENTED_EDGE('',*,*,#1340,.T.);
#1340 = EDGE_CURVE('',#1311,#1341,#1343,.T.);
#1341 = VERTEX_POINT('',#1342);
#1342 = CARTESIAN_POINT('',(-10.5,-98.9390948057,-6.994405055139E-15));
#1343 = SURFACE_CURVE('',#1344,(#1349,#1356),.PCURVE_S1.);
#1344 = ELLIPSE('',#1345,133.73517127214,45.585);
#1345 = AXIS2_PLACEMENT_3D('',#1346,#1347,#1348);
#1346 = CARTESIAN_POINT('',(2.715971436486E-14,31.2,-2.13162820728E-14)
  );
#1347 = DIRECTION('',(-8.881784197001E-16,4.437342591868E-31,1.));
#1348 = DIRECTION('',(-8.124258763724E-16,-1.,-2.778448718131E-31));
#1349 = PCURVE('',#577,#1350);
#1350 = DEFINITIONAL_REPRESENTATION('',(#1351),#1355);
#1351 = ELLIPSE('',#1352,133.73517127214,45.585);
#1352 = AXIS2_PLACEMENT_2D('',#1353,#1354);
#1353 = CARTESIAN_POINT('',(49.541448752074,1.749954937405E-15));
#1354 = DIRECTION('',(-1.,-7.575254332772E-17));
#1355 = ( GEOMETRIC_REPRESENTATION_CONTEXT(2) 
PARAMETRIC_REPRESENTATION_CONTEXT() REPRESENTATION_CONTEXT('2D SPACE',''
  ) );
#1356 = PCURVE('',#1357,#1365);
#1357 = SURFACE_OF_LINEAR_EXTRUSION('',#1358,#1363);
#1358 = ELLIPSE('',#1359,133.73517127214,45.585);
#1359 = AXIS2_PLACEMENT_3D('',#1360,#1361,#1362);
#1360 = CARTESIAN_POINT('',(2.715971436486E-14,31.2,-1.42108547152E-14)
  );
#1361 = DIRECTION('',(-8.881784197001E-16,4.437342591868E-31,1.));
#1362 = DIRECTION('',(-8.124258763724E-16,-1.,-2.778448718131E-31));
#1363 = VECTOR('',#1364,1.);
#1364 = DIRECTION('',(-3.451266460342E-31,-8.881784197001E-16,-1.));
#1365 = DEFINITIONAL_REPRESENTATION('',(#1366),#1370);
#1366 = LINE('',#1367,#1368);
#1367 = CARTESIAN_POINT('',(0.,0.));
#1368 = VECTOR('',#1369,1.);
#1369 = DIRECTION('',(1.,0.));
#1370 = ( GEOMETRIC_REPRESENTATION_CONTEXT(2) 
PARAMETRIC_REPRESENTATION_CONTEXT() REPRESENTATION_CONTEXT('2D SPACE',''
  ) );
#1371 = ORIENTED_EDGE('',*,*,#1372,.F.);
#1372 = EDGE_CURVE('',#1373,#1341,#1375,.T.);
#1373 = VERTEX_POINT('',#1374);
#1374 = CARTESIAN_POINT('',(-10.5,-92.5,-1.500167985168E-14));
#1375 = SURFACE_CURVE('',#1376,(#1381,#1392),.PCURVE_S1.);
#1376 = CIRCLE('',#1377,10.615485479218);
#1377 = AXIS2_PLACEMENT_3D('',#1378,#1379,#1380);
#1378 = CARTESIAN_POINT('',(-20.61548547921,-95.71954740285,
    -1.373267198571E-14));
#1379 = DIRECTION('',(6.661338147751E-16,-2.588449845256E-31,-1.));
#1380 = DIRECTION('',(1.,1.848892746612E-31,6.661338147751E-16));
#1381 = PCURVE('',#577,#1382);
#1382 = DEFINITIONAL_REPRESENTATION('',(#1383),#1391);
#1383 = ( BOUNDED_CURVE() B_SPLINE_CURVE(2,(#1384,#1385,#1386,#1387,
#1388,#1389,#1390),.UNSPECIFIED.,.T.,.F.) B_SPLINE_CURVE_WITH_KNOTS((1,2
    ,2,2,2,1),(-2.094395102393,0.,2.094395102393,4.188790204786,
6.28318530718,8.377580409573),.UNSPECIFIED.) CURVE() 
GEOMETRIC_REPRESENTATION_ITEM() RATIONAL_B_SPLINE_CURVE((1.,0.5,1.,0.5,
1.,0.5,1.)) REPRESENTATION_ITEM('') );
#1384 = CARTESIAN_POINT('',(-77.37809865077,10.));
#1385 = CARTESIAN_POINT('',(-95.76465884779,10.));
#1386 = CARTESIAN_POINT('',(-86.57137874928,25.923228218827));
#1387 = CARTESIAN_POINT('',(-77.37809865077,41.846456437654));
#1388 = CARTESIAN_POINT('',(-68.18481855227,25.923228218827));
#1389 = CARTESIAN_POINT('',(-58.99153845376,10.));
#1390 = CARTESIAN_POINT('',(-77.37809865077,10.));
#1391 = ( GEOMETRIC_REPRESENTATION_CONTEXT(2) 
PARAMETRIC_REPRESENTATION_CONTEXT() REPRESENTATION_CONTEXT('2D SPACE',''
  ) );
#1392 = PCURVE('',#1393,#1398);
#1393 = CYLINDRICAL_SURFACE('',#1394,10.615485479218);
#1394 = AXIS2_PLACEMENT_3D('',#1395,#1396,#1397);
#1395 = CARTESIAN_POINT('',(-20.61548547921,-95.71954740285,
    -1.373267198571E-14));
#1396 = DIRECTION('',(1.110223024625E-16,-5.551115123126E-16,-1.));
#1397 = DIRECTION('',(1.,1.848892746612E-31,6.661338147751E-16));
#1398 = DEFINITIONAL_REPRESENTATION('',(#1399),#1403);
#1399 = LINE('',#1400,#1401);
#1400 = CARTESIAN_POINT('',(0.,0.));
#1401 = VECTOR('',#1402,1.);
#1402 = DIRECTION('',(1.,0.));
#1403 = ( GEOMETRIC_REPRESENTATION_CONTEXT(2) 
PARAMETRIC_REPRESENTATION_CONTEXT() REPRESENTATION_CONTEXT('2D SPACE',''
  ) );
#1404 = ORIENTED_EDGE('',*,*,#1405,.F.);
#1405 = EDGE_CURVE('',#1406,#1373,#1408,.T.);
#1406 = VERTEX_POINT('',#1407);
#1407 = CARTESIAN_POINT('',(-10.5,-51.5,-3.064215547965E-14));
#1408 = SURFACE_CURVE('',#1409,(#1413,#1420),.PCURVE_S1.);
#1409 = LINE('',#1410,#1411);
#1410 = CARTESIAN_POINT('',(-10.5,-51.5,-3.064215547965E-14));
#1411 = VECTOR('',#1412,1.);
#1412 = DIRECTION('',(-8.881784197001E-16,-1.,-3.451266460342E-31));
#1413 = PCURVE('',#577,#1414);
#1414 = DEFINITIONAL_REPRESENTATION('',(#1415),#1419);
#1415 = LINE('',#1416,#1417);
#1416 = CARTESIAN_POINT('',(-33.15855124792,10.5));
#1417 = VECTOR('',#1418,1.);
#1418 = DIRECTION('',(-1.,0.));
#1419 = ( GEOMETRIC_REPRESENTATION_CONTEXT(2) 
PARAMETRIC_REPRESENTATION_CONTEXT() REPRESENTATION_CONTEXT('2D SPACE',''
  ) );
#1420 = PCURVE('',#1421,#1426);
#1421 = PLANE('',#1422);
#1422 = AXIS2_PLACEMENT_3D('',#1423,#1424,#1425);
#1423 = CARTESIAN_POINT('',(-10.5,-51.5,-2.353672812205E-14));
#1424 = DIRECTION('',(1.,-1.110223024625E-16,7.771561172376E-16));
#1425 = DIRECTION('',(-8.881784197001E-16,-1.,-3.451266460342E-31));
#1426 = DEFINITIONAL_REPRESENTATION('',(#1427),#1431);
#1427 = LINE('',#1428,#1429);
#1428 = CARTESIAN_POINT('',(0.,0.));
#1429 = VECTOR('',#1430,1.);
#1430 = DIRECTION('',(1.,0.));
#1431 = ( GEOMETRIC_REPRESENTATION_CONTEXT(2) 
PARAMETRIC_REPRESENTATION_CONTEXT() REPRESENTATION_CONTEXT('2D SPACE',''
  ) );
#1432 = ORIENTED_EDGE('',*,*,#1433,.F.);
#1433 = EDGE_CURVE('',#1434,#1406,#1436,.T.);
#1434 = VERTEX_POINT('',#1435);
#1435 = CARTESIAN_POINT('',(10.5,-51.5,-1.199040866595E-14));
#1436 = SURFACE_CURVE('',#1437,(#1441,#1448),.PCURVE_S1.);
#1437 = LINE('',#1438,#1439);
#1438 = CARTESIAN_POINT('',(10.5,-51.5,-1.199040866595E-14));
#1439 = VECTOR('',#1440,1.);
#1440 = DIRECTION('',(-1.,-3.451266460342E-31,-8.881784197001E-16));
#1441 = PCURVE('',#577,#1442);
#1442 = DEFINITIONAL_REPRESENTATION('',(#1443),#1447);
#1443 = LINE('',#1444,#1445);
#1444 = CARTESIAN_POINT('',(-33.15855124792,-10.5));
#1445 = VECTOR('',#1446,1.);
#1446 = DIRECTION('',(0.,1.));
#1447 = ( GEOMETRIC_REPRESENTATION_CONTEXT(2) 
PARAMETRIC_REPRESENTATION_CONTEXT() REPRESENTATION_CONTEXT('2D SPACE',''
  ) );
#1448 = PCURVE('',#1449,#1454);
#1449 = PLANE('',#1450);
#1450 = AXIS2_PLACEMENT_3D('',#1451,#1452,#1453);
#1451 = CARTESIAN_POINT('',(10.5,-51.5,-4.884981308351E-15));
#1452 = DIRECTION('',(-7.771561172376E-16,-1.,1.110223024625E-16));
#1453 = DIRECTION('',(-1.,-3.451266460342E-31,-8.881784197001E-16));
#1454 = DEFINITIONAL_REPRESENTATION('',(#1455),#1459);
#1455 = LINE('',#1456,#1457);
#1456 = CARTESIAN_POINT('',(0.,0.));
#1457 = VECTOR('',#1458,1.);
#1458 = DIRECTION('',(1.,0.));
#1459 = ( GEOMETRIC_REPRESENTATION_CONTEXT(2) 
PARAMETRIC_REPRESENTATION_CONTEXT() REPRESENTATION_CONTEXT('2D SPACE',''
  ) );
#1460 = ORIENTED_EDGE('',*,*,#1461,.F.);
#1461 = EDGE_CURVE('',#1462,#1434,#1464,.T.);
#1462 = VERTEX_POINT('',#1463);
#1463 = CARTESIAN_POINT('',(10.500000000001,-92.5,-2.023967696565E-15));
#1464 = SURFACE_CURVE('',#1465,(#1469,#1476),.PCURVE_S1.);
#1465 = LINE('',#1466,#1467);
#1466 = CARTESIAN_POINT('',(10.5,-92.5,-1.199040866595E-14));
#1467 = VECTOR('',#1468,1.);
#1468 = DIRECTION('',(8.881784197001E-16,1.,3.451266460342E-31));
#1469 = PCURVE('',#577,#1470);
#1470 = DEFINITIONAL_REPRESENTATION('',(#1471),#1475);
#1471 = LINE('',#1472,#1473);
#1472 = CARTESIAN_POINT('',(-74.15855124792,-10.5));
#1473 = VECTOR('',#1474,1.);
#1474 = DIRECTION('',(1.,0.));
#1475 = ( GEOMETRIC_REPRESENTATION_CONTEXT(2) 
PARAMETRIC_REPRESENTATION_CONTEXT() REPRESENTATION_CONTEXT('2D SPACE',''
  ) );
#1476 = PCURVE('',#1477,#1482);
#1477 = PLANE('',#1478);
#1478 = AXIS2_PLACEMENT_3D('',#1479,#1480,#1481);
#1479 = CARTESIAN_POINT('',(10.5,-92.5,-4.884981308351E-15));
#1480 = DIRECTION('',(-1.,1.110223024625E-16,-7.771561172376E-16));
#1481 = DIRECTION('',(8.881784197001E-16,1.,3.451266460342E-31));
#1482 = DEFINITIONAL_REPRESENTATION('',(#1483),#1487);
#1483 = LINE('',#1484,#1485);
#1484 = CARTESIAN_POINT('',(0.,0.));
#1485 = VECTOR('',#1486,1.);
#1486 = DIRECTION('',(1.,0.));
#1487 = ( GEOMETRIC_REPRESENTATION_CONTEXT(2) 
PARAMETRIC_REPRESENTATION_CONTEXT() REPRESENTATION_CONTEXT('2D SPACE',''
  ) );
#1488 = ORIENTED_EDGE('',*,*,#1489,.F.);
#1489 = EDGE_CURVE('',#559,#1462,#1490,.T.);
#1490 = SURFACE_CURVE('',#1491,(#1496,#1507),.PCURVE_S1.);
#1491 = CIRCLE('',#1492,10.615485479218);
#1492 = AXIS2_PLACEMENT_3D('',#1493,#1494,#1495);
#1493 = CARTESIAN_POINT('',(20.61548547922,-95.71954740285,
    1.373267198571E-14));
#1494 = DIRECTION('',(6.661338147751E-16,-2.588449845256E-31,-1.));
#1495 = DIRECTION('',(1.,1.848892746612E-31,6.661338147751E-16));
#1496 = PCURVE('',#577,#1497);
#1497 = DEFINITIONAL_REPRESENTATION('',(#1498),#1506);
#1498 = ( BOUNDED_CURVE() B_SPLINE_CURVE(2,(#1499,#1500,#1501,#1502,
#1503,#1504,#1505),.UNSPECIFIED.,.T.,.F.) B_SPLINE_CURVE_WITH_KNOTS((1,2
    ,2,2,2,1),(-2.094395102393,0.,2.094395102393,4.188790204786,
6.28318530718,8.377580409573),.UNSPECIFIED.) CURVE() 
GEOMETRIC_REPRESENTATION_ITEM() RATIONAL_B_SPLINE_CURVE((1.,0.5,1.,0.5,
1.,0.5,1.)) REPRESENTATION_ITEM('') );
#1499 = CARTESIAN_POINT('',(-77.37809865077,-31.23097095843));
#1500 = CARTESIAN_POINT('',(-95.76465884779,-31.23097095843));
#1501 = CARTESIAN_POINT('',(-86.57137874928,-15.30774273961));
#1502 = CARTESIAN_POINT('',(-77.37809865077,0.615485479216));
#1503 = CARTESIAN_POINT('',(-68.18481855227,-15.30774273961));
#1504 = CARTESIAN_POINT('',(-58.99153845376,-31.23097095843));
#1505 = CARTESIAN_POINT('',(-77.37809865077,-31.23097095843));
#1506 = ( GEOMETRIC_REPRESENTATION_CONTEXT(2) 
PARAMETRIC_REPRESENTATION_CONTEXT() REPRESENTATION_CONTEXT('2D SPACE',''
  ) );
#1507 = PCURVE('',#604,#1508);
#1508 = DEFINITIONAL_REPRESENTATION('',(#1509),#1513);
#1509 = LINE('',#1510,#1511);
#1510 = CARTESIAN_POINT('',(0.,0.));
#1511 = VECTOR('',#1512,1.);
#1512 = DIRECTION('',(1.,0.));
#1513 = ( GEOMETRIC_REPRESENTATION_CONTEXT(2) 
PARAMETRIC_REPRESENTATION_CONTEXT() REPRESENTATION_CONTEXT('2D SPACE',''
  ) );
#1514 = ORIENTED_EDGE('',*,*,#558,.T.);
#1515 = ORIENTED_EDGE('',*,*,#1516,.F.);
#1516 = EDGE_CURVE('',#1517,#561,#1519,.T.);
#1517 = VERTEX_POINT('',#1518);
#1518 = CARTESIAN_POINT('',(45.585,36.7,1.917133118923E-14));
#1519 = SURFACE_CURVE('',#1520,(#1524,#1531),.PCURVE_S1.);
#1520 = LINE('',#1521,#1522);
#1521 = CARTESIAN_POINT('',(45.585,36.7,1.917133118923E-14));
#1522 = VECTOR('',#1523,1.);
#1523 = DIRECTION('',(-8.881784197001E-16,-1.,-3.451266460342E-31));
#1524 = PCURVE('',#577,#1525);
#1525 = DEFINITIONAL_REPRESENTATION('',(#1526),#1530);
#1526 = LINE('',#1527,#1528);
#1527 = CARTESIAN_POINT('',(55.041448752074,-45.585));
#1528 = VECTOR('',#1529,1.);
#1529 = DIRECTION('',(-1.,0.));
#1530 = ( GEOMETRIC_REPRESENTATION_CONTEXT(2) 
PARAMETRIC_REPRESENTATION_CONTEXT() REPRESENTATION_CONTEXT('2D SPACE',''
  ) );
#1531 = PCURVE('',#802,#1532);
#1532 = DEFINITIONAL_REPRESENTATION('',(#1533),#1537);
#1533 = LINE('',#1534,#1535);
#1534 = CARTESIAN_POINT('',(0.,0.));
#1535 = VECTOR('',#1536,1.);
#1536 = DIRECTION('',(1.,0.));
#1537 = ( GEOMETRIC_REPRESENTATION_CONTEXT(2) 
PARAMETRIC_REPRESENTATION_CONTEXT() REPRESENTATION_CONTEXT('2D SPACE',''
  ) );
#1538 = ORIENTED_EDGE('',*,*,#1539,.F.);
#1539 = EDGE_CURVE('',#1313,#1517,#1540,.T.);
#1540 = SURFACE_CURVE('',#1541,(#1545,#1552),.PCURVE_S1.);
#1541 = LINE('',#1542,#1543);
#1542 = CARTESIAN_POINT('',(-45.585,36.7,-6.180389533483E-14));
#1543 = VECTOR('',#1544,1.);
#1544 = DIRECTION('',(1.,3.451266460342E-31,8.881784197001E-16));
#1545 = PCURVE('',#577,#1546);
#1546 = DEFINITIONAL_REPRESENTATION('',(#1547),#1551);
#1547 = LINE('',#1548,#1549);
#1548 = CARTESIAN_POINT('',(55.041448752074,45.585));
#1549 = VECTOR('',#1550,1.);
#1550 = DIRECTION('',(0.,-1.));
#1551 = ( GEOMETRIC_REPRESENTATION_CONTEXT(2) 
PARAMETRIC_REPRESENTATION_CONTEXT() REPRESENTATION_CONTEXT('2D SPACE',''
  ) );
#1552 = PCURVE('',#1553,#1558);
#1553 = PLANE('',#1554);
#1554 = AXIS2_PLACEMENT_3D('',#1555,#1556,#1557);
#1555 = CARTESIAN_POINT('',(-45.585,36.7,-5.469846797723E-14));
#1556 = DIRECTION('',(7.771561172376E-16,1.,-1.110223024625E-16));
#1557 = DIRECTION('',(1.,3.451266460342E-31,8.881784197001E-16));
#1558 = DEFINITIONAL_REPRESENTATION('',(#1559),#1563);
#1559 = LINE('',#1560,#1561);
#1560 = CARTESIAN_POINT('',(0.,0.));
#1561 = VECTOR('',#1562,1.);
#1562 = DIRECTION('',(1.,0.));
#1563 = ( GEOMETRIC_REPRESENTATION_CONTEXT(2) 
PARAMETRIC_REPRESENTATION_CONTEXT() REPRESENTATION_CONTEXT('2D SPACE',''
  ) );
#1564 = FACE_BOUND('',#1565,.F.);
#1565 = EDGE_LOOP('',(#1566,#1596,#1624,#1652));
#1566 = ORIENTED_EDGE('',*,*,#1567,.F.);
#1567 = EDGE_CURVE('',#1568,#1570,#1572,.T.);
#1568 = VERTEX_POINT('',#1569);
#1569 = CARTESIAN_POINT('',(33.,-46.5,7.993605777301E-15));
#1570 = VERTEX_POINT('',#1571);
#1571 = CARTESIAN_POINT('',(33.,-5.5,7.993605777301E-15));
#1572 = SURFACE_CURVE('',#1573,(#1577,#1584),.PCURVE_S1.);
#1573 = LINE('',#1574,#1575);
#1574 = CARTESIAN_POINT('',(33.,-46.5,7.993605777301E-15));
#1575 = VECTOR('',#1576,1.);
#1576 = DIRECTION('',(8.881784197001E-16,1.,3.451266460342E-31));
#1577 = PCURVE('',#577,#1578);
#1578 = DEFINITIONAL_REPRESENTATION('',(#1579),#1583);
#1579 = LINE('',#1580,#1581);
#1580 = CARTESIAN_POINT('',(-28.15855124792,-33.));
#1581 = VECTOR('',#1582,1.);
#1582 = DIRECTION('',(1.,0.));
#1583 = ( GEOMETRIC_REPRESENTATION_CONTEXT(2) 
PARAMETRIC_REPRESENTATION_CONTEXT() REPRESENTATION_CONTEXT('2D SPACE',''
  ) );
#1584 = PCURVE('',#1585,#1590);
#1585 = PLANE('',#1586);
#1586 = AXIS2_PLACEMENT_3D('',#1587,#1588,#1589);
#1587 = CARTESIAN_POINT('',(33.,-46.5,1.50990331349E-14));
#1588 = DIRECTION('',(-1.,1.110223024625E-16,-7.771561172376E-16));
#1589 = DIRECTION('',(8.881784197001E-16,1.,3.451266460342E-31));
#1590 = DEFINITIONAL_REPRESENTATION('',(#1591),#1595);
#1591 = LINE('',#1592,#1593);
#1592 = CARTESIAN_POINT('',(0.,0.));
#1593 = VECTOR('',#1594,1.);
#1594 = DIRECTION('',(1.,0.));
#1595 = ( GEOMETRIC_REPRESENTATION_CONTEXT(2) 
PARAMETRIC_REPRESENTATION_CONTEXT() REPRESENTATION_CONTEXT('2D SPACE',''
  ) );
#1596 = ORIENTED_EDGE('',*,*,#1597,.F.);
#1597 = EDGE_CURVE('',#1598,#1568,#1600,.T.);
#1598 = VERTEX_POINT('',#1599);
#1599 = CARTESIAN_POINT('',(-33.,-46.5,-5.062616992291E-14));
#1600 = SURFACE_CURVE('',#1601,(#1605,#1612),.PCURVE_S1.);
#1601 = LINE('',#1602,#1603);
#1602 = CARTESIAN_POINT('',(-33.,-46.5,-5.062616992291E-14));
#1603 = VECTOR('',#1604,1.);
#1604 = DIRECTION('',(1.,3.451266460342E-31,8.881784197001E-16));
#1605 = PCURVE('',#577,#1606);
#1606 = DEFINITIONAL_REPRESENTATION('',(#1607),#1611);
#1607 = LINE('',#1608,#1609);
#1608 = CARTESIAN_POINT('',(-28.15855124792,33.));
#1609 = VECTOR('',#1610,1.);
#1610 = DIRECTION('',(0.,-1.));
#1611 = ( GEOMETRIC_REPRESENTATION_CONTEXT(2) 
PARAMETRIC_REPRESENTATION_CONTEXT() REPRESENTATION_CONTEXT('2D SPACE',''
  ) );
#1612 = PCURVE('',#1613,#1618);
#1613 = PLANE('',#1614);
#1614 = AXIS2_PLACEMENT_3D('',#1615,#1616,#1617);
#1615 = CARTESIAN_POINT('',(-33.,-46.5,-4.352074256531E-14));
#1616 = DIRECTION('',(7.771561172376E-16,1.,-1.110223024625E-16));
#1617 = DIRECTION('',(1.,3.451266460342E-31,8.881784197001E-16));
#1618 = DEFINITIONAL_REPRESENTATION('',(#1619),#1623);
#1619 = LINE('',#1620,#1621);
#1620 = CARTESIAN_POINT('',(0.,0.));
#1621 = VECTOR('',#1622,1.);
#1622 = DIRECTION('',(1.,0.));
#1623 = ( GEOMETRIC_REPRESENTATION_CONTEXT(2) 
PARAMETRIC_REPRESENTATION_CONTEXT() REPRESENTATION_CONTEXT('2D SPACE',''
  ) );
#1624 = ORIENTED_EDGE('',*,*,#1625,.F.);
#1625 = EDGE_CURVE('',#1626,#1598,#1628,.T.);
#1626 = VERTEX_POINT('',#1627);
#1627 = CARTESIAN_POINT('',(-33.,-5.5,-5.062616992291E-14));
#1628 = SURFACE_CURVE('',#1629,(#1633,#1640),.PCURVE_S1.);
#1629 = LINE('',#1630,#1631);
#1630 = CARTESIAN_POINT('',(-33.,-5.5,-5.062616992291E-14));
#1631 = VECTOR('',#1632,1.);
#1632 = DIRECTION('',(-8.881784197001E-16,-1.,-3.451266460342E-31));
#1633 = PCURVE('',#577,#1634);
#1634 = DEFINITIONAL_REPRESENTATION('',(#1635),#1639);
#1635 = LINE('',#1636,#1637);
#1636 = CARTESIAN_POINT('',(12.841448752074,33.));
#1637 = VECTOR('',#1638,1.);
#1638 = DIRECTION('',(-1.,0.));
#1639 = ( GEOMETRIC_REPRESENTATION_CONTEXT(2) 
PARAMETRIC_REPRESENTATION_CONTEXT() REPRESENTATION_CONTEXT('2D SPACE',''
  ) );
#1640 = PCURVE('',#1641,#1646);
#1641 = PLANE('',#1642);
#1642 = AXIS2_PLACEMENT_3D('',#1643,#1644,#1645);
#1643 = CARTESIAN_POINT('',(-33.,-5.5,-4.352074256531E-14));
#1644 = DIRECTION('',(1.,-1.110223024625E-16,7.771561172376E-16));
#1645 = DIRECTION('',(-8.881784197001E-16,-1.,-3.451266460342E-31));
#1646 = DEFINITIONAL_REPRESENTATION('',(#1647),#1651);
#1647 = LINE('',#1648,#1649);
#1648 = CARTESIAN_POINT('',(0.,0.));
#1649 = VECTOR('',#1650,1.);
#1650 = DIRECTION('',(1.,0.));
#1651 = ( GEOMETRIC_REPRESENTATION_CONTEXT(2) 
PARAMETRIC_REPRESENTATION_CONTEXT() REPRESENTATION_CONTEXT('2D SPACE',''
  ) );
#1652 = ORIENTED_EDGE('',*,*,#1653,.F.);
#1653 = EDGE_CURVE('',#1570,#1626,#1654,.T.);
#1654 = SURFACE_CURVE('',#1655,(#1659,#1666),.PCURVE_S1.);
#1655 = LINE('',#1656,#1657);
#1656 = CARTESIAN_POINT('',(33.,-5.5,7.993605777301E-15));
#1657 = VECTOR('',#1658,1.);
#1658 = DIRECTION('',(-1.,-3.451266460342E-31,-8.881784197001E-16));
#1659 = PCURVE('',#577,#1660);
#1660 = DEFINITIONAL_REPRESENTATION('',(#1661),#1665);
#1661 = LINE('',#1662,#1663);
#1662 = CARTESIAN_POINT('',(12.841448752074,-33.));
#1663 = VECTOR('',#1664,1.);
#1664 = DIRECTION('',(0.,1.));
#1665 = ( GEOMETRIC_REPRESENTATION_CONTEXT(2) 
PARAMETRIC_REPRESENTATION_CONTEXT() REPRESENTATION_CONTEXT('2D SPACE',''
  ) );
#1666 = PCURVE('',#1667,#1672);
#1667 = PLANE('',#1668);
#1668 = AXIS2_PLACEMENT_3D('',#1669,#1670,#1671);
#1669 = CARTESIAN_POINT('',(33.,-5.5,1.50990331349E-14));
#1670 = DIRECTION('',(-7.771561172376E-16,-1.,1.110223024625E-16));
#1671 = DIRECTION('',(-1.,-3.451266460342E-31,-8.881784197001E-16));
#1672 = DEFINITIONAL_REPRESENTATION('',(#1673),#1677);
#1673 = LINE('',#1674,#1675);
#1674 = CARTESIAN_POINT('',(0.,0.));
#1675 = VECTOR('',#1676,1.);
#1676 = DIRECTION('',(1.,0.));
#1677 = ( GEOMETRIC_REPRESENTATION_CONTEXT(2) 
PARAMETRIC_REPRESENTATION_CONTEXT() REPRESENTATION_CONTEXT('2D SPACE',''
  ) );
#1678 = FACE_BOUND('',#1679,.F.);
#1679 = EDGE_LOOP('',(#1680,#1710,#1738,#1766));
#1680 = ORIENTED_EDGE('',*,*,#1681,.F.);
#1681 = EDGE_CURVE('',#1682,#1684,#1686,.T.);
#1682 = VERTEX_POINT('',#1683);
#1683 = CARTESIAN_POINT('',(-40.585,-0.5,-5.736300323633E-14));
#1684 = VERTEX_POINT('',#1685);
#1685 = CARTESIAN_POINT('',(40.585,-0.5,1.473043909073E-14));
#1686 = SURFACE_CURVE('',#1687,(#1691,#1698),.PCURVE_S1.);
#1687 = LINE('',#1688,#1689);
#1688 = CARTESIAN_POINT('',(-40.585,-0.5,-5.736300323633E-14));
#1689 = VECTOR('',#1690,1.);
#1690 = DIRECTION('',(1.,3.451266460342E-31,8.881784197001E-16));
#1691 = PCURVE('',#577,#1692);
#1692 = DEFINITIONAL_REPRESENTATION('',(#1693),#1697);
#1693 = LINE('',#1694,#1695);
#1694 = CARTESIAN_POINT('',(17.841448752074,40.585));
#1695 = VECTOR('',#1696,1.);
#1696 = DIRECTION('',(0.,-1.));
#1697 = ( GEOMETRIC_REPRESENTATION_CONTEXT(2) 
PARAMETRIC_REPRESENTATION_CONTEXT() REPRESENTATION_CONTEXT('2D SPACE',''
  ) );
#1698 = PCURVE('',#1699,#1704);
#1699 = PLANE('',#1700);
#1700 = AXIS2_PLACEMENT_3D('',#1701,#1702,#1703);
#1701 = CARTESIAN_POINT('',(-1.569693144132,-0.5,19.611566394754));
#1702 = DIRECTION('',(6.661338147751E-16,1.,1.848892746612E-31));
#1703 = DIRECTION('',(1.848892746612E-31,6.661338147751E-16,1.));
#1704 = DEFINITIONAL_REPRESENTATION('',(#1705),#1709);
#1705 = LINE('',#1706,#1707);
#1706 = CARTESIAN_POINT('',(-19.61156639475,-39.01530685586));
#1707 = VECTOR('',#1708,1.);
#1708 = DIRECTION('',(2.22044604925E-16,1.));
#1709 = ( GEOMETRIC_REPRESENTATION_CONTEXT(2) 
PARAMETRIC_REPRESENTATION_CONTEXT() REPRESENTATION_CONTEXT('2D SPACE',''
  ) );
#1710 = ORIENTED_EDGE('',*,*,#1711,.F.);
#1711 = EDGE_CURVE('',#1712,#1682,#1714,.T.);
#1712 = VERTEX_POINT('',#1713);
#1713 = CARTESIAN_POINT('',(-40.585,31.7,-5.736300323633E-14));
#1714 = SURFACE_CURVE('',#1715,(#1719,#1726),.PCURVE_S1.);
#1715 = LINE('',#1716,#1717);
#1716 = CARTESIAN_POINT('',(-40.585,31.7,-5.736300323633E-14));
#1717 = VECTOR('',#1718,1.);
#1718 = DIRECTION('',(-8.881784197001E-16,-1.,-3.451266460342E-31));
#1719 = PCURVE('',#577,#1720);
#1720 = DEFINITIONAL_REPRESENTATION('',(#1721),#1725);
#1721 = LINE('',#1722,#1723);
#1722 = CARTESIAN_POINT('',(50.041448752074,40.585));
#1723 = VECTOR('',#1724,1.);
#1724 = DIRECTION('',(-1.,0.));
#1725 = ( GEOMETRIC_REPRESENTATION_CONTEXT(2) 
PARAMETRIC_REPRESENTATION_CONTEXT() REPRESENTATION_CONTEXT('2D SPACE',''
  ) );
#1726 = PCURVE('',#1727,#1732);
#1727 = PLANE('',#1728);
#1728 = AXIS2_PLACEMENT_3D('',#1729,#1730,#1731);
#1729 = CARTESIAN_POINT('',(-40.585,31.7,-5.025757587873E-14));
#1730 = DIRECTION('',(1.,-1.110223024625E-16,7.771561172376E-16));
#1731 = DIRECTION('',(-8.881784197001E-16,-1.,-3.451266460342E-31));
#1732 = DEFINITIONAL_REPRESENTATION('',(#1733),#1737);
#1733 = LINE('',#1734,#1735);
#1734 = CARTESIAN_POINT('',(0.,0.));
#1735 = VECTOR('',#1736,1.);
#1736 = DIRECTION('',(1.,0.));
#1737 = ( GEOMETRIC_REPRESENTATION_CONTEXT(2) 
PARAMETRIC_REPRESENTATION_CONTEXT() REPRESENTATION_CONTEXT('2D SPACE',''
  ) );
#1738 = ORIENTED_EDGE('',*,*,#1739,.F.);
#1739 = EDGE_CURVE('',#1740,#1712,#1742,.T.);
#1740 = VERTEX_POINT('',#1741);
#1741 = CARTESIAN_POINT('',(40.585,31.7,1.473043909073E-14));
#1742 = SURFACE_CURVE('',#1743,(#1747,#1754),.PCURVE_S1.);
#1743 = LINE('',#1744,#1745);
#1744 = CARTESIAN_POINT('',(40.585,31.7,1.473043909073E-14));
#1745 = VECTOR('',#1746,1.);
#1746 = DIRECTION('',(-1.,-3.451266460342E-31,-8.881784197001E-16));
#1747 = PCURVE('',#577,#1748);
#1748 = DEFINITIONAL_REPRESENTATION('',(#1749),#1753);
#1749 = LINE('',#1750,#1751);
#1750 = CARTESIAN_POINT('',(50.041448752074,-40.585));
#1751 = VECTOR('',#1752,1.);
#1752 = DIRECTION('',(0.,1.));
#1753 = ( GEOMETRIC_REPRESENTATION_CONTEXT(2) 
PARAMETRIC_REPRESENTATION_CONTEXT() REPRESENTATION_CONTEXT('2D SPACE',''
  ) );
#1754 = PCURVE('',#1755,#1760);
#1755 = PLANE('',#1756);
#1756 = AXIS2_PLACEMENT_3D('',#1757,#1758,#1759);
#1757 = CARTESIAN_POINT('',(-2.124640804597,31.7,19.630630587484));
#1758 = DIRECTION('',(-6.661338147751E-16,-1.,-1.848892746612E-31));
#1759 = DIRECTION('',(-1.848892746612E-31,-6.661338147751E-16,-1.));
#1760 = DEFINITIONAL_REPRESENTATION('',(#1761),#1765);
#1761 = LINE('',#1762,#1763);
#1762 = CARTESIAN_POINT('',(19.630630587484,42.709640804597));
#1763 = VECTOR('',#1764,1.);
#1764 = DIRECTION('',(2.22044604925E-16,-1.));
#1765 = ( GEOMETRIC_REPRESENTATION_CONTEXT(2) 
PARAMETRIC_REPRESENTATION_CONTEXT() REPRESENTATION_CONTEXT('2D SPACE',''
  ) );
#1766 = ORIENTED_EDGE('',*,*,#1767,.F.);
#1767 = EDGE_CURVE('',#1684,#1740,#1768,.T.);
#1768 = SURFACE_CURVE('',#1769,(#1773,#1780),.PCURVE_S1.);
#1769 = LINE('',#1770,#1771);
#1770 = CARTESIAN_POINT('',(40.585,-0.5,1.473043909073E-14));
#1771 = VECTOR('',#1772,1.);
#1772 = DIRECTION('',(8.881784197001E-16,1.,3.451266460342E-31));
#1773 = PCURVE('',#577,#1774);
#1774 = DEFINITIONAL_REPRESENTATION('',(#1775),#1779);
#1775 = LINE('',#1776,#1777);
#1776 = CARTESIAN_POINT('',(17.841448752074,-40.585));
#1777 = VECTOR('',#1778,1.);
#1778 = DIRECTION('',(1.,0.));
#1779 = ( GEOMETRIC_REPRESENTATION_CONTEXT(2) 
PARAMETRIC_REPRESENTATION_CONTEXT() REPRESENTATION_CONTEXT('2D SPACE',''
  ) );
#1780 = PCURVE('',#1781,#1786);
#1781 = PLANE('',#1782);
#1782 = AXIS2_PLACEMENT_3D('',#1783,#1784,#1785);
#1783 = CARTESIAN_POINT('',(40.585,-0.5,2.183586644833E-14));
#1784 = DIRECTION('',(-1.,1.110223024625E-16,-7.771561172376E-16));
#1785 = DIRECTION('',(8.881784197001E-16,1.,3.451266460342E-31));
#1786 = DEFINITIONAL_REPRESENTATION('',(#1787),#1791);
#1787 = LINE('',#1788,#1789);
#1788 = CARTESIAN_POINT('',(0.,0.));
#1789 = VECTOR('',#1790,1.);
#1790 = DIRECTION('',(1.,0.));
#1791 = ( GEOMETRIC_REPRESENTATION_CONTEXT(2) 
PARAMETRIC_REPRESENTATION_CONTEXT() REPRESENTATION_CONTEXT('2D SPACE',''
  ) );
#1792 = ADVANCED_FACE('',(#1793),#802,.T.);
#1793 = FACE_BOUND('',#1794,.T.);
#1794 = EDGE_LOOP('',(#1795,#1796,#1819,#1838,#1839));
#1795 = ORIENTED_EDGE('',*,*,#1516,.F.);
#1796 = ORIENTED_EDGE('',*,*,#1797,.T.);
#1797 = EDGE_CURVE('',#1517,#1798,#1800,.T.);
#1798 = VERTEX_POINT('',#1799);
#1799 = CARTESIAN_POINT('',(45.585,36.7,39.11));
#1800 = SURFACE_CURVE('',#1801,(#1805,#1812),.PCURVE_S1.);
#1801 = LINE('',#1802,#1803);
#1802 = CARTESIAN_POINT('',(45.585,36.7,2.627675854683E-14));
#1803 = VECTOR('',#1804,1.);
#1804 = DIRECTION('',(3.451266460342E-31,8.881784197001E-16,1.));
#1805 = PCURVE('',#802,#1806);
#1806 = DEFINITIONAL_REPRESENTATION('',(#1807),#1811);
#1807 = LINE('',#1808,#1809);
#1808 = CARTESIAN_POINT('',(0.,0.));
#1809 = VECTOR('',#1810,1.);
#1810 = DIRECTION('',(-1.110223024625E-16,-1.));
#1811 = ( GEOMETRIC_REPRESENTATION_CONTEXT(2) 
PARAMETRIC_REPRESENTATION_CONTEXT() REPRESENTATION_CONTEXT('2D SPACE',''
  ) );
#1812 = PCURVE('',#1553,#1813);
#1813 = DEFINITIONAL_REPRESENTATION('',(#1814),#1818);
#1814 = LINE('',#1815,#1816);
#1815 = CARTESIAN_POINT('',(91.17,0.));
#1816 = VECTOR('',#1817,1.);
#1817 = DIRECTION('',(1.110223024625E-16,-1.));
#1818 = ( GEOMETRIC_REPRESENTATION_CONTEXT(2) 
PARAMETRIC_REPRESENTATION_CONTEXT() REPRESENTATION_CONTEXT('2D SPACE',''
  ) );
#1819 = ORIENTED_EDGE('',*,*,#1820,.T.);
#1820 = EDGE_CURVE('',#1798,#617,#1821,.T.);
#1821 = SURFACE_CURVE('',#1822,(#1826,#1832),.PCURVE_S1.);
#1822 = LINE('',#1823,#1824);
#1823 = CARTESIAN_POINT('',(45.585,31.25,39.11));
#1824 = VECTOR('',#1825,1.);
#1825 = DIRECTION('',(-8.881784197001E-16,-1.,1.110223024625E-16));
#1826 = PCURVE('',#802,#1827);
#1827 = DEFINITIONAL_REPRESENTATION('',(#1828),#1831);
#1828 = B_SPLINE_CURVE_WITH_KNOTS('',1,(#1829,#1830),.UNSPECIFIED.,.F.,
  .F.,(2,2),(-5.450000000002,5.000000000002E-02),
  .PIECEWISE_BEZIER_KNOTS.);
#1829 = CARTESIAN_POINT('',(-1.543654093439E-12,-39.11));
#1830 = CARTESIAN_POINT('',(5.5,-39.11));
#1831 = ( GEOMETRIC_REPRESENTATION_CONTEXT(2) 
PARAMETRIC_REPRESENTATION_CONTEXT() REPRESENTATION_CONTEXT('2D SPACE',''
  ) );
#1832 = PCURVE('',#728,#1833);
#1833 = DEFINITIONAL_REPRESENTATION('',(#1834),#1837);
#1834 = B_SPLINE_CURVE_WITH_KNOTS('',1,(#1835,#1836),.UNSPECIFIED.,.F.,
  .F.,(2,2),(-5.450000000002,5.000000000002E-02),
  .PIECEWISE_BEZIER_KNOTS.);
#1835 = CARTESIAN_POINT('',(-10.9,85.67));
#1836 = CARTESIAN_POINT('',(-5.4,85.67));
#1837 = ( GEOMETRIC_REPRESENTATION_CONTEXT(2) 
PARAMETRIC_REPRESENTATION_CONTEXT() REPRESENTATION_CONTEXT('2D SPACE',''
  ) );
#1838 = ORIENTED_EDGE('',*,*,#788,.F.);
#1839 = ORIENTED_EDGE('',*,*,#814,.F.);
#1840 = ADVANCED_FACE('',(#1841,#2192,#2285),#728,.T.);
#1841 = FACE_BOUND('',#1842,.T.);
#1842 = EDGE_LOOP('',(#1843,#1844,#1845,#1866,#1887,#2075,#2103,#2124,
    #2145,#2166));
#1843 = ORIENTED_EDGE('',*,*,#616,.F.);
#1844 = ORIENTED_EDGE('',*,*,#1820,.F.);
#1845 = ORIENTED_EDGE('',*,*,#1846,.F.);
#1846 = EDGE_CURVE('',#1847,#1798,#1849,.T.);
#1847 = VERTEX_POINT('',#1848);
#1848 = CARTESIAN_POINT('',(-45.585,36.7,39.11));
#1849 = SURFACE_CURVE('',#1850,(#1854,#1860),.PCURVE_S1.);
#1850 = LINE('',#1851,#1852);
#1851 = CARTESIAN_POINT('',(-42.835,36.7,39.11));
#1852 = VECTOR('',#1853,1.);
#1853 = DIRECTION('',(1.,2.465190328816E-31,7.771561172376E-16));
#1854 = PCURVE('',#728,#1855);
#1855 = DEFINITIONAL_REPRESENTATION('',(#1856),#1859);
#1856 = B_SPLINE_CURVE_WITH_KNOTS('',1,(#1857,#1858),.UNSPECIFIED.,.F.,
  .F.,(2,2),(-2.75,88.420000000002),.PIECEWISE_BEZIER_KNOTS.);
#1857 = CARTESIAN_POINT('',(-10.9,-5.5));
#1858 = CARTESIAN_POINT('',(-10.9,85.670000000002));
#1859 = ( GEOMETRIC_REPRESENTATION_CONTEXT(2) 
PARAMETRIC_REPRESENTATION_CONTEXT() REPRESENTATION_CONTEXT('2D SPACE',''
  ) );
#1860 = PCURVE('',#1553,#1861);
#1861 = DEFINITIONAL_REPRESENTATION('',(#1862),#1865);
#1862 = B_SPLINE_CURVE_WITH_KNOTS('',1,(#1863,#1864),.UNSPECIFIED.,.F.,
  .F.,(2,2),(-2.75,88.420000000002),.PIECEWISE_BEZIER_KNOTS.);
#1863 = CARTESIAN_POINT('',(0.,-39.11));
#1864 = CARTESIAN_POINT('',(91.170000000002,-39.11));
#1865 = ( GEOMETRIC_REPRESENTATION_CONTEXT(2) 
PARAMETRIC_REPRESENTATION_CONTEXT() REPRESENTATION_CONTEXT('2D SPACE',''
  ) );
#1866 = ORIENTED_EDGE('',*,*,#1867,.F.);
#1867 = EDGE_CURVE('',#1868,#1847,#1870,.T.);
#1868 = VERTEX_POINT('',#1869);
#1869 = CARTESIAN_POINT('',(-45.585,31.2,39.11));
#1870 = SURFACE_CURVE('',#1871,(#1875,#1881),.PCURVE_S1.);
#1871 = LINE('',#1872,#1873);
#1872 = CARTESIAN_POINT('',(-45.585,28.5,39.11));
#1873 = VECTOR('',#1874,1.);
#1874 = DIRECTION('',(8.881784197001E-16,1.,-1.110223024625E-16));
#1875 = PCURVE('',#728,#1876);
#1876 = DEFINITIONAL_REPRESENTATION('',(#1877),#1880);
#1877 = B_SPLINE_CURVE_WITH_KNOTS('',1,(#1878,#1879),.UNSPECIFIED.,.F.,
  .F.,(2,2),(2.7,8.200000000002),.PIECEWISE_BEZIER_KNOTS.);
#1878 = CARTESIAN_POINT('',(-5.4,-5.5));
#1879 = CARTESIAN_POINT('',(-10.9,-5.5));
#1880 = ( GEOMETRIC_REPRESENTATION_CONTEXT(2) 
PARAMETRIC_REPRESENTATION_CONTEXT() REPRESENTATION_CONTEXT('2D SPACE',''
  ) );
#1881 = PCURVE('',#1328,#1882);
#1882 = DEFINITIONAL_REPRESENTATION('',(#1883),#1886);
#1883 = B_SPLINE_CURVE_WITH_KNOTS('',1,(#1884,#1885),.UNSPECIFIED.,.F.,
  .F.,(2,2),(2.7,8.200000000002),.PIECEWISE_BEZIER_KNOTS.);
#1884 = CARTESIAN_POINT('',(0.,-39.11));
#1885 = CARTESIAN_POINT('',(5.500000000002,-39.11));
#1886 = ( GEOMETRIC_REPRESENTATION_CONTEXT(2) 
PARAMETRIC_REPRESENTATION_CONTEXT() REPRESENTATION_CONTEXT('2D SPACE',''
  ) );
#1887 = ORIENTED_EDGE('',*,*,#1888,.F.);
#1888 = EDGE_CURVE('',#1889,#1868,#1891,.T.);
#1889 = VERTEX_POINT('',#1890);
#1890 = CARTESIAN_POINT('',(-10.49999999343,-98.93909479627,39.11));
#1891 = SURFACE_CURVE('',#1892,(#1951,#2013),.PCURVE_S1.);
#1892 = B_SPLINE_CURVE_WITH_KNOTS('',8,(#1893,#1894,#1895,#1896,#1897,
    #1898,#1899,#1900,#1901,#1902,#1903,#1904,#1905,#1906,#1907,#1908,
    #1909,#1910,#1911,#1912,#1913,#1914,#1915,#1916,#1917,#1918,#1919,
    #1920,#1921,#1922,#1923,#1924,#1925,#1926,#1927,#1928,#1929,#1930,
    #1931,#1932,#1933,#1934,#1935,#1936,#1937,#1938,#1939,#1940,#1941,
    #1942,#1943,#1944,#1945,#1946,#1947,#1948,#1949,#1950),
  .UNSPECIFIED.,.F.,.F.,(9,7,7,7,7,7,7,7,9),(0.,5.143532791193E-02,
    8.938229383662E-02,0.156775031551,0.240545314104,0.39932274366,
    0.592019122285,0.790936814419,1.),.UNSPECIFIED.);
#1893 = CARTESIAN_POINT('',(4.354100835557E-12,-102.5351712721,39.11));
#1894 = CARTESIAN_POINT('',(-0.961269107975,-102.5351712721,39.11));
#1895 = CARTESIAN_POINT('',(-1.922882483171,-102.4672062157,39.11));
#1896 = CARTESIAN_POINT('',(-2.878354426476,-102.3311919866,39.11));
#1897 = CARTESIAN_POINT('',(-3.82242972582,-102.1294178237,39.11));
#1898 = CARTESIAN_POINT('',(-4.75090907751,-101.8657833468,39.11));
#1899 = CARTESIAN_POINT('',(-5.660505375137,-101.5451700912,39.11));
#1900 = CARTESIAN_POINT('',(-6.548730866051,-101.1729475528,39.11));
#1901 = CARTESIAN_POINT('',(-8.05204042139,-100.4459834747,39.11));
#1902 = CARTESIAN_POINT('',(-8.677984725,-100.1121024083,39.11));
#1903 = CARTESIAN_POINT('',(-9.29126677162,-99.75496519669,39.11));
#1904 = CARTESIAN_POINT('',(-9.891706825899,-99.37651415352,39.11));
#1905 = CARTESIAN_POINT('',(-10.47929084531,-98.97858195102,39.11));
#1906 = CARTESIAN_POINT('',(-11.05414277719,-98.56284767639,39.11));
#1907 = CARTESIAN_POINT('',(-11.61650503917,-98.13080624575,39.11));
#1908 = CARTESIAN_POINT('',(-13.14390614151,-96.88979401982,39.11));
#1909 = CARTESIAN_POINT('',(-14.08232718268,-96.0488615517,39.11));
#1910 = CARTESIAN_POINT('',(-14.98429705892,-95.1680362056,39.11));
#1911 = CARTESIAN_POINT('',(-15.8519099218,-94.25324152387,39.11));
#1912 = CARTESIAN_POINT('',(-16.68720103417,-93.30939317952,39.11));
#1913 = CARTESIAN_POINT('',(-17.49220382661,-92.34045432927,39.11));
#1914 = CARTESIAN_POINT('',(-18.2689626096,-91.34944824499,39.11));
#1915 = CARTESIAN_POINT('',(-19.95254977904,-89.08183245532,39.11));
#1916 = CARTESIAN_POINT('',(-20.84458368246,-87.79505692845,39.11));
#1917 = CARTESIAN_POINT('',(-21.69933707147,-86.48276953475,39.11));
#1918 = CARTESIAN_POINT('',(-22.51973119655,-85.14867251398,39.11));
#1919 = CARTESIAN_POINT('',(-23.30826791277,-83.79576981934,39.11));
#1920 = CARTESIAN_POINT('',(-24.06717592422,-82.42645791563,39.11));
#1921 = CARTESIAN_POINT('',(-24.79846592295,-81.04255998245,39.11));
#1922 = CARTESIAN_POINT('',(-26.8412591941,-76.99715043132,39.11));
#1923 = CARTESIAN_POINT('',(-28.08527369277,-74.30259138363,39.11));
#1924 = CARTESIAN_POINT('',(-29.24851189059,-71.57128351378,39.11));
#1925 = CARTESIAN_POINT('',(-30.3393905672,-68.81021834609,39.11));
#1926 = CARTESIAN_POINT('',(-31.36473068342,-66.02479478989,39.11));
#1927 = CARTESIAN_POINT('',(-32.33005068539,-63.21893420922,39.11));
#1928 = CARTESIAN_POINT('',(-33.2400933239,-60.39530630645,39.11));
#1929 = CARTESIAN_POINT('',(-35.14125487063,-54.10875314508,39.11));
#1930 = CARTESIAN_POINT('',(-36.10776968658,-50.63942439098,39.11));
#1931 = CARTESIAN_POINT('',(-37.00551629634,-47.15122385912,39.11));
#1932 = CARTESIAN_POINT('',(-37.83975172084,-43.64720705168,39.11));
#1933 = CARTESIAN_POINT('',(-38.614712564,-40.12983159894,39.11));
#1934 = CARTESIAN_POINT('',(-39.33393414192,-36.60103424293,39.11));
#1935 = CARTESIAN_POINT('',(-40.00036791261,-33.06225914379,39.11));
#1936 = CARTESIAN_POINT('',(-41.25259012296,-25.85219379806,39.11));
#1937 = CARTESIAN_POINT('',(-41.83502494671,-22.18062762112,39.11));
#1938 = CARTESIAN_POINT('',(-42.36657646263,-18.50112597881,39.11));
#1939 = CARTESIAN_POINT('',(-42.84943363174,-14.8148429735,39.11));
#1940 = CARTESIAN_POINT('',(-43.28539324679,-11.12278059761,39.11));
#1941 = CARTESIAN_POINT('',(-43.6759439458,-7.425799831857,39.11));
#1942 = CARTESIAN_POINT('',(-44.02230921587,-3.724626390066,39.11));
#1943 = CARTESIAN_POINT('',(-44.64411933404,3.873871130758,39.11));
#1944 = CARTESIAN_POINT('',(-44.91503827227,7.771476061054,39.11));
#1945 = CARTESIAN_POINT('',(-45.13939208324,11.672221996169,39.11));
#1946 = CARTESIAN_POINT('',(-45.31804661498,15.575412316102,39.11));
#1947 = CARTESIAN_POINT('',(-45.45162618168,19.480388659359,39.11));
#1948 = CARTESIAN_POINT('',(-45.54054142907,23.38652951298,39.11));
#1949 = CARTESIAN_POINT('',(-45.585,27.293249590806,39.11));
#1950 = CARTESIAN_POINT('',(-45.585,31.2,39.11));
#1951 = PCURVE('',#728,#1952);
#1952 = DEFINITIONAL_REPRESENTATION('',(#1953),#2012);
#1953 = B_SPLINE_CURVE_WITH_KNOTS('',8,(#1954,#1955,#1956,#1957,#1958,
    #1959,#1960,#1961,#1962,#1963,#1964,#1965,#1966,#1967,#1968,#1969,
    #1970,#1971,#1972,#1973,#1974,#1975,#1976,#1977,#1978,#1979,#1980,
    #1981,#1982,#1983,#1984,#1985,#1986,#1987,#1988,#1989,#1990,#1991,
    #1992,#1993,#1994,#1995,#1996,#1997,#1998,#1999,#2000,#2001,#2002,
    #2003,#2004,#2005,#2006,#2007,#2008,#2009,#2010,#2011),
  .UNSPECIFIED.,.F.,.F.,(9,7,7,7,7,7,7,7,9),(0.,5.143532791193E-02,
    8.938229383662E-02,0.156775031551,0.240545314104,0.39932274366,
    0.592019122285,0.790936814419,1.),.UNSPECIFIED.);
#1954 = CARTESIAN_POINT('',(128.33517127214,40.085000000004));
#1955 = CARTESIAN_POINT('',(128.33517127214,39.123730892025));
#1956 = CARTESIAN_POINT('',(128.2672062157,38.162117516829));
#1957 = CARTESIAN_POINT('',(128.13119198663,37.206645573524));
#1958 = CARTESIAN_POINT('',(127.92941782376,36.26257027418));
#1959 = CARTESIAN_POINT('',(127.6657833468,35.33409092249));
#1960 = CARTESIAN_POINT('',(127.34517009128,34.424494624863));
#1961 = CARTESIAN_POINT('',(126.9729475528,33.536269133949));
#1962 = CARTESIAN_POINT('',(126.2459834747,32.03295957861));
#1963 = CARTESIAN_POINT('',(125.91210240837,31.407015275));
#1964 = CARTESIAN_POINT('',(125.55496519669,30.79373322838));
#1965 = CARTESIAN_POINT('',(125.17651415352,30.193293174101));
#1966 = CARTESIAN_POINT('',(124.77858195102,29.605709154684));
#1967 = CARTESIAN_POINT('',(124.36284767639,29.030857222809));
#1968 = CARTESIAN_POINT('',(123.93080624575,28.468494960829));
#1969 = CARTESIAN_POINT('',(122.68979401982,26.941093858485));
#1970 = CARTESIAN_POINT('',(121.8488615517,26.002672817312));
#1971 = CARTESIAN_POINT('',(120.9680362056,25.10070294108));
#1972 = CARTESIAN_POINT('',(120.05324152387,24.233090078193));
#1973 = CARTESIAN_POINT('',(119.10939317952,23.397798965825));
#1974 = CARTESIAN_POINT('',(118.14045432927,22.592796173389));
#1975 = CARTESIAN_POINT('',(117.14944824499,21.8160373904));
#1976 = CARTESIAN_POINT('',(114.88183245532,20.132450220954));
#1977 = CARTESIAN_POINT('',(113.59505692845,19.240416317531));
#1978 = CARTESIAN_POINT('',(112.28276953475,18.385662928527));
#1979 = CARTESIAN_POINT('',(110.94867251398,17.565268803446));
#1980 = CARTESIAN_POINT('',(109.59576981934,16.776732087222));
#1981 = CARTESIAN_POINT('',(108.22645791564,16.017824075778));
#1982 = CARTESIAN_POINT('',(106.84255998245,15.28653407705));
#1983 = CARTESIAN_POINT('',(102.79715043132,13.243740805899));
#1984 = CARTESIAN_POINT('',(100.10259138363,11.99972630723));
#1985 = CARTESIAN_POINT('',(97.371283513786,10.836488109404));
#1986 = CARTESIAN_POINT('',(94.610218346093,9.745609432797));
#1987 = CARTESIAN_POINT('',(91.824794789897,8.720269316578));
#1988 = CARTESIAN_POINT('',(89.018934209224,7.754949314602));
#1989 = CARTESIAN_POINT('',(86.195306306452,6.844906676095));
#1990 = CARTESIAN_POINT('',(79.908753145086,4.943745129369));
#1991 = CARTESIAN_POINT('',(76.439424390987,3.977230313416));
#1992 = CARTESIAN_POINT('',(72.951223859125,3.079483703656));
#1993 = CARTESIAN_POINT('',(69.447207051681,2.245248279158));
#1994 = CARTESIAN_POINT('',(65.929831598947,1.470287435999));
#1995 = CARTESIAN_POINT('',(62.401034242939,0.751065858075));
#1996 = CARTESIAN_POINT('',(58.862259143795,8.463208738691E-02));
#1997 = CARTESIAN_POINT('',(51.65219379806,-1.167590122968));
#1998 = CARTESIAN_POINT('',(47.980627621124,-1.750024946711));
#1999 = CARTESIAN_POINT('',(44.301125978814,-2.281576462632));
#2000 = CARTESIAN_POINT('',(40.614842973502,-2.764433631741));
#2001 = CARTESIAN_POINT('',(36.922780597618,-3.200393246796));
#2002 = CARTESIAN_POINT('',(33.225799831857,-3.590943945805));
#2003 = CARTESIAN_POINT('',(29.524626390066,-3.937309215879));
#2004 = CARTESIAN_POINT('',(21.926128869242,-4.55911933404));
#2005 = CARTESIAN_POINT('',(18.028523938946,-4.830038272274));
#2006 = CARTESIAN_POINT('',(14.127778003831,-5.054392083245));
#2007 = CARTESIAN_POINT('',(10.224587683898,-5.233046614988));
#2008 = CARTESIAN_POINT('',(6.319611340641,-5.366626181683));
#2009 = CARTESIAN_POINT('',(2.41347048702,-5.455541429075));
#2010 = CARTESIAN_POINT('',(-1.493249590806,-5.5));
#2011 = CARTESIAN_POINT('',(-5.4,-5.5));
#2012 = ( GEOMETRIC_REPRESENTATION_CONTEXT(2) 
PARAMETRIC_REPRESENTATION_CONTEXT() REPRESENTATION_CONTEXT('2D SPACE',''
  ) );
#2013 = PCURVE('',#1357,#2014);
#2014 = DEFINITIONAL_REPRESENTATION('',(#2015),#2074);
#2015 = B_SPLINE_CURVE_WITH_KNOTS('',8,(#2016,#2017,#2018,#2019,#2020,
    #2021,#2022,#2023,#2024,#2025,#2026,#2027,#2028,#2029,#2030,#2031,
    #2032,#2033,#2034,#2035,#2036,#2037,#2038,#2039,#2040,#2041,#2042,
    #2043,#2044,#2045,#2046,#2047,#2048,#2049,#2050,#2051,#2052,#2053,
    #2054,#2055,#2056,#2057,#2058,#2059,#2060,#2061,#2062,#2063,#2064,
    #2065,#2066,#2067,#2068,#2069,#2070,#2071,#2072,#2073),
  .UNSPECIFIED.,.F.,.F.,(9,7,7,7,7,7,7,7,9),(0.,5.143532791193E-02,
    8.938229383662E-02,0.156775031551,0.240545314104,0.39932274366,
    0.592019122285,0.790936814419,1.),.UNSPECIFIED.);
#2016 = CARTESIAN_POINT('',(6.28318530718,-39.11));
#2017 = CARTESIAN_POINT('',(6.262097907641,-39.11));
#2018 = CARTESIAN_POINT('',(6.241002964685,-39.11));
#2019 = CARTESIAN_POINT('',(6.220028426532,-39.11));
#2020 = CARTESIAN_POINT('',(6.199275309806,-39.11));
#2021 = CARTESIAN_POINT('',(6.178823177747,-39.11));
#2022 = CARTESIAN_POINT('',(6.158734222903,-39.11));
#2023 = CARTESIAN_POINT('',(6.139055954318,-39.11));
#2024 = CARTESIAN_POINT('',(6.105632793602,-39.11));
#2025 = CARTESIAN_POINT('',(6.091678211644,-39.11));
#2026 = CARTESIAN_POINT('',(6.077965064934,-39.11));
#2027 = CARTESIAN_POINT('',(6.064495865608,-39.11));
#2028 = CARTESIAN_POINT('',(6.051269998906,-39.11));
#2029 = CARTESIAN_POINT('',(6.038284215082,-39.11));
#2030 = CARTESIAN_POINT('',(6.025532930651,-39.11));
#2031 = CARTESIAN_POINT('',(5.99076501855,-39.11));
#2032 = CARTESIAN_POINT('',(5.969247336918,-39.11));
#2033 = CARTESIAN_POINT('',(5.948403897018,-39.11));
#2034 = CARTESIAN_POINT('',(5.928190056328,-39.11));
#2035 = CARTESIAN_POINT('',(5.908563608256,-39.11));
#2036 = CARTESIAN_POINT('',(5.889482765943,-39.11));
#2037 = CARTESIAN_POINT('',(5.870905228985,-39.11));
#2038 = CARTESIAN_POINT('',(5.83026599796,-39.11));
#2039 = CARTESIAN_POINT('',(5.808467535788,-39.11));
#2040 = CARTESIAN_POINT('',(5.787315322953,-39.11));
#2041 = CARTESIAN_POINT('',(5.766749920413,-39.11));
#2042 = CARTESIAN_POINT('',(5.746720997771,-39.11));
#2043 = CARTESIAN_POINT('',(5.727183808824,-39.11));
#2044 = CARTESIAN_POINT('',(5.708097692893,-39.11));
#2045 = CARTESIAN_POINT('',(5.654030908823,-39.11));
#2046 = CARTESIAN_POINT('',(5.620139088734,-39.11));
#2047 = CARTESIAN_POINT('',(5.587494704173,-39.11));
#2048 = CARTESIAN_POINT('',(5.555930321791,-39.11));
#2049 = CARTESIAN_POINT('',(5.525311223485,-39.11));
#2050 = CARTESIAN_POINT('',(5.495528240136,-39.11));
#2051 = CARTESIAN_POINT('',(5.466485475494,-39.11));
#2052 = CARTESIAN_POINT('',(5.403643756664,-39.11));
#2053 = CARTESIAN_POINT('',(5.370167178364,-39.11));
#2054 = CARTESIAN_POINT('',(5.337523956756,-39.11));
#2055 = CARTESIAN_POINT('',(5.305607001304,-39.11));
#2056 = CARTESIAN_POINT('',(5.27432901045,-39.11));
#2057 = CARTESIAN_POINT('',(5.243615368898,-39.11));
#2058 = CARTESIAN_POINT('',(5.213401244945,-39.11));
#2059 = CARTESIAN_POINT('',(5.152893261625,-39.11));
#2060 = CARTESIAN_POINT('',(5.122630972449,-39.11));
#2061 = CARTESIAN_POINT('',(5.092778337742,-39.11));
#2062 = CARTESIAN_POINT('',(5.063282694012,-39.11));
#2063 = CARTESIAN_POINT('',(5.034097902786,-39.11));
#2064 = CARTESIAN_POINT('',(5.005182376387,-39.11));
#2065 = CARTESIAN_POINT('',(4.97649788668,-39.11));
#2066 = CARTESIAN_POINT('',(4.91806591082,-39.11));
#2067 = CARTESIAN_POINT('',(4.888339555912,-39.11));
#2068 = CARTESIAN_POINT('',(4.858787942518,-39.11));
#2069 = CARTESIAN_POINT('',(4.82937322713,-39.11));
#2070 = CARTESIAN_POINT('',(4.800059936507,-39.11));
#2071 = CARTESIAN_POINT('',(4.770813935056,-39.11));
#2072 = CARTESIAN_POINT('',(4.741601568009,-39.11));
#2073 = CARTESIAN_POINT('',(4.712388980385,-39.11));
#2074 = ( GEOMETRIC_REPRESENTATION_CONTEXT(2) 
PARAMETRIC_REPRESENTATION_CONTEXT() REPRESENTATION_CONTEXT('2D SPACE',''
  ) );
#2075 = ORIENTED_EDGE('',*,*,#2076,.F.);
#2076 = EDGE_CURVE('',#2077,#1889,#2079,.T.);
#2077 = VERTEX_POINT('',#2078);
#2078 = CARTESIAN_POINT('',(-10.5,-92.5,39.11));
#2079 = SURFACE_CURVE('',#2080,(#2085,#2096),.PCURVE_S1.);
#2080 = CIRCLE('',#2081,10.615485479218);
#2081 = AXIS2_PLACEMENT_3D('',#2082,#2083,#2084);
#2082 = CARTESIAN_POINT('',(-20.61548547921,-95.71954740285,39.11));
#2083 = DIRECTION('',(6.661338147751E-16,-2.588449845256E-31,-1.));
#2084 = DIRECTION('',(1.,1.848892746612E-31,6.661338147751E-16));
#2085 = PCURVE('',#728,#2086);
#2086 = DEFINITIONAL_REPRESENTATION('',(#2087),#2095);
#2087 = ( BOUNDED_CURVE() B_SPLINE_CURVE(2,(#2088,#2089,#2090,#2091,
#2092,#2093,#2094),.UNSPECIFIED.,.T.,.F.) B_SPLINE_CURVE_WITH_KNOTS((1,2
    ,2,2,2,1),(-2.094395102393,0.,2.094395102393,4.188790204786,
6.28318530718,8.377580409573),.UNSPECIFIED.) CURVE() 
GEOMETRIC_REPRESENTATION_ITEM() RATIONAL_B_SPLINE_CURVE((1.,0.5,1.,0.5,
1.,0.5,1.)) REPRESENTATION_ITEM('') );
#2088 = CARTESIAN_POINT('',(121.51954740285,30.085));
#2089 = CARTESIAN_POINT('',(139.90610759986,30.085));
#2090 = CARTESIAN_POINT('',(130.71282750136,14.161771781173));
#2091 = CARTESIAN_POINT('',(121.51954740285,-1.761456437654));
#2092 = CARTESIAN_POINT('',(112.32626730434,14.161771781173));
#2093 = CARTESIAN_POINT('',(103.13298720583,30.085));
#2094 = CARTESIAN_POINT('',(121.51954740285,30.085));
#2095 = ( GEOMETRIC_REPRESENTATION_CONTEXT(2) 
PARAMETRIC_REPRESENTATION_CONTEXT() REPRESENTATION_CONTEXT('2D SPACE',''
  ) );
#2096 = PCURVE('',#1393,#2097);
#2097 = DEFINITIONAL_REPRESENTATION('',(#2098),#2102);
#2098 = LINE('',#2099,#2100);
#2099 = CARTESIAN_POINT('',(0.,-39.11));
#2100 = VECTOR('',#2101,1.);
#2101 = DIRECTION('',(1.,0.));
#2102 = ( GEOMETRIC_REPRESENTATION_CONTEXT(2) 
PARAMETRIC_REPRESENTATION_CONTEXT() REPRESENTATION_CONTEXT('2D SPACE',''
  ) );
#2103 = ORIENTED_EDGE('',*,*,#2104,.F.);
#2104 = EDGE_CURVE('',#2105,#2077,#2107,.T.);
#2105 = VERTEX_POINT('',#2106);
#2106 = CARTESIAN_POINT('',(-10.5,-51.5,39.11));
#2107 = SURFACE_CURVE('',#2108,(#2112,#2118),.PCURVE_S1.);
#2108 = LINE('',#2109,#2110);
#2109 = CARTESIAN_POINT('',(-10.5,-12.85,39.11));
#2110 = VECTOR('',#2111,1.);
#2111 = DIRECTION('',(-8.881784197001E-16,-1.,1.110223024625E-16));
#2112 = PCURVE('',#728,#2113);
#2113 = DEFINITIONAL_REPRESENTATION('',(#2114),#2117);
#2114 = B_SPLINE_CURVE_WITH_KNOTS('',1,(#2115,#2116),.UNSPECIFIED.,.F.,
  .F.,(2,2),(38.649999999998,79.65),.PIECEWISE_BEZIER_KNOTS.);
#2115 = CARTESIAN_POINT('',(77.299999999998,29.585));
#2116 = CARTESIAN_POINT('',(118.3,29.585));
#2117 = ( GEOMETRIC_REPRESENTATION_CONTEXT(2) 
PARAMETRIC_REPRESENTATION_CONTEXT() REPRESENTATION_CONTEXT('2D SPACE',''
  ) );
#2118 = PCURVE('',#1421,#2119);
#2119 = DEFINITIONAL_REPRESENTATION('',(#2120),#2123);
#2120 = B_SPLINE_CURVE_WITH_KNOTS('',1,(#2121,#2122),.UNSPECIFIED.,.F.,
  .F.,(2,2),(38.649999999998,79.65),.PIECEWISE_BEZIER_KNOTS.);
#2121 = CARTESIAN_POINT('',(-1.541877736599E-12,-39.11));
#2122 = CARTESIAN_POINT('',(41.,-39.11));
#2123 = ( GEOMETRIC_REPRESENTATION_CONTEXT(2) 
PARAMETRIC_REPRESENTATION_CONTEXT() REPRESENTATION_CONTEXT('2D SPACE',''
  ) );
#2124 = ORIENTED_EDGE('',*,*,#2125,.F.);
#2125 = EDGE_CURVE('',#2126,#2105,#2128,.T.);
#2126 = VERTEX_POINT('',#2127);
#2127 = CARTESIAN_POINT('',(10.5,-51.5,39.11));
#2128 = SURFACE_CURVE('',#2129,(#2133,#2139),.PCURVE_S1.);
#2129 = LINE('',#2130,#2131);
#2130 = CARTESIAN_POINT('',(-14.7925,-51.5,39.11));
#2131 = VECTOR('',#2132,1.);
#2132 = DIRECTION('',(-1.,-2.465190328816E-31,-7.771561172376E-16));
#2133 = PCURVE('',#728,#2134);
#2134 = DEFINITIONAL_REPRESENTATION('',(#2135),#2138);
#2135 = B_SPLINE_CURVE_WITH_KNOTS('',1,(#2136,#2137),.UNSPECIFIED.,.F.,
  .F.,(2,2),(-25.2925,-4.2925),.PIECEWISE_BEZIER_KNOTS.);
#2136 = CARTESIAN_POINT('',(77.3,50.585000000002));
#2137 = CARTESIAN_POINT('',(77.3,29.585));
#2138 = ( GEOMETRIC_REPRESENTATION_CONTEXT(2) 
PARAMETRIC_REPRESENTATION_CONTEXT() REPRESENTATION_CONTEXT('2D SPACE',''
  ) );
#2139 = PCURVE('',#1449,#2140);
#2140 = DEFINITIONAL_REPRESENTATION('',(#2141),#2144);
#2141 = B_SPLINE_CURVE_WITH_KNOTS('',1,(#2142,#2143),.UNSPECIFIED.,.F.,
  .F.,(2,2),(-25.2925,-4.2925),.PIECEWISE_BEZIER_KNOTS.);
#2142 = CARTESIAN_POINT('',(-1.545430450278E-12,-39.11));
#2143 = CARTESIAN_POINT('',(21.,-39.11));
#2144 = ( GEOMETRIC_REPRESENTATION_CONTEXT(2) 
PARAMETRIC_REPRESENTATION_CONTEXT() REPRESENTATION_CONTEXT('2D SPACE',''
  ) );
#2145 = ORIENTED_EDGE('',*,*,#2146,.F.);
#2146 = EDGE_CURVE('',#2147,#2126,#2149,.T.);
#2147 = VERTEX_POINT('',#2148);
#2148 = CARTESIAN_POINT('',(10.5,-92.5,39.11));
#2149 = SURFACE_CURVE('',#2150,(#2154,#2160),.PCURVE_S1.);
#2150 = LINE('',#2151,#2152);
#2151 = CARTESIAN_POINT('',(10.5,-33.35,39.11));
#2152 = VECTOR('',#2153,1.);
#2153 = DIRECTION('',(8.881784197001E-16,1.,-1.110223024625E-16));
#2154 = PCURVE('',#728,#2155);
#2155 = DEFINITIONAL_REPRESENTATION('',(#2156),#2159);
#2156 = B_SPLINE_CURVE_WITH_KNOTS('',1,(#2157,#2158),.UNSPECIFIED.,.F.,
  .F.,(2,2),(-59.15,-18.14999999999),.PIECEWISE_BEZIER_KNOTS.);
#2157 = CARTESIAN_POINT('',(118.3,50.585));
#2158 = CARTESIAN_POINT('',(77.299999999998,50.585));
#2159 = ( GEOMETRIC_REPRESENTATION_CONTEXT(2) 
PARAMETRIC_REPRESENTATION_CONTEXT() REPRESENTATION_CONTEXT('2D SPACE',''
  ) );
#2160 = PCURVE('',#1477,#2161);
#2161 = DEFINITIONAL_REPRESENTATION('',(#2162),#2165);
#2162 = B_SPLINE_CURVE_WITH_KNOTS('',1,(#2163,#2164),.UNSPECIFIED.,.F.,
  .F.,(2,2),(-59.15,-18.14999999999),.PIECEWISE_BEZIER_KNOTS.);
#2163 = CARTESIAN_POINT('',(0.,-39.11));
#2164 = CARTESIAN_POINT('',(41.000000000002,-39.11));
#2165 = ( GEOMETRIC_REPRESENTATION_CONTEXT(2) 
PARAMETRIC_REPRESENTATION_CONTEXT() REPRESENTATION_CONTEXT('2D SPACE',''
  ) );
#2166 = ORIENTED_EDGE('',*,*,#2167,.F.);
#2167 = EDGE_CURVE('',#590,#2147,#2168,.T.);
#2168 = SURFACE_CURVE('',#2169,(#2174,#2185),.PCURVE_S1.);
#2169 = CIRCLE('',#2170,10.615485479218);
#2170 = AXIS2_PLACEMENT_3D('',#2171,#2172,#2173);
#2171 = CARTESIAN_POINT('',(20.61548547922,-95.71954740285,39.11));
#2172 = DIRECTION('',(6.661338147751E-16,-2.588449845256E-31,-1.));
#2173 = DIRECTION('',(1.,1.848892746612E-31,6.661338147751E-16));
#2174 = PCURVE('',#728,#2175);
#2175 = DEFINITIONAL_REPRESENTATION('',(#2176),#2184);
#2176 = ( BOUNDED_CURVE() B_SPLINE_CURVE(2,(#2177,#2178,#2179,#2180,
#2181,#2182,#2183),.UNSPECIFIED.,.T.,.F.) B_SPLINE_CURVE_WITH_KNOTS((1,2
    ,2,2,2,1),(-2.094395102393,0.,2.094395102393,4.188790204786,
6.28318530718,8.377580409573),.UNSPECIFIED.) CURVE() 
GEOMETRIC_REPRESENTATION_ITEM() RATIONAL_B_SPLINE_CURVE((1.,0.5,1.,0.5,
1.,0.5,1.)) REPRESENTATION_ITEM('') );
#2177 = CARTESIAN_POINT('',(121.51954740285,71.315970958438));
#2178 = CARTESIAN_POINT('',(139.90610759986,71.315970958438));
#2179 = CARTESIAN_POINT('',(130.71282750136,55.392742739611));
#2180 = CARTESIAN_POINT('',(121.51954740285,39.469514520784));
#2181 = CARTESIAN_POINT('',(112.32626730434,55.392742739611));
#2182 = CARTESIAN_POINT('',(103.13298720583,71.315970958438));
#2183 = CARTESIAN_POINT('',(121.51954740285,71.315970958438));
#2184 = ( GEOMETRIC_REPRESENTATION_CONTEXT(2) 
PARAMETRIC_REPRESENTATION_CONTEXT() REPRESENTATION_CONTEXT('2D SPACE',''
  ) );
#2185 = PCURVE('',#604,#2186);
#2186 = DEFINITIONAL_REPRESENTATION('',(#2187),#2191);
#2187 = LINE('',#2188,#2189);
#2188 = CARTESIAN_POINT('',(0.,-39.11));
#2189 = VECTOR('',#2190,1.);
#2190 = DIRECTION('',(1.,0.));
#2191 = ( GEOMETRIC_REPRESENTATION_CONTEXT(2) 
PARAMETRIC_REPRESENTATION_CONTEXT() REPRESENTATION_CONTEXT('2D SPACE',''
  ) );
#2192 = FACE_BOUND('',#2193,.T.);
#2193 = EDGE_LOOP('',(#2194,#2218,#2244,#2266));
#2194 = ORIENTED_EDGE('',*,*,#2195,.F.);
#2195 = EDGE_CURVE('',#2196,#2198,#2200,.T.);
#2196 = VERTEX_POINT('',#2197);
#2197 = CARTESIAN_POINT('',(-40.585,-0.5,39.11));
#2198 = VERTEX_POINT('',#2199);
#2199 = CARTESIAN_POINT('',(40.585,-0.5,39.11));
#2200 = SURFACE_CURVE('',#2201,(#2205,#2211),.PCURVE_S1.);
#2201 = LINE('',#2202,#2203);
#2202 = CARTESIAN_POINT('',(-40.335,-0.5,39.11));
#2203 = VECTOR('',#2204,1.);
#2204 = DIRECTION('',(1.,2.465190328816E-31,7.771561172376E-16));
#2205 = PCURVE('',#728,#2206);
#2206 = DEFINITIONAL_REPRESENTATION('',(#2207),#2210);
#2207 = B_SPLINE_CURVE_WITH_KNOTS('',1,(#2208,#2209),.UNSPECIFIED.,.F.,
  .F.,(2,2),(-0.25,80.920000000002),.PIECEWISE_BEZIER_KNOTS.);
#2208 = CARTESIAN_POINT('',(26.3,-0.5));
#2209 = CARTESIAN_POINT('',(26.3,80.670000000002));
#2210 = ( GEOMETRIC_REPRESENTATION_CONTEXT(2) 
PARAMETRIC_REPRESENTATION_CONTEXT() REPRESENTATION_CONTEXT('2D SPACE',''
  ) );
#2211 = PCURVE('',#1699,#2212);
#2212 = DEFINITIONAL_REPRESENTATION('',(#2213),#2217);
#2213 = LINE('',#2214,#2215);
#2214 = CARTESIAN_POINT('',(19.498433605246,-38.76530685586));
#2215 = VECTOR('',#2216,1.);
#2216 = DIRECTION('',(1.110223024625E-16,1.));
#2217 = ( GEOMETRIC_REPRESENTATION_CONTEXT(2) 
PARAMETRIC_REPRESENTATION_CONTEXT() REPRESENTATION_CONTEXT('2D SPACE',''
  ) );
#2218 = ORIENTED_EDGE('',*,*,#2219,.F.);
#2219 = EDGE_CURVE('',#2220,#2196,#2222,.T.);
#2220 = VERTEX_POINT('',#2221);
#2221 = CARTESIAN_POINT('',(-40.585,31.7,39.11));
#2222 = SURFACE_CURVE('',#2223,(#2227,#2233),.PCURVE_S1.);
#2223 = LINE('',#2224,#2225);
#2224 = CARTESIAN_POINT('',(-40.585,28.75,39.11));
#2225 = VECTOR('',#2226,1.);
#2226 = DIRECTION('',(-8.881784197001E-16,-1.,1.110223024625E-16));
#2227 = PCURVE('',#728,#2228);
#2228 = DEFINITIONAL_REPRESENTATION('',(#2229),#2232);
#2229 = B_SPLINE_CURVE_WITH_KNOTS('',1,(#2230,#2231),.UNSPECIFIED.,.F.,
  .F.,(2,2),(-2.950000000002,29.25),.PIECEWISE_BEZIER_KNOTS.);
#2230 = CARTESIAN_POINT('',(-5.900000000002,-0.5));
#2231 = CARTESIAN_POINT('',(26.3,-0.5));
#2232 = ( GEOMETRIC_REPRESENTATION_CONTEXT(2) 
PARAMETRIC_REPRESENTATION_CONTEXT() REPRESENTATION_CONTEXT('2D SPACE',''
  ) );
#2233 = PCURVE('',#2234,#2239);
#2234 = PLANE('',#2235);
#2235 = AXIS2_PLACEMENT_3D('',#2236,#2237,#2238);
#2236 = CARTESIAN_POINT('',(-40.585,31.7,-5.025757587873E-14));
#2237 = DIRECTION('',(1.,-1.110223024625E-16,7.771561172376E-16));
#2238 = DIRECTION('',(-8.881784197001E-16,-1.,-3.451266460342E-31));
#2239 = DEFINITIONAL_REPRESENTATION('',(#2240),#2243);
#2240 = B_SPLINE_CURVE_WITH_KNOTS('',1,(#2241,#2242),.UNSPECIFIED.,.F.,
  .F.,(2,2),(-2.950000000002,29.25),.PIECEWISE_BEZIER_KNOTS.);
#2241 = CARTESIAN_POINT('',(-1.545430450278E-12,-39.11));
#2242 = CARTESIAN_POINT('',(32.2,-39.11));
#2243 = ( GEOMETRIC_REPRESENTATION_CONTEXT(2) 
PARAMETRIC_REPRESENTATION_CONTEXT() REPRESENTATION_CONTEXT('2D SPACE',''
  ) );
#2244 = ORIENTED_EDGE('',*,*,#2245,.F.);
#2245 = EDGE_CURVE('',#2246,#2220,#2248,.T.);
#2246 = VERTEX_POINT('',#2247);
#2247 = CARTESIAN_POINT('',(40.585,31.7,39.11));
#2248 = SURFACE_CURVE('',#2249,(#2253,#2259),.PCURVE_S1.);
#2249 = LINE('',#2250,#2251);
#2250 = CARTESIAN_POINT('',(0.25,31.7,39.11));
#2251 = VECTOR('',#2252,1.);
#2252 = DIRECTION('',(-1.,-2.465190328816E-31,-7.771561172376E-16));
#2253 = PCURVE('',#728,#2254);
#2254 = DEFINITIONAL_REPRESENTATION('',(#2255),#2258);
#2255 = B_SPLINE_CURVE_WITH_KNOTS('',1,(#2256,#2257),.UNSPECIFIED.,.F.,
  .F.,(2,2),(-40.335,40.835),.PIECEWISE_BEZIER_KNOTS.);
#2256 = CARTESIAN_POINT('',(-5.9,80.670000000002));
#2257 = CARTESIAN_POINT('',(-5.9,-0.5));
#2258 = ( GEOMETRIC_REPRESENTATION_CONTEXT(2) 
PARAMETRIC_REPRESENTATION_CONTEXT() REPRESENTATION_CONTEXT('2D SPACE',''
  ) );
#2259 = PCURVE('',#1755,#2260);
#2260 = DEFINITIONAL_REPRESENTATION('',(#2261),#2265);
#2261 = LINE('',#2262,#2263);
#2262 = CARTESIAN_POINT('',(-19.47936941251,2.374640804597));
#2263 = VECTOR('',#2264,1.);
#2264 = DIRECTION('',(1.110223024625E-16,-1.));
#2265 = ( GEOMETRIC_REPRESENTATION_CONTEXT(2) 
PARAMETRIC_REPRESENTATION_CONTEXT() REPRESENTATION_CONTEXT('2D SPACE',''
  ) );
#2266 = ORIENTED_EDGE('',*,*,#2267,.F.);
#2267 = EDGE_CURVE('',#2198,#2246,#2268,.T.);
#2268 = SURFACE_CURVE('',#2269,(#2273,#2279),.PCURVE_S1.);
#2269 = LINE('',#2270,#2271);
#2270 = CARTESIAN_POINT('',(40.585,12.65,39.11));
#2271 = VECTOR('',#2272,1.);
#2272 = DIRECTION('',(8.881784197001E-16,1.,-1.110223024625E-16));
#2273 = PCURVE('',#728,#2274);
#2274 = DEFINITIONAL_REPRESENTATION('',(#2275),#2278);
#2275 = B_SPLINE_CURVE_WITH_KNOTS('',1,(#2276,#2277),.UNSPECIFIED.,.F.,
  .F.,(2,2),(-13.15,19.050000000002),.PIECEWISE_BEZIER_KNOTS.);
#2276 = CARTESIAN_POINT('',(26.3,80.67));
#2277 = CARTESIAN_POINT('',(-5.900000000002,80.67));
#2278 = ( GEOMETRIC_REPRESENTATION_CONTEXT(2) 
PARAMETRIC_REPRESENTATION_CONTEXT() REPRESENTATION_CONTEXT('2D SPACE',''
  ) );
#2279 = PCURVE('',#1781,#2280);
#2280 = DEFINITIONAL_REPRESENTATION('',(#2281),#2284);
#2281 = B_SPLINE_CURVE_WITH_KNOTS('',1,(#2282,#2283),.UNSPECIFIED.,.F.,
  .F.,(2,2),(-13.15,19.050000000002),.PIECEWISE_BEZIER_KNOTS.);
#2282 = CARTESIAN_POINT('',(0.,-39.11));
#2283 = CARTESIAN_POINT('',(32.200000000002,-39.11));
#2284 = ( GEOMETRIC_REPRESENTATION_CONTEXT(2) 
PARAMETRIC_REPRESENTATION_CONTEXT() REPRESENTATION_CONTEXT('2D SPACE',''
  ) );
#2285 = FACE_BOUND('',#2286,.T.);
#2286 = EDGE_LOOP('',(#2287,#2310,#2331,#2352));
#2287 = ORIENTED_EDGE('',*,*,#2288,.F.);
#2288 = EDGE_CURVE('',#2289,#2291,#2293,.T.);
#2289 = VERTEX_POINT('',#2290);
#2290 = CARTESIAN_POINT('',(33.,-46.5,39.11));
#2291 = VERTEX_POINT('',#2292);
#2292 = CARTESIAN_POINT('',(33.,-5.5,39.11));
#2293 = SURFACE_CURVE('',#2294,(#2298,#2304),.PCURVE_S1.);
#2294 = LINE('',#2295,#2296);
#2295 = CARTESIAN_POINT('',(33.,-10.35,39.11));
#2296 = VECTOR('',#2297,1.);
#2297 = DIRECTION('',(8.881784197001E-16,1.,-1.110223024625E-16));
#2298 = PCURVE('',#728,#2299);
#2299 = DEFINITIONAL_REPRESENTATION('',(#2300),#2303);
#2300 = B_SPLINE_CURVE_WITH_KNOTS('',1,(#2301,#2302),.UNSPECIFIED.,.F.,
  .F.,(2,2),(-36.15,4.850000000002),.PIECEWISE_BEZIER_KNOTS.);
#2301 = CARTESIAN_POINT('',(72.3,73.085));
#2302 = CARTESIAN_POINT('',(31.299999999998,73.085));
#2303 = ( GEOMETRIC_REPRESENTATION_CONTEXT(2) 
PARAMETRIC_REPRESENTATION_CONTEXT() REPRESENTATION_CONTEXT('2D SPACE',''
  ) );
#2304 = PCURVE('',#1585,#2305);
#2305 = DEFINITIONAL_REPRESENTATION('',(#2306),#2309);
#2306 = B_SPLINE_CURVE_WITH_KNOTS('',1,(#2307,#2308),.UNSPECIFIED.,.F.,
  .F.,(2,2),(-36.15,4.850000000002),.PIECEWISE_BEZIER_KNOTS.);
#2307 = CARTESIAN_POINT('',(0.,-39.11));
#2308 = CARTESIAN_POINT('',(41.000000000002,-39.11));
#2309 = ( GEOMETRIC_REPRESENTATION_CONTEXT(2) 
PARAMETRIC_REPRESENTATION_CONTEXT() REPRESENTATION_CONTEXT('2D SPACE',''
  ) );
#2310 = ORIENTED_EDGE('',*,*,#2311,.F.);
#2311 = EDGE_CURVE('',#2312,#2289,#2314,.T.);
#2312 = VERTEX_POINT('',#2313);
#2313 = CARTESIAN_POINT('',(-33.,-46.5,39.11));
#2314 = SURFACE_CURVE('',#2315,(#2319,#2325),.PCURVE_S1.);
#2315 = LINE('',#2316,#2317);
#2316 = CARTESIAN_POINT('',(-36.5425,-46.5,39.11));
#2317 = VECTOR('',#2318,1.);
#2318 = DIRECTION('',(1.,2.465190328816E-31,7.771561172376E-16));
#2319 = PCURVE('',#728,#2320);
#2320 = DEFINITIONAL_REPRESENTATION('',(#2321),#2324);
#2321 = B_SPLINE_CURVE_WITH_KNOTS('',1,(#2322,#2323),.UNSPECIFIED.,.F.,
  .F.,(2,2),(3.5425,69.542500000002),.PIECEWISE_BEZIER_KNOTS.);
#2322 = CARTESIAN_POINT('',(72.3,7.085));
#2323 = CARTESIAN_POINT('',(72.3,73.085000000002));
#2324 = ( GEOMETRIC_REPRESENTATION_CONTEXT(2) 
PARAMETRIC_REPRESENTATION_CONTEXT() REPRESENTATION_CONTEXT('2D SPACE',''
  ) );
#2325 = PCURVE('',#1613,#2326);
#2326 = DEFINITIONAL_REPRESENTATION('',(#2327),#2330);
#2327 = B_SPLINE_CURVE_WITH_KNOTS('',1,(#2328,#2329),.UNSPECIFIED.,.F.,
  .F.,(2,2),(3.5425,69.542500000002),.PIECEWISE_BEZIER_KNOTS.);
#2328 = CARTESIAN_POINT('',(0.,-39.11));
#2329 = CARTESIAN_POINT('',(66.000000000002,-39.11));
#2330 = ( GEOMETRIC_REPRESENTATION_CONTEXT(2) 
PARAMETRIC_REPRESENTATION_CONTEXT() REPRESENTATION_CONTEXT('2D SPACE',''
  ) );
#2331 = ORIENTED_EDGE('',*,*,#2332,.F.);
#2332 = EDGE_CURVE('',#2333,#2312,#2335,.T.);
#2333 = VERTEX_POINT('',#2334);
#2334 = CARTESIAN_POINT('',(-33.,-5.5,39.11));
#2335 = SURFACE_CURVE('',#2336,(#2340,#2346),.PCURVE_S1.);
#2336 = LINE('',#2337,#2338);
#2337 = CARTESIAN_POINT('',(-33.,10.15,39.11));
#2338 = VECTOR('',#2339,1.);
#2339 = DIRECTION('',(-8.881784197001E-16,-1.,1.110223024625E-16));
#2340 = PCURVE('',#728,#2341);
#2341 = DEFINITIONAL_REPRESENTATION('',(#2342),#2345);
#2342 = B_SPLINE_CURVE_WITH_KNOTS('',1,(#2343,#2344),.UNSPECIFIED.,.F.,
  .F.,(2,2),(15.649999999998,56.65),.PIECEWISE_BEZIER_KNOTS.);
#2343 = CARTESIAN_POINT('',(31.299999999998,7.085));
#2344 = CARTESIAN_POINT('',(72.3,7.085));
#2345 = ( GEOMETRIC_REPRESENTATION_CONTEXT(2) 
PARAMETRIC_REPRESENTATION_CONTEXT() REPRESENTATION_CONTEXT('2D SPACE',''
  ) );
#2346 = PCURVE('',#1641,#2347);
#2347 = DEFINITIONAL_REPRESENTATION('',(#2348),#2351);
#2348 = B_SPLINE_CURVE_WITH_KNOTS('',1,(#2349,#2350),.UNSPECIFIED.,.F.,
  .F.,(2,2),(15.649999999998,56.65),.PIECEWISE_BEZIER_KNOTS.);
#2349 = CARTESIAN_POINT('',(-1.543654093439E-12,-39.11));
#2350 = CARTESIAN_POINT('',(41.,-39.11));
#2351 = ( GEOMETRIC_REPRESENTATION_CONTEXT(2) 
PARAMETRIC_REPRESENTATION_CONTEXT() REPRESENTATION_CONTEXT('2D SPACE',''
  ) );
#2352 = ORIENTED_EDGE('',*,*,#2353,.F.);
#2353 = EDGE_CURVE('',#2291,#2333,#2354,.T.);
#2354 = SURFACE_CURVE('',#2355,(#2359,#2365),.PCURVE_S1.);
#2355 = LINE('',#2356,#2357);
#2356 = CARTESIAN_POINT('',(-3.5425,-5.5,39.11));
#2357 = VECTOR('',#2358,1.);
#2358 = DIRECTION('',(-1.,-2.465190328816E-31,-7.771561172376E-16));
#2359 = PCURVE('',#728,#2360);
#2360 = DEFINITIONAL_REPRESENTATION('',(#2361),#2364);
#2361 = B_SPLINE_CURVE_WITH_KNOTS('',1,(#2362,#2363),.UNSPECIFIED.,.F.,
  .F.,(2,2),(-36.5425,29.4575),.PIECEWISE_BEZIER_KNOTS.);
#2362 = CARTESIAN_POINT('',(31.3,73.085000000002));
#2363 = CARTESIAN_POINT('',(31.3,7.085));
#2364 = ( GEOMETRIC_REPRESENTATION_CONTEXT(2) 
PARAMETRIC_REPRESENTATION_CONTEXT() REPRESENTATION_CONTEXT('2D SPACE',''
  ) );
#2365 = PCURVE('',#1667,#2366);
#2366 = DEFINITIONAL_REPRESENTATION('',(#2367),#2370);
#2367 = B_SPLINE_CURVE_WITH_KNOTS('',1,(#2368,#2369),.UNSPECIFIED.,.F.,
  .F.,(2,2),(-36.5425,29.4575),.PIECEWISE_BEZIER_KNOTS.);
#2368 = CARTESIAN_POINT('',(-1.541877736599E-12,-39.11));
#2369 = CARTESIAN_POINT('',(66.,-39.11));
#2370 = ( GEOMETRIC_REPRESENTATION_CONTEXT(2) 
PARAMETRIC_REPRESENTATION_CONTEXT() REPRESENTATION_CONTEXT('2D SPACE',''
  ) );
#2371 = ADVANCED_FACE('',(#2372),#604,.T.);
#2372 = FACE_BOUND('',#2373,.T.);
#2373 = EDGE_LOOP('',(#2374,#2375,#2376,#2377));
#2374 = ORIENTED_EDGE('',*,*,#1489,.F.);
#2375 = ORIENTED_EDGE('',*,*,#589,.T.);
#2376 = ORIENTED_EDGE('',*,*,#2167,.T.);
#2377 = ORIENTED_EDGE('',*,*,#2378,.F.);
#2378 = EDGE_CURVE('',#1462,#2147,#2379,.T.);
#2379 = SURFACE_CURVE('',#2380,(#2384,#2390),.PCURVE_S1.);
#2380 = LINE('',#2381,#2382);
#2381 = CARTESIAN_POINT('',(10.5,-92.5,-4.884981308351E-15));
#2382 = VECTOR('',#2383,1.);
#2383 = DIRECTION('',(3.451266460342E-31,8.881784197001E-16,1.));
#2384 = PCURVE('',#604,#2385);
#2385 = DEFINITIONAL_REPRESENTATION('',(#2386),#2389);
#2386 = B_SPLINE_CURVE_WITH_KNOTS('',1,(#2387,#2388),.UNSPECIFIED.,.F.,
  .F.,(2,2),(0.,39.11),.PIECEWISE_BEZIER_KNOTS.);
#2387 = CARTESIAN_POINT('',(3.449733751604,0.));
#2388 = CARTESIAN_POINT('',(3.449733751604,-39.11));
#2389 = ( GEOMETRIC_REPRESENTATION_CONTEXT(2) 
PARAMETRIC_REPRESENTATION_CONTEXT() REPRESENTATION_CONTEXT('2D SPACE',''
  ) );
#2390 = PCURVE('',#1477,#2391);
#2391 = DEFINITIONAL_REPRESENTATION('',(#2392),#2396);
#2392 = LINE('',#2393,#2394);
#2393 = CARTESIAN_POINT('',(0.,0.));
#2394 = VECTOR('',#2395,1.);
#2395 = DIRECTION('',(1.110223024625E-16,-1.));
#2396 = ( GEOMETRIC_REPRESENTATION_CONTEXT(2) 
PARAMETRIC_REPRESENTATION_CONTEXT() REPRESENTATION_CONTEXT('2D SPACE',''
  ) );
#2397 = ADVANCED_FACE('',(#2398),#898,.T.);
#2398 = FACE_BOUND('',#2399,.T.);
#2399 = EDGE_LOOP('',(#2400,#2423,#2450,#2451,#2452));
#2400 = ORIENTED_EDGE('',*,*,#2401,.F.);
#2401 = EDGE_CURVE('',#2402,#841,#2404,.T.);
#2402 = VERTEX_POINT('',#2403);
#2403 = CARTESIAN_POINT('',(57.585,-5.5,19.555028516309));
#2404 = SEAM_CURVE('',#2405,(#2409,#2416),.PCURVE_S1.);
#2405 = LINE('',#2406,#2407);
#2406 = CARTESIAN_POINT('',(61.585,-5.5,19.555028516309));
#2407 = VECTOR('',#2408,1.);
#2408 = DIRECTION('',(-1.,-1.232595164408E-31,-5.551115123126E-16));
#2409 = PCURVE('',#898,#2410);
#2410 = DEFINITIONAL_REPRESENTATION('',(#2411),#2415);
#2411 = LINE('',#2412,#2413);
#2412 = CARTESIAN_POINT('',(6.28318530718,0.));
#2413 = VECTOR('',#2414,1.);
#2414 = DIRECTION('',(0.,-1.));
#2415 = ( GEOMETRIC_REPRESENTATION_CONTEXT(2) 
PARAMETRIC_REPRESENTATION_CONTEXT() REPRESENTATION_CONTEXT('2D SPACE',''
  ) );
#2416 = PCURVE('',#898,#2417);
#2417 = DEFINITIONAL_REPRESENTATION('',(#2418),#2422);
#2418 = LINE('',#2419,#2420);
#2419 = CARTESIAN_POINT('',(0.,0.));
#2420 = VECTOR('',#2421,1.);
#2421 = DIRECTION('',(0.,-1.));
#2422 = ( GEOMETRIC_REPRESENTATION_CONTEXT(2) 
PARAMETRIC_REPRESENTATION_CONTEXT() REPRESENTATION_CONTEXT('2D SPACE',''
  ) );
#2423 = ORIENTED_EDGE('',*,*,#2424,.F.);
#2424 = EDGE_CURVE('',#2402,#2402,#2425,.T.);
#2425 = SURFACE_CURVE('',#2426,(#2431,#2438),.PCURVE_S1.);
#2426 = CIRCLE('',#2427,10.);
#2427 = AXIS2_PLACEMENT_3D('',#2428,#2429,#2430);
#2428 = CARTESIAN_POINT('',(57.585,-15.5,19.555028516309));
#2429 = DIRECTION('',(1.,-5.551115123126E-16,1.848892746612E-31));
#2430 = DIRECTION('',(5.551115123126E-16,1.,1.183291357832E-31));
#2431 = PCURVE('',#898,#2432);
#2432 = DEFINITIONAL_REPRESENTATION('',(#2433),#2437);
#2433 = LINE('',#2434,#2435);
#2434 = CARTESIAN_POINT('',(0.,-4.));
#2435 = VECTOR('',#2436,1.);
#2436 = DIRECTION('',(1.,0.));
#2437 = ( GEOMETRIC_REPRESENTATION_CONTEXT(2) 
PARAMETRIC_REPRESENTATION_CONTEXT() REPRESENTATION_CONTEXT('2D SPACE',''
  ) );
#2438 = PCURVE('',#2439,#2444);
#2439 = TOROIDAL_SURFACE('',#2440,6.,4.);
#2440 = AXIS2_PLACEMENT_3D('',#2441,#2442,#2443);
#2441 = CARTESIAN_POINT('',(57.585,-15.5,19.555028516309));
#2442 = DIRECTION('',(1.,-1.110223024625E-16,4.440892098501E-16));
#2443 = DIRECTION('',(5.551115123126E-16,1.,1.183291357832E-31));
#2444 = DEFINITIONAL_REPRESENTATION('',(#2445),#2449);
#2445 = LINE('',#2446,#2447);
#2446 = CARTESIAN_POINT('',(0.,0.));
#2447 = VECTOR('',#2448,1.);
#2448 = DIRECTION('',(1.,0.));
#2449 = ( GEOMETRIC_REPRESENTATION_CONTEXT(2) 
PARAMETRIC_REPRESENTATION_CONTEXT() REPRESENTATION_CONTEXT('2D SPACE',''
  ) );
#2450 = ORIENTED_EDGE('',*,*,#2401,.T.);
#2451 = ORIENTED_EDGE('',*,*,#840,.T.);
#2452 = ORIENTED_EDGE('',*,*,#930,.T.);
#2453 = ADVANCED_FACE('',(#2454),#1295,.F.);
#2454 = FACE_BOUND('',#2455,.F.);
#2455 = EDGE_LOOP('',(#2456,#2457,#2480,#2507));
#2456 = ORIENTED_EDGE('',*,*,#1278,.F.);
#2457 = ORIENTED_EDGE('',*,*,#2458,.T.);
#2458 = EDGE_CURVE('',#1279,#2459,#2461,.T.);
#2459 = VERTEX_POINT('',#2460);
#2460 = CARTESIAN_POINT('',(55.585,26.2,19.554999945186));
#2461 = SEAM_CURVE('',#2462,(#2466,#2473),.PCURVE_S1.);
#2462 = LINE('',#2463,#2464);
#2463 = CARTESIAN_POINT('',(61.585,26.2,19.554999945186));
#2464 = VECTOR('',#2465,1.);
#2465 = DIRECTION('',(-1.,-1.232595164408E-31,-5.551115123126E-16));
#2466 = PCURVE('',#1295,#2467);
#2467 = DEFINITIONAL_REPRESENTATION('',(#2468),#2472);
#2468 = LINE('',#2469,#2470);
#2469 = CARTESIAN_POINT('',(6.28318530718,0.));
#2470 = VECTOR('',#2471,1.);
#2471 = DIRECTION('',(0.,-1.));
#2472 = ( GEOMETRIC_REPRESENTATION_CONTEXT(2) 
PARAMETRIC_REPRESENTATION_CONTEXT() REPRESENTATION_CONTEXT('2D SPACE',''
  ) );
#2473 = PCURVE('',#1295,#2474);
#2474 = DEFINITIONAL_REPRESENTATION('',(#2475),#2479);
#2475 = LINE('',#2476,#2477);
#2476 = CARTESIAN_POINT('',(0.,0.));
#2477 = VECTOR('',#2478,1.);
#2478 = DIRECTION('',(0.,-1.));
#2479 = ( GEOMETRIC_REPRESENTATION_CONTEXT(2) 
PARAMETRIC_REPRESENTATION_CONTEXT() REPRESENTATION_CONTEXT('2D SPACE',''
  ) );
#2480 = ORIENTED_EDGE('',*,*,#2481,.T.);
#2481 = EDGE_CURVE('',#2459,#2459,#2482,.T.);
#2482 = SURFACE_CURVE('',#2483,(#2488,#2495),.PCURVE_S1.);
#2483 = CIRCLE('',#2484,5.);
#2484 = AXIS2_PLACEMENT_3D('',#2485,#2486,#2487);
#2485 = CARTESIAN_POINT('',(55.585,21.2,19.554999945186));
#2486 = DIRECTION('',(1.,-5.551115123126E-16,1.848892746612E-31));
#2487 = DIRECTION('',(5.551115123126E-16,1.,1.232595164408E-31));
#2488 = PCURVE('',#1295,#2489);
#2489 = DEFINITIONAL_REPRESENTATION('',(#2490),#2494);
#2490 = LINE('',#2491,#2492);
#2491 = CARTESIAN_POINT('',(0.,-6.));
#2492 = VECTOR('',#2493,1.);
#2493 = DIRECTION('',(1.,0.));
#2494 = ( GEOMETRIC_REPRESENTATION_CONTEXT(2) 
PARAMETRIC_REPRESENTATION_CONTEXT() REPRESENTATION_CONTEXT('2D SPACE',''
  ) );
#2495 = PCURVE('',#2496,#2501);
#2496 = PLANE('',#2497);
#2497 = AXIS2_PLACEMENT_3D('',#2498,#2499,#2500);
#2498 = CARTESIAN_POINT('',(55.585,21.2,19.554999945186));
#2499 = DIRECTION('',(1.,3.697785493223E-32,3.330669073875E-16));
#2500 = DIRECTION('',(3.330669073875E-16,1.,3.697785493223E-32));
#2501 = DEFINITIONAL_REPRESENTATION('',(#2502),#2506);
#2502 = CIRCLE('',#2503,5.);
#2503 = AXIS2_PLACEMENT_2D('',#2504,#2505);
#2504 = CARTESIAN_POINT('',(-3.552713678801E-15,3.552713678801E-15));
#2505 = DIRECTION('',(1.,1.232595164408E-32));
#2506 = ( GEOMETRIC_REPRESENTATION_CONTEXT(2) 
PARAMETRIC_REPRESENTATION_CONTEXT() REPRESENTATION_CONTEXT('2D SPACE',''
  ) );
#2507 = ORIENTED_EDGE('',*,*,#2458,.F.);
#2508 = ADVANCED_FACE('',(#2509),#1328,.T.);
#2509 = FACE_BOUND('',#2510,.T.);
#2510 = EDGE_LOOP('',(#2511,#2512,#2535,#2563,#2586,#2614,#2635,#2636));
#2511 = ORIENTED_EDGE('',*,*,#1310,.F.);
#2512 = ORIENTED_EDGE('',*,*,#2513,.T.);
#2513 = EDGE_CURVE('',#1311,#2514,#2516,.T.);
#2514 = VERTEX_POINT('',#2515);
#2515 = CARTESIAN_POINT('',(-45.585,31.2,11.3));
#2516 = SURFACE_CURVE('',#2517,(#2521,#2528),.PCURVE_S1.);
#2517 = LINE('',#2518,#2519);
#2518 = CARTESIAN_POINT('',(-45.585,31.2,-5.469846797723E-14));
#2519 = VECTOR('',#2520,1.);
#2520 = DIRECTION('',(3.451266460342E-31,8.881784197001E-16,1.));
#2521 = PCURVE('',#1328,#2522);
#2522 = DEFINITIONAL_REPRESENTATION('',(#2523),#2527);
#2523 = LINE('',#2524,#2525);
#2524 = CARTESIAN_POINT('',(0.,0.));
#2525 = VECTOR('',#2526,1.);
#2526 = DIRECTION('',(1.110223024625E-16,-1.));
#2527 = ( GEOMETRIC_REPRESENTATION_CONTEXT(2) 
PARAMETRIC_REPRESENTATION_CONTEXT() REPRESENTATION_CONTEXT('2D SPACE',''
  ) );
#2528 = PCURVE('',#1357,#2529);
#2529 = DEFINITIONAL_REPRESENTATION('',(#2530),#2534);
#2530 = LINE('',#2531,#2532);
#2531 = CARTESIAN_POINT('',(4.712388980385,0.));
#2532 = VECTOR('',#2533,1.);
#2533 = DIRECTION('',(0.,-1.));
#2534 = ( GEOMETRIC_REPRESENTATION_CONTEXT(2) 
PARAMETRIC_REPRESENTATION_CONTEXT() REPRESENTATION_CONTEXT('2D SPACE',''
  ) );
#2535 = ORIENTED_EDGE('',*,*,#2536,.F.);
#2536 = EDGE_CURVE('',#2537,#2514,#2539,.T.);
#2537 = VERTEX_POINT('',#2538);
#2538 = CARTESIAN_POINT('',(-45.585,31.7,11.3));
#2539 = SURFACE_CURVE('',#2540,(#2544,#2551),.PCURVE_S1.);
#2540 = LINE('',#2541,#2542);
#2541 = CARTESIAN_POINT('',(-45.585,31.7,11.3));
#2542 = VECTOR('',#2543,1.);
#2543 = DIRECTION('',(-7.771561172376E-16,-1.,-2.588449845256E-31));
#2544 = PCURVE('',#1328,#2545);
#2545 = DEFINITIONAL_REPRESENTATION('',(#2546),#2550);
#2546 = LINE('',#2547,#2548);
#2547 = CARTESIAN_POINT('',(0.5,-11.3));
#2548 = VECTOR('',#2549,1.);
#2549 = DIRECTION('',(-1.,1.368455531567E-48));
#2550 = ( GEOMETRIC_REPRESENTATION_CONTEXT(2) 
PARAMETRIC_REPRESENTATION_CONTEXT() REPRESENTATION_CONTEXT('2D SPACE',''
  ) );
#2551 = PCURVE('',#2552,#2557);
#2552 = PLANE('',#2553);
#2553 = AXIS2_PLACEMENT_3D('',#2554,#2555,#2556);
#2554 = CARTESIAN_POINT('',(-45.585,31.7,11.3));
#2555 = DIRECTION('',(1.110223024625E-16,-6.661338147751E-16,-1.));
#2556 = DIRECTION('',(-7.771561172376E-16,-1.,-2.588449845256E-31));
#2557 = DEFINITIONAL_REPRESENTATION('',(#2558),#2562);
#2558 = LINE('',#2559,#2560);
#2559 = CARTESIAN_POINT('',(0.,0.));
#2560 = VECTOR('',#2561,1.);
#2561 = DIRECTION('',(1.,0.));
#2562 = ( GEOMETRIC_REPRESENTATION_CONTEXT(2) 
PARAMETRIC_REPRESENTATION_CONTEXT() REPRESENTATION_CONTEXT('2D SPACE',''
  ) );
#2563 = ORIENTED_EDGE('',*,*,#2564,.F.);
#2564 = EDGE_CURVE('',#2565,#2537,#2567,.T.);
#2565 = VERTEX_POINT('',#2566);
#2566 = CARTESIAN_POINT('',(-45.585,31.7,31.6));
#2567 = SURFACE_CURVE('',#2568,(#2572,#2579),.PCURVE_S1.);
#2568 = LINE('',#2569,#2570);
#2569 = CARTESIAN_POINT('',(-45.585,31.7,31.6));
#2570 = VECTOR('',#2571,1.);
#2571 = DIRECTION('',(-2.588449845256E-31,-7.771561172376E-16,-1.));
#2572 = PCURVE('',#1328,#2573);
#2573 = DEFINITIONAL_REPRESENTATION('',(#2574),#2578);
#2574 = LINE('',#2575,#2576);
#2575 = CARTESIAN_POINT('',(0.5,-31.6));
#2576 = VECTOR('',#2577,1.);
#2577 = DIRECTION('',(0.,1.));
#2578 = ( GEOMETRIC_REPRESENTATION_CONTEXT(2) 
PARAMETRIC_REPRESENTATION_CONTEXT() REPRESENTATION_CONTEXT('2D SPACE',''
  ) );
#2579 = PCURVE('',#1755,#2580);
#2580 = DEFINITIONAL_REPRESENTATION('',(#2581),#2585);
#2581 = LINE('',#2582,#2583);
#2582 = CARTESIAN_POINT('',(-11.96936941251,-43.4603591954));
#2583 = VECTOR('',#2584,1.);
#2584 = DIRECTION('',(1.,0.));
#2585 = ( GEOMETRIC_REPRESENTATION_CONTEXT(2) 
PARAMETRIC_REPRESENTATION_CONTEXT() REPRESENTATION_CONTEXT('2D SPACE',''
  ) );
#2586 = ORIENTED_EDGE('',*,*,#2587,.F.);
#2587 = EDGE_CURVE('',#2588,#2565,#2590,.T.);
#2588 = VERTEX_POINT('',#2589);
#2589 = CARTESIAN_POINT('',(-45.585,31.2,31.6));
#2590 = SURFACE_CURVE('',#2591,(#2595,#2602),.PCURVE_S1.);
#2591 = LINE('',#2592,#2593);
#2592 = CARTESIAN_POINT('',(-45.585,-0.5,31.6));
#2593 = VECTOR('',#2594,1.);
#2594 = DIRECTION('',(7.771561172376E-16,1.,2.588449845256E-31));
#2595 = PCURVE('',#1328,#2596);
#2596 = DEFINITIONAL_REPRESENTATION('',(#2597),#2601);
#2597 = LINE('',#2598,#2599);
#2598 = CARTESIAN_POINT('',(-31.7,-31.6));
#2599 = VECTOR('',#2600,1.);
#2600 = DIRECTION('',(1.,-1.368455531567E-48));
#2601 = ( GEOMETRIC_REPRESENTATION_CONTEXT(2) 
PARAMETRIC_REPRESENTATION_CONTEXT() REPRESENTATION_CONTEXT('2D SPACE',''
  ) );
#2602 = PCURVE('',#2603,#2608);
#2603 = PLANE('',#2604);
#2604 = AXIS2_PLACEMENT_3D('',#2605,#2606,#2607);
#2605 = CARTESIAN_POINT('',(-45.585,-0.5,31.6));
#2606 = DIRECTION('',(-1.110223024625E-16,6.661338147751E-16,1.));
#2607 = DIRECTION('',(7.771561172376E-16,1.,2.588449845256E-31));
#2608 = DEFINITIONAL_REPRESENTATION('',(#2609),#2613);
#2609 = LINE('',#2610,#2611);
#2610 = CARTESIAN_POINT('',(0.,0.));
#2611 = VECTOR('',#2612,1.);
#2612 = DIRECTION('',(1.,0.));
#2613 = ( GEOMETRIC_REPRESENTATION_CONTEXT(2) 
PARAMETRIC_REPRESENTATION_CONTEXT() REPRESENTATION_CONTEXT('2D SPACE',''
  ) );
#2614 = ORIENTED_EDGE('',*,*,#2615,.T.);
#2615 = EDGE_CURVE('',#2588,#1868,#2616,.T.);
#2616 = SURFACE_CURVE('',#2617,(#2621,#2628),.PCURVE_S1.);
#2617 = LINE('',#2618,#2619);
#2618 = CARTESIAN_POINT('',(-45.585,31.2,-5.469846797723E-14));
#2619 = VECTOR('',#2620,1.);
#2620 = DIRECTION('',(3.451266460342E-31,8.881784197001E-16,1.));
#2621 = PCURVE('',#1328,#2622);
#2622 = DEFINITIONAL_REPRESENTATION('',(#2623),#2627);
#2623 = LINE('',#2624,#2625);
#2624 = CARTESIAN_POINT('',(0.,0.));
#2625 = VECTOR('',#2626,1.);
#2626 = DIRECTION('',(1.110223024625E-16,-1.));
#2627 = ( GEOMETRIC_REPRESENTATION_CONTEXT(2) 
PARAMETRIC_REPRESENTATION_CONTEXT() REPRESENTATION_CONTEXT('2D SPACE',''
  ) );
#2628 = PCURVE('',#1357,#2629);
#2629 = DEFINITIONAL_REPRESENTATION('',(#2630),#2634);
#2630 = LINE('',#2631,#2632);
#2631 = CARTESIAN_POINT('',(4.712388980385,0.));
#2632 = VECTOR('',#2633,1.);
#2633 = DIRECTION('',(0.,-1.));
#2634 = ( GEOMETRIC_REPRESENTATION_CONTEXT(2) 
PARAMETRIC_REPRESENTATION_CONTEXT() REPRESENTATION_CONTEXT('2D SPACE',''
  ) );
#2635 = ORIENTED_EDGE('',*,*,#1867,.T.);
#2636 = ORIENTED_EDGE('',*,*,#2637,.F.);
#2637 = EDGE_CURVE('',#1313,#1847,#2638,.T.);
#2638 = SURFACE_CURVE('',#2639,(#2643,#2650),.PCURVE_S1.);
#2639 = LINE('',#2640,#2641);
#2640 = CARTESIAN_POINT('',(-45.585,36.7,-5.469846797723E-14));
#2641 = VECTOR('',#2642,1.);
#2642 = DIRECTION('',(3.451266460342E-31,8.881784197001E-16,1.));
#2643 = PCURVE('',#1328,#2644);
#2644 = DEFINITIONAL_REPRESENTATION('',(#2645),#2649);
#2645 = LINE('',#2646,#2647);
#2646 = CARTESIAN_POINT('',(5.5,-7.52650542362E-48));
#2647 = VECTOR('',#2648,1.);
#2648 = DIRECTION('',(1.110223024625E-16,-1.));
#2649 = ( GEOMETRIC_REPRESENTATION_CONTEXT(2) 
PARAMETRIC_REPRESENTATION_CONTEXT() REPRESENTATION_CONTEXT('2D SPACE',''
  ) );
#2650 = PCURVE('',#1553,#2651);
#2651 = DEFINITIONAL_REPRESENTATION('',(#2652),#2656);
#2652 = LINE('',#2653,#2654);
#2653 = CARTESIAN_POINT('',(0.,0.));
#2654 = VECTOR('',#2655,1.);
#2655 = DIRECTION('',(1.110223024625E-16,-1.));
#2656 = ( GEOMETRIC_REPRESENTATION_CONTEXT(2) 
PARAMETRIC_REPRESENTATION_CONTEXT() REPRESENTATION_CONTEXT('2D SPACE',''
  ) );
#2657 = ADVANCED_FACE('',(#2658),#1553,.T.);
#2658 = FACE_BOUND('',#2659,.T.);
#2659 = EDGE_LOOP('',(#2660,#2661,#2662,#2663));
#2660 = ORIENTED_EDGE('',*,*,#1539,.F.);
#2661 = ORIENTED_EDGE('',*,*,#2637,.T.);
#2662 = ORIENTED_EDGE('',*,*,#1846,.T.);
#2663 = ORIENTED_EDGE('',*,*,#1797,.F.);
#2664 = ADVANCED_FACE('',(#2665),#1477,.T.);
#2665 = FACE_BOUND('',#2666,.T.);
#2666 = EDGE_LOOP('',(#2667,#2668,#2669,#2670));
#2667 = ORIENTED_EDGE('',*,*,#1461,.F.);
#2668 = ORIENTED_EDGE('',*,*,#2378,.T.);
#2669 = ORIENTED_EDGE('',*,*,#2146,.T.);
#2670 = ORIENTED_EDGE('',*,*,#2671,.F.);
#2671 = EDGE_CURVE('',#1434,#2126,#2672,.T.);
#2672 = SURFACE_CURVE('',#2673,(#2677,#2684),.PCURVE_S1.);
#2673 = LINE('',#2674,#2675);
#2674 = CARTESIAN_POINT('',(10.5,-51.5,-4.884981308351E-15));
#2675 = VECTOR('',#2676,1.);
#2676 = DIRECTION('',(3.451266460342E-31,8.881784197001E-16,1.));
#2677 = PCURVE('',#1477,#2678);
#2678 = DEFINITIONAL_REPRESENTATION('',(#2679),#2683);
#2679 = LINE('',#2680,#2681);
#2680 = CARTESIAN_POINT('',(41.,9.57918872097E-48));
#2681 = VECTOR('',#2682,1.);
#2682 = DIRECTION('',(1.110223024625E-16,-1.));
#2683 = ( GEOMETRIC_REPRESENTATION_CONTEXT(2) 
PARAMETRIC_REPRESENTATION_CONTEXT() REPRESENTATION_CONTEXT('2D SPACE',''
  ) );
#2684 = PCURVE('',#1449,#2685);
#2685 = DEFINITIONAL_REPRESENTATION('',(#2686),#2690);
#2686 = LINE('',#2687,#2688);
#2687 = CARTESIAN_POINT('',(0.,0.));
#2688 = VECTOR('',#2689,1.);
#2689 = DIRECTION('',(-1.110223024625E-16,-1.));
#2690 = ( GEOMETRIC_REPRESENTATION_CONTEXT(2) 
PARAMETRIC_REPRESENTATION_CONTEXT() REPRESENTATION_CONTEXT('2D SPACE',''
  ) );
#2691 = ADVANCED_FACE('',(#2692),#1449,.T.);
#2692 = FACE_BOUND('',#2693,.T.);
#2693 = EDGE_LOOP('',(#2694,#2695,#2696,#2697));
#2694 = ORIENTED_EDGE('',*,*,#1433,.F.);
#2695 = ORIENTED_EDGE('',*,*,#2671,.T.);
#2696 = ORIENTED_EDGE('',*,*,#2125,.T.);
#2697 = ORIENTED_EDGE('',*,*,#2698,.F.);
#2698 = EDGE_CURVE('',#1406,#2105,#2699,.T.);
#2699 = SURFACE_CURVE('',#2700,(#2704,#2711),.PCURVE_S1.);
#2700 = LINE('',#2701,#2702);
#2701 = CARTESIAN_POINT('',(-10.5,-51.5,-2.353672812205E-14));
#2702 = VECTOR('',#2703,1.);
#2703 = DIRECTION('',(3.451266460342E-31,8.881784197001E-16,1.));
#2704 = PCURVE('',#1449,#2705);
#2705 = DEFINITIONAL_REPRESENTATION('',(#2706),#2710);
#2706 = LINE('',#2707,#2708);
#2707 = CARTESIAN_POINT('',(21.,0.));
#2708 = VECTOR('',#2709,1.);
#2709 = DIRECTION('',(-1.110223024625E-16,-1.));
#2710 = ( GEOMETRIC_REPRESENTATION_CONTEXT(2) 
PARAMETRIC_REPRESENTATION_CONTEXT() REPRESENTATION_CONTEXT('2D SPACE',''
  ) );
#2711 = PCURVE('',#1421,#2712);
#2712 = DEFINITIONAL_REPRESENTATION('',(#2713),#2717);
#2713 = LINE('',#2714,#2715);
#2714 = CARTESIAN_POINT('',(0.,0.));
#2715 = VECTOR('',#2716,1.);
#2716 = DIRECTION('',(-1.110223024625E-16,-1.));
#2717 = ( GEOMETRIC_REPRESENTATION_CONTEXT(2) 
PARAMETRIC_REPRESENTATION_CONTEXT() REPRESENTATION_CONTEXT('2D SPACE',''
  ) );
#2718 = ADVANCED_FACE('',(#2719),#1421,.T.);
#2719 = FACE_BOUND('',#2720,.T.);
#2720 = EDGE_LOOP('',(#2721,#2722,#2723,#2724));
#2721 = ORIENTED_EDGE('',*,*,#1405,.F.);
#2722 = ORIENTED_EDGE('',*,*,#2698,.T.);
#2723 = ORIENTED_EDGE('',*,*,#2104,.T.);
#2724 = ORIENTED_EDGE('',*,*,#2725,.F.);
#2725 = EDGE_CURVE('',#1373,#2077,#2726,.T.);
#2726 = SURFACE_CURVE('',#2727,(#2731,#2738),.PCURVE_S1.);
#2727 = LINE('',#2728,#2729);
#2728 = CARTESIAN_POINT('',(-10.5,-92.5,-2.353672812205E-14));
#2729 = VECTOR('',#2730,1.);
#2730 = DIRECTION('',(3.451266460342E-31,8.881784197001E-16,1.));
#2731 = PCURVE('',#1421,#2732);
#2732 = DEFINITIONAL_REPRESENTATION('',(#2733),#2737);
#2733 = LINE('',#2734,#2735);
#2734 = CARTESIAN_POINT('',(41.,-9.57918872097E-48));
#2735 = VECTOR('',#2736,1.);
#2736 = DIRECTION('',(-1.110223024625E-16,-1.));
#2737 = ( GEOMETRIC_REPRESENTATION_CONTEXT(2) 
PARAMETRIC_REPRESENTATION_CONTEXT() REPRESENTATION_CONTEXT('2D SPACE',''
  ) );
#2738 = PCURVE('',#1393,#2739);
#2739 = DEFINITIONAL_REPRESENTATION('',(#2740),#2743);
#2740 = B_SPLINE_CURVE_WITH_KNOTS('',1,(#2741,#2742),.UNSPECIFIED.,.F.,
  .F.,(2,2),(0.,39.11),.PIECEWISE_BEZIER_KNOTS.);
#2741 = CARTESIAN_POINT('',(5.975044209166,0.));
#2742 = CARTESIAN_POINT('',(5.975044209166,-39.11));
#2743 = ( GEOMETRIC_REPRESENTATION_CONTEXT(2) 
PARAMETRIC_REPRESENTATION_CONTEXT() REPRESENTATION_CONTEXT('2D SPACE',''
  ) );
#2744 = ADVANCED_FACE('',(#2745),#1393,.T.);
#2745 = FACE_BOUND('',#2746,.T.);
#2746 = EDGE_LOOP('',(#2747,#2748,#2749,#2750));
#2747 = ORIENTED_EDGE('',*,*,#1372,.F.);
#2748 = ORIENTED_EDGE('',*,*,#2725,.T.);
#2749 = ORIENTED_EDGE('',*,*,#2076,.T.);
#2750 = ORIENTED_EDGE('',*,*,#2751,.F.);
#2751 = EDGE_CURVE('',#1341,#1889,#2752,.T.);
#2752 = SURFACE_CURVE('',#2753,(#2757,#2764),.PCURVE_S1.);
#2753 = LINE('',#2754,#2755);
#2754 = CARTESIAN_POINT('',(-10.5,-98.9390948057,-6.994405055139E-15));
#2755 = VECTOR('',#2756,1.);
#2756 = DIRECTION('',(1.848892746612E-31,6.661338147751E-16,1.));
#2757 = PCURVE('',#1393,#2758);
#2758 = DEFINITIONAL_REPRESENTATION('',(#2759),#2763);
#2759 = LINE('',#2760,#2761);
#2760 = CARTESIAN_POINT('',(6.591326405193,0.));
#2761 = VECTOR('',#2762,1.);
#2762 = DIRECTION('',(0.,-1.));
#2763 = ( GEOMETRIC_REPRESENTATION_CONTEXT(2) 
PARAMETRIC_REPRESENTATION_CONTEXT() REPRESENTATION_CONTEXT('2D SPACE',''
  ) );
#2764 = PCURVE('',#1357,#2765);
#2765 = DEFINITIONAL_REPRESENTATION('',(#2766),#2769);
#2766 = B_SPLINE_CURVE_WITH_KNOTS('',1,(#2767,#2768),.UNSPECIFIED.,.F.,
  .F.,(2,2),(0.,39.11),.PIECEWISE_BEZIER_KNOTS.);
#2767 = CARTESIAN_POINT('',(6.050759345958,-2.13162820728E-14));
#2768 = CARTESIAN_POINT('',(6.050759345958,-39.11));
#2769 = ( GEOMETRIC_REPRESENTATION_CONTEXT(2) 
PARAMETRIC_REPRESENTATION_CONTEXT() REPRESENTATION_CONTEXT('2D SPACE',''
  ) );
#2770 = ADVANCED_FACE('',(#2771),#1357,.F.);
#2771 = FACE_BOUND('',#2772,.F.);
#2772 = EDGE_LOOP('',(#2773,#2774,#2775,#2825,#2854,#2902,#2903,#2904));
#2773 = ORIENTED_EDGE('',*,*,#1340,.F.);
#2774 = ORIENTED_EDGE('',*,*,#2513,.T.);
#2775 = ORIENTED_EDGE('',*,*,#2776,.F.);
#2776 = EDGE_CURVE('',#2777,#2514,#2779,.T.);
#2777 = VERTEX_POINT('',#2778);
#2778 = CARTESIAN_POINT('',(-44.28587118817,-0.5,11.3));
#2779 = SURFACE_CURVE('',#2780,(#2793,#2809),.PCURVE_S1.);
#2780 = B_SPLINE_CURVE_WITH_KNOTS('',6,(#2781,#2782,#2783,#2784,#2785,
    #2786,#2787,#2788,#2789,#2790,#2791,#2792),.UNSPECIFIED.,.F.,.F.,(7,
    5,7),(0.,0.105796128328,1.),.UNSPECIFIED.);
#2781 = CARTESIAN_POINT('',(-44.28587118817,-0.5,11.3));
#2782 = CARTESIAN_POINT('',(-44.33224968414,5.766016008279E-02,11.3));
#2783 = CARTESIAN_POINT('',(-44.37759787052,0.61540605,11.3));
#2784 = CARTESIAN_POINT('',(-44.42191998336,1.173234919548,11.3));
#2785 = CARTESIAN_POINT('',(-44.46521985741,1.731144084356,11.3));
#2786 = CARTESIAN_POINT('',(-44.50750112466,2.289130917919,11.3));
#2787 = CARTESIAN_POINT('',(-44.89755592954,7.56401133688,11.3));
#2788 = CARTESIAN_POINT('',(-45.17383193697,12.286161963396,11.3));
#2789 = CARTESIAN_POINT('',(-45.37974386606,17.012158287293,11.3));
#2790 = CARTESIAN_POINT('',(-45.51658038618,21.740626706656,11.3));
#2791 = CARTESIAN_POINT('',(-45.585,26.470296420186,11.3));
#2792 = CARTESIAN_POINT('',(-45.585,31.2,11.3));
#2793 = PCURVE('',#1357,#2794);
#2794 = DEFINITIONAL_REPRESENTATION('',(#2795),#2808);
#2795 = B_SPLINE_CURVE_WITH_KNOTS('',6,(#2796,#2797,#2798,#2799,#2800,
    #2801,#2802,#2803,#2804,#2805,#2806,#2807),.UNSPECIFIED.,.F.,.F.,(7,
    5,7),(0.,0.105796128328,1.),.UNSPECIFIED.);
#2796 = CARTESIAN_POINT('',(4.951702530574,-11.3));
#2797 = CARTESIAN_POINT('',(4.947410322511,-11.3));
#2798 = CARTESIAN_POINT('',(4.943122438013,-11.3));
#2799 = CARTESIAN_POINT('',(4.9388396952,-11.3));
#2800 = CARTESIAN_POINT('',(4.934561523743,-11.3));
#2801 = CARTESIAN_POINT('',(4.930287233113,-11.3));
#2802 = CARTESIAN_POINT('',(4.889927038918,-11.3));
#2803 = CARTESIAN_POINT('',(4.854135068942,-11.3));
#2804 = CARTESIAN_POINT('',(4.818557664738,-11.3));
#2805 = CARTESIAN_POINT('',(4.783121114366,-11.3));
#2806 = CARTESIAN_POINT('',(4.747755171154,-11.3));
#2807 = CARTESIAN_POINT('',(4.712388980385,-11.3));
#2808 = ( GEOMETRIC_REPRESENTATION_CONTEXT(2) 
PARAMETRIC_REPRESENTATION_CONTEXT() REPRESENTATION_CONTEXT('2D SPACE',''
  ) );
#2809 = PCURVE('',#2552,#2810);
#2810 = DEFINITIONAL_REPRESENTATION('',(#2811),#2824);
#2811 = B_SPLINE_CURVE_WITH_KNOTS('',6,(#2812,#2813,#2814,#2815,#2816,
    #2817,#2818,#2819,#2820,#2821,#2822,#2823),.UNSPECIFIED.,.F.,.F.,(7,
    5,7),(0.,0.105796128328,1.),.UNSPECIFIED.);
#2812 = CARTESIAN_POINT('',(32.2,-1.299128811829));
#2813 = CARTESIAN_POINT('',(31.642339839917,-1.252750315855));
#2814 = CARTESIAN_POINT('',(31.08459395,-1.207402129474));
#2815 = CARTESIAN_POINT('',(30.526765080452,-1.163080016636));
#2816 = CARTESIAN_POINT('',(29.968855915644,-1.119780142586));
#2817 = CARTESIAN_POINT('',(29.410869082081,-1.077498875338));
#2818 = CARTESIAN_POINT('',(24.13598866312,-0.687444070453));
#2819 = CARTESIAN_POINT('',(19.413838036604,-0.41116806303));
#2820 = CARTESIAN_POINT('',(14.687841712707,-0.205256133935));
#2821 = CARTESIAN_POINT('',(9.959373293344,-6.841961382013E-02));
#2822 = CARTESIAN_POINT('',(5.229703579814,1.998401444325E-15));
#2823 = CARTESIAN_POINT('',(0.5,0.));
#2824 = ( GEOMETRIC_REPRESENTATION_CONTEXT(2) 
PARAMETRIC_REPRESENTATION_CONTEXT() REPRESENTATION_CONTEXT('2D SPACE',''
  ) );
#2825 = ORIENTED_EDGE('',*,*,#2826,.F.);
#2826 = EDGE_CURVE('',#2827,#2777,#2829,.T.);
#2827 = VERTEX_POINT('',#2828);
#2828 = CARTESIAN_POINT('',(-44.28587118817,-0.5,31.6));
#2829 = SURFACE_CURVE('',#2830,(#2836,#2845),.PCURVE_S1.);
#2830 = B_SPLINE_CURVE_WITH_KNOTS('',4,(#2831,#2832,#2833,#2834,#2835),
  .UNSPECIFIED.,.F.,.F.,(5,5),(0.,1.),.PIECEWISE_BEZIER_KNOTS.);
#2831 = CARTESIAN_POINT('',(-44.28587118817,-0.5,31.6));
#2832 = CARTESIAN_POINT('',(-44.28587118817,-0.5,26.525));
#2833 = CARTESIAN_POINT('',(-44.28587118817,-0.5,21.45));
#2834 = CARTESIAN_POINT('',(-44.28587118817,-0.5,16.375));
#2835 = CARTESIAN_POINT('',(-44.28587118817,-0.5,11.3));
#2836 = PCURVE('',#1357,#2837);
#2837 = DEFINITIONAL_REPRESENTATION('',(#2838),#2844);
#2838 = B_SPLINE_CURVE_WITH_KNOTS('',4,(#2839,#2840,#2841,#2842,#2843),
  .UNSPECIFIED.,.F.,.F.,(5,5),(0.,1.),.PIECEWISE_BEZIER_KNOTS.);
#2839 = CARTESIAN_POINT('',(4.951702355576,-31.6));
#2840 = CARTESIAN_POINT('',(4.951702355576,-26.525));
#2841 = CARTESIAN_POINT('',(4.951702355576,-21.45));
#2842 = CARTESIAN_POINT('',(4.951702355576,-16.375));
#2843 = CARTESIAN_POINT('',(4.951702355576,-11.3));
#2844 = ( GEOMETRIC_REPRESENTATION_CONTEXT(2) 
PARAMETRIC_REPRESENTATION_CONTEXT() REPRESENTATION_CONTEXT('2D SPACE',''
  ) );
#2845 = PCURVE('',#1699,#2846);
#2846 = DEFINITIONAL_REPRESENTATION('',(#2847),#2853);
#2847 = B_SPLINE_CURVE_WITH_KNOTS('',4,(#2848,#2849,#2850,#2851,#2852),
  .UNSPECIFIED.,.F.,.F.,(5,5),(0.,1.),.PIECEWISE_BEZIER_KNOTS.);
#2848 = CARTESIAN_POINT('',(11.988433605246,-42.71617804403));
#2849 = CARTESIAN_POINT('',(6.913433605246,-42.71617804403));
#2850 = CARTESIAN_POINT('',(1.838433605246,-42.71617804403));
#2851 = CARTESIAN_POINT('',(-3.236566394754,-42.71617804403));
#2852 = CARTESIAN_POINT('',(-8.311566394754,-42.71617804403));
#2853 = ( GEOMETRIC_REPRESENTATION_CONTEXT(2) 
PARAMETRIC_REPRESENTATION_CONTEXT() REPRESENTATION_CONTEXT('2D SPACE',''
  ) );
#2854 = ORIENTED_EDGE('',*,*,#2855,.T.);
#2855 = EDGE_CURVE('',#2827,#2588,#2856,.T.);
#2856 = SURFACE_CURVE('',#2857,(#2870,#2886),.PCURVE_S1.);
#2857 = B_SPLINE_CURVE_WITH_KNOTS('',6,(#2858,#2859,#2860,#2861,#2862,
    #2863,#2864,#2865,#2866,#2867,#2868,#2869),.UNSPECIFIED.,.F.,.F.,(7,
    5,7),(0.,0.105796128328,1.),.UNSPECIFIED.);
#2858 = CARTESIAN_POINT('',(-44.28587118817,-0.5,31.6));
#2859 = CARTESIAN_POINT('',(-44.33224968414,5.766016008266E-02,31.6));
#2860 = CARTESIAN_POINT('',(-44.37759787052,0.61540605,31.6));
#2861 = CARTESIAN_POINT('',(-44.42191998336,1.173234919548,31.6));
#2862 = CARTESIAN_POINT('',(-44.46521985741,1.731144084356,31.6));
#2863 = CARTESIAN_POINT('',(-44.50750112466,2.289130917919,31.6));
#2864 = CARTESIAN_POINT('',(-44.89755592954,7.564011336879,31.6));
#2865 = CARTESIAN_POINT('',(-45.17383193697,12.2861619634,31.6));
#2866 = CARTESIAN_POINT('',(-45.37974386606,17.012158287289,31.6));
#2867 = CARTESIAN_POINT('',(-45.51658038618,21.740626706657,31.6));
#2868 = CARTESIAN_POINT('',(-45.585,26.470296420186,31.6));
#2869 = CARTESIAN_POINT('',(-45.585,31.2,31.6));
#2870 = PCURVE('',#1357,#2871);
#2871 = DEFINITIONAL_REPRESENTATION('',(#2872),#2885);
#2872 = B_SPLINE_CURVE_WITH_KNOTS('',6,(#2873,#2874,#2875,#2876,#2877,
    #2878,#2879,#2880,#2881,#2882,#2883,#2884),.UNSPECIFIED.,.F.,.F.,(7,
    5,7),(0.,0.105796128328,1.),.UNSPECIFIED.);
#2873 = CARTESIAN_POINT('',(4.951702530574,-31.6));
#2874 = CARTESIAN_POINT('',(4.947410322511,-31.6));
#2875 = CARTESIAN_POINT('',(4.943122438013,-31.6));
#2876 = CARTESIAN_POINT('',(4.9388396952,-31.6));
#2877 = CARTESIAN_POINT('',(4.934561523743,-31.6));
#2878 = CARTESIAN_POINT('',(4.930287233113,-31.6));
#2879 = CARTESIAN_POINT('',(4.889927038918,-31.6));
#2880 = CARTESIAN_POINT('',(4.854135068942,-31.6));
#2881 = CARTESIAN_POINT('',(4.818557664738,-31.6));
#2882 = CARTESIAN_POINT('',(4.783121114366,-31.6));
#2883 = CARTESIAN_POINT('',(4.747755171154,-31.6));
#2884 = CARTESIAN_POINT('',(4.712388980385,-31.6));
#2885 = ( GEOMETRIC_REPRESENTATION_CONTEXT(2) 
PARAMETRIC_REPRESENTATION_CONTEXT() REPRESENTATION_CONTEXT('2D SPACE',''
  ) );
#2886 = PCURVE('',#2603,#2887);
#2887 = DEFINITIONAL_REPRESENTATION('',(#2888),#2901);
#2888 = B_SPLINE_CURVE_WITH_KNOTS('',6,(#2889,#2890,#2891,#2892,#2893,
    #2894,#2895,#2896,#2897,#2898,#2899,#2900),.UNSPECIFIED.,.F.,.F.,(7,
    5,7),(0.,0.105796128328,1.),.UNSPECIFIED.);
#2889 = CARTESIAN_POINT('',(0.,-1.299128811829));
#2890 = CARTESIAN_POINT('',(0.557660160083,-1.252750315855));
#2891 = CARTESIAN_POINT('',(1.11540605,-1.207402129474));
#2892 = CARTESIAN_POINT('',(1.673234919548,-1.163080016636));
#2893 = CARTESIAN_POINT('',(2.231144084356,-1.119780142586));
#2894 = CARTESIAN_POINT('',(2.789130917919,-1.077498875338));
#2895 = CARTESIAN_POINT('',(8.064011336879,-0.687444070454));
#2896 = CARTESIAN_POINT('',(12.7861619634,-0.411168063029));
#2897 = CARTESIAN_POINT('',(17.512158287289,-0.205256133935));
#2898 = CARTESIAN_POINT('',(22.240626706657,-6.841961382008E-02));
#2899 = CARTESIAN_POINT('',(26.970296420186,5.551115123126E-15));
#2900 = CARTESIAN_POINT('',(31.7,3.552713678801E-15));
#2901 = ( GEOMETRIC_REPRESENTATION_CONTEXT(2) 
PARAMETRIC_REPRESENTATION_CONTEXT() REPRESENTATION_CONTEXT('2D SPACE',''
  ) );
#2902 = ORIENTED_EDGE('',*,*,#2615,.T.);
#2903 = ORIENTED_EDGE('',*,*,#1888,.F.);
#2904 = ORIENTED_EDGE('',*,*,#2751,.F.);
#2905 = ADVANCED_FACE('',(#2906,#2952),#1585,.T.);
#2906 = FACE_BOUND('',#2907,.T.);
#2907 = EDGE_LOOP('',(#2908,#2909,#2930,#2931));
#2908 = ORIENTED_EDGE('',*,*,#1567,.F.);
#2909 = ORIENTED_EDGE('',*,*,#2910,.T.);
#2910 = EDGE_CURVE('',#1568,#2289,#2911,.T.);
#2911 = SURFACE_CURVE('',#2912,(#2916,#2923),.PCURVE_S1.);
#2912 = LINE('',#2913,#2914);
#2913 = CARTESIAN_POINT('',(33.,-46.5,1.50990331349E-14));
#2914 = VECTOR('',#2915,1.);
#2915 = DIRECTION('',(3.451266460342E-31,8.881784197001E-16,1.));
#2916 = PCURVE('',#1585,#2917);
#2917 = DEFINITIONAL_REPRESENTATION('',(#2918),#2922);
#2918 = LINE('',#2919,#2920);
#2919 = CARTESIAN_POINT('',(0.,0.));
#2920 = VECTOR('',#2921,1.);
#2921 = DIRECTION('',(1.110223024625E-16,-1.));
#2922 = ( GEOMETRIC_REPRESENTATION_CONTEXT(2) 
PARAMETRIC_REPRESENTATION_CONTEXT() REPRESENTATION_CONTEXT('2D SPACE',''
  ) );
#2923 = PCURVE('',#1613,#2924);
#2924 = DEFINITIONAL_REPRESENTATION('',(#2925),#2929);
#2925 = LINE('',#2926,#2927);
#2926 = CARTESIAN_POINT('',(66.,0.));
#2927 = VECTOR('',#2928,1.);
#2928 = DIRECTION('',(1.110223024625E-16,-1.));
#2929 = ( GEOMETRIC_REPRESENTATION_CONTEXT(2) 
PARAMETRIC_REPRESENTATION_CONTEXT() REPRESENTATION_CONTEXT('2D SPACE',''
  ) );
#2930 = ORIENTED_EDGE('',*,*,#2288,.T.);
#2931 = ORIENTED_EDGE('',*,*,#2932,.F.);
#2932 = EDGE_CURVE('',#1570,#2291,#2933,.T.);
#2933 = SURFACE_CURVE('',#2934,(#2938,#2945),.PCURVE_S1.);
#2934 = LINE('',#2935,#2936);
#2935 = CARTESIAN_POINT('',(33.,-5.5,1.50990331349E-14));
#2936 = VECTOR('',#2937,1.);
#2937 = DIRECTION('',(3.451266460342E-31,8.881784197001E-16,1.));
#2938 = PCURVE('',#1585,#2939);
#2939 = DEFINITIONAL_REPRESENTATION('',(#2940),#2944);
#2940 = LINE('',#2941,#2942);
#2941 = CARTESIAN_POINT('',(41.,3.147447722605E-47));
#2942 = VECTOR('',#2943,1.);
#2943 = DIRECTION('',(1.110223024625E-16,-1.));
#2944 = ( GEOMETRIC_REPRESENTATION_CONTEXT(2) 
PARAMETRIC_REPRESENTATION_CONTEXT() REPRESENTATION_CONTEXT('2D SPACE',''
  ) );
#2945 = PCURVE('',#1667,#2946);
#2946 = DEFINITIONAL_REPRESENTATION('',(#2947),#2951);
#2947 = LINE('',#2948,#2949);
#2948 = CARTESIAN_POINT('',(0.,0.));
#2949 = VECTOR('',#2950,1.);
#2950 = DIRECTION('',(-1.110223024625E-16,-1.));
#2951 = ( GEOMETRIC_REPRESENTATION_CONTEXT(2) 
PARAMETRIC_REPRESENTATION_CONTEXT() REPRESENTATION_CONTEXT('2D SPACE',''
  ) );
#2952 = FACE_BOUND('',#2953,.T.);
#2953 = EDGE_LOOP('',(#2954));
#2954 = ORIENTED_EDGE('',*,*,#2955,.F.);
#2955 = EDGE_CURVE('',#2956,#2956,#2958,.T.);
#2956 = VERTEX_POINT('',#2957);
#2957 = CARTESIAN_POINT('',(33.,-18.,19.555028516309));
#2958 = SURFACE_CURVE('',#2959,(#2964,#2971),.PCURVE_S1.);
#2959 = CIRCLE('',#2960,2.5);
#2960 = AXIS2_PLACEMENT_3D('',#2961,#2962,#2963);
#2961 = CARTESIAN_POINT('',(33.,-15.5,19.555028516309));
#2962 = DIRECTION('',(-1.,1.110223024625E-16,-1.232595164408E-32));
#2963 = DIRECTION('',(-1.110223024625E-16,-1.,0.));
#2964 = PCURVE('',#1585,#2965);
#2965 = DEFINITIONAL_REPRESENTATION('',(#2966),#2970);
#2966 = CIRCLE('',#2967,2.5);
#2967 = AXIS2_PLACEMENT_2D('',#2968,#2969);
#2968 = CARTESIAN_POINT('',(31.,-19.5550285163));
#2969 = DIRECTION('',(-1.,6.661338147751E-16));
#2970 = ( GEOMETRIC_REPRESENTATION_CONTEXT(2) 
PARAMETRIC_REPRESENTATION_CONTEXT() REPRESENTATION_CONTEXT('2D SPACE',''
  ) );
#2971 = PCURVE('',#2972,#2977);
#2972 = CYLINDRICAL_SURFACE('',#2973,2.5);
#2973 = AXIS2_PLACEMENT_3D('',#2974,#2975,#2976);
#2974 = CARTESIAN_POINT('',(33.,-15.5,19.555028516309));
#2975 = DIRECTION('',(-1.,1.110223024625E-16,-1.232595164408E-32));
#2976 = DIRECTION('',(-1.110223024625E-16,-1.,0.));
#2977 = DEFINITIONAL_REPRESENTATION('',(#2978),#2982);
#2978 = LINE('',#2979,#2980);
#2979 = CARTESIAN_POINT('',(0.,0.));
#2980 = VECTOR('',#2981,1.);
#2981 = DIRECTION('',(1.,0.));
#2982 = ( GEOMETRIC_REPRESENTATION_CONTEXT(2) 
PARAMETRIC_REPRESENTATION_CONTEXT() REPRESENTATION_CONTEXT('2D SPACE',''
  ) );
#2983 = ADVANCED_FACE('',(#2984),#1613,.T.);
#2984 = FACE_BOUND('',#2985,.T.);
#2985 = EDGE_LOOP('',(#2986,#2987,#3008,#3009));
#2986 = ORIENTED_EDGE('',*,*,#1597,.F.);
#2987 = ORIENTED_EDGE('',*,*,#2988,.T.);
#2988 = EDGE_CURVE('',#1598,#2312,#2989,.T.);
#2989 = SURFACE_CURVE('',#2990,(#2994,#3001),.PCURVE_S1.);
#2990 = LINE('',#2991,#2992);
#2991 = CARTESIAN_POINT('',(-33.,-46.5,-4.352074256531E-14));
#2992 = VECTOR('',#2993,1.);
#2993 = DIRECTION('',(3.451266460342E-31,8.881784197001E-16,1.));
#2994 = PCURVE('',#1613,#2995);
#2995 = DEFINITIONAL_REPRESENTATION('',(#2996),#3000);
#2996 = LINE('',#2997,#2998);
#2997 = CARTESIAN_POINT('',(0.,0.));
#2998 = VECTOR('',#2999,1.);
#2999 = DIRECTION('',(1.110223024625E-16,-1.));
#3000 = ( GEOMETRIC_REPRESENTATION_CONTEXT(2) 
PARAMETRIC_REPRESENTATION_CONTEXT() REPRESENTATION_CONTEXT('2D SPACE',''
  ) );
#3001 = PCURVE('',#1641,#3002);
#3002 = DEFINITIONAL_REPRESENTATION('',(#3003),#3007);
#3003 = LINE('',#3004,#3005);
#3004 = CARTESIAN_POINT('',(41.,-3.147447722605E-47));
#3005 = VECTOR('',#3006,1.);
#3006 = DIRECTION('',(-1.110223024625E-16,-1.));
#3007 = ( GEOMETRIC_REPRESENTATION_CONTEXT(2) 
PARAMETRIC_REPRESENTATION_CONTEXT() REPRESENTATION_CONTEXT('2D SPACE',''
  ) );
#3008 = ORIENTED_EDGE('',*,*,#2311,.T.);
#3009 = ORIENTED_EDGE('',*,*,#2910,.F.);
#3010 = ADVANCED_FACE('',(#3011),#1667,.T.);
#3011 = FACE_BOUND('',#3012,.T.);
#3012 = EDGE_LOOP('',(#3013,#3014,#3015,#3016));
#3013 = ORIENTED_EDGE('',*,*,#1653,.F.);
#3014 = ORIENTED_EDGE('',*,*,#2932,.T.);
#3015 = ORIENTED_EDGE('',*,*,#2353,.T.);
#3016 = ORIENTED_EDGE('',*,*,#3017,.F.);
#3017 = EDGE_CURVE('',#1626,#2333,#3018,.T.);
#3018 = SURFACE_CURVE('',#3019,(#3023,#3030),.PCURVE_S1.);
#3019 = LINE('',#3020,#3021);
#3020 = CARTESIAN_POINT('',(-33.,-5.5,-4.352074256531E-14));
#3021 = VECTOR('',#3022,1.);
#3022 = DIRECTION('',(3.451266460342E-31,8.881784197001E-16,1.));
#3023 = PCURVE('',#1667,#3024);
#3024 = DEFINITIONAL_REPRESENTATION('',(#3025),#3029);
#3025 = LINE('',#3026,#3027);
#3026 = CARTESIAN_POINT('',(66.,0.));
#3027 = VECTOR('',#3028,1.);
#3028 = DIRECTION('',(-1.110223024625E-16,-1.));
#3029 = ( GEOMETRIC_REPRESENTATION_CONTEXT(2) 
PARAMETRIC_REPRESENTATION_CONTEXT() REPRESENTATION_CONTEXT('2D SPACE',''
  ) );
#3030 = PCURVE('',#1641,#3031);
#3031 = DEFINITIONAL_REPRESENTATION('',(#3032),#3036);
#3032 = LINE('',#3033,#3034);
#3033 = CARTESIAN_POINT('',(0.,0.));
#3034 = VECTOR('',#3035,1.);
#3035 = DIRECTION('',(-1.110223024625E-16,-1.));
#3036 = ( GEOMETRIC_REPRESENTATION_CONTEXT(2) 
PARAMETRIC_REPRESENTATION_CONTEXT() REPRESENTATION_CONTEXT('2D SPACE',''
  ) );
#3037 = ADVANCED_FACE('',(#3038),#1641,.T.);
#3038 = FACE_BOUND('',#3039,.T.);
#3039 = EDGE_LOOP('',(#3040,#3041,#3042,#3043));
#3040 = ORIENTED_EDGE('',*,*,#1625,.F.);
#3041 = ORIENTED_EDGE('',*,*,#3017,.T.);
#3042 = ORIENTED_EDGE('',*,*,#2332,.T.);
#3043 = ORIENTED_EDGE('',*,*,#2988,.F.);
#3044 = ADVANCED_FACE('',(#3045),#1699,.T.);
#3045 = FACE_BOUND('',#3046,.T.);
#3046 = EDGE_LOOP('',(#3047,#3048,#3071,#3092,#3093,#3114,#3115,#3138));
#3047 = ORIENTED_EDGE('',*,*,#2826,.F.);
#3048 = ORIENTED_EDGE('',*,*,#3049,.T.);
#3049 = EDGE_CURVE('',#2827,#3050,#3052,.T.);
#3050 = VERTEX_POINT('',#3051);
#3051 = CARTESIAN_POINT('',(-40.585,-0.5,31.6));
#3052 = SURFACE_CURVE('',#3053,(#3057,#3064),.PCURVE_S1.);
#3053 = LINE('',#3054,#3055);
#3054 = CARTESIAN_POINT('',(-45.585,-0.5,31.6));
#3055 = VECTOR('',#3056,1.);
#3056 = DIRECTION('',(1.,2.588449845256E-31,7.771561172376E-16));
#3057 = PCURVE('',#1699,#3058);
#3058 = DEFINITIONAL_REPRESENTATION('',(#3059),#3063);
#3059 = LINE('',#3060,#3061);
#3060 = CARTESIAN_POINT('',(11.988433605246,-44.01530685586));
#3061 = VECTOR('',#3062,1.);
#3062 = DIRECTION('',(1.110223024625E-16,1.));
#3063 = ( GEOMETRIC_REPRESENTATION_CONTEXT(2) 
PARAMETRIC_REPRESENTATION_CONTEXT() REPRESENTATION_CONTEXT('2D SPACE',''
  ) );
#3064 = PCURVE('',#2603,#3065);
#3065 = DEFINITIONAL_REPRESENTATION('',(#3066),#3070);
#3066 = LINE('',#3067,#3068);
#3067 = CARTESIAN_POINT('',(0.,0.));
#3068 = VECTOR('',#3069,1.);
#3069 = DIRECTION('',(1.110223024625E-16,-1.));
#3070 = ( GEOMETRIC_REPRESENTATION_CONTEXT(2) 
PARAMETRIC_REPRESENTATION_CONTEXT() REPRESENTATION_CONTEXT('2D SPACE',''
  ) );
#3071 = ORIENTED_EDGE('',*,*,#3072,.T.);
#3072 = EDGE_CURVE('',#3050,#2196,#3073,.T.);
#3073 = SURFACE_CURVE('',#3074,(#3078,#3085),.PCURVE_S1.);
#3074 = LINE('',#3075,#3076);
#3075 = CARTESIAN_POINT('',(-40.585,-0.5,-5.025757587873E-14));
#3076 = VECTOR('',#3077,1.);
#3077 = DIRECTION('',(3.451266460342E-31,8.881784197001E-16,1.));
#3078 = PCURVE('',#1699,#3079);
#3079 = DEFINITIONAL_REPRESENTATION('',(#3080),#3084);
#3080 = LINE('',#3081,#3082);
#3081 = CARTESIAN_POINT('',(-19.61156639475,-39.01530685586));
#3082 = VECTOR('',#3083,1.);
#3083 = DIRECTION('',(1.,1.232595164408E-32));
#3084 = ( GEOMETRIC_REPRESENTATION_CONTEXT(2) 
PARAMETRIC_REPRESENTATION_CONTEXT() REPRESENTATION_CONTEXT('2D SPACE',''
  ) );
#3085 = PCURVE('',#2234,#3086);
#3086 = DEFINITIONAL_REPRESENTATION('',(#3087),#3091);
#3087 = LINE('',#3088,#3089);
#3088 = CARTESIAN_POINT('',(32.2,-4.351688590384E-47));
#3089 = VECTOR('',#3090,1.);
#3090 = DIRECTION('',(-1.110223024625E-16,-1.));
#3091 = ( GEOMETRIC_REPRESENTATION_CONTEXT(2) 
PARAMETRIC_REPRESENTATION_CONTEXT() REPRESENTATION_CONTEXT('2D SPACE',''
  ) );
#3092 = ORIENTED_EDGE('',*,*,#2195,.T.);
#3093 = ORIENTED_EDGE('',*,*,#3094,.F.);
#3094 = EDGE_CURVE('',#1684,#2198,#3095,.T.);
#3095 = SURFACE_CURVE('',#3096,(#3100,#3107),.PCURVE_S1.);
#3096 = LINE('',#3097,#3098);
#3097 = CARTESIAN_POINT('',(40.585,-0.5,2.183586644833E-14));
#3098 = VECTOR('',#3099,1.);
#3099 = DIRECTION('',(3.451266460342E-31,8.881784197001E-16,1.));
#3100 = PCURVE('',#1699,#3101);
#3101 = DEFINITIONAL_REPRESENTATION('',(#3102),#3106);
#3102 = LINE('',#3103,#3104);
#3103 = CARTESIAN_POINT('',(-19.61156639475,42.154693144132));
#3104 = VECTOR('',#3105,1.);
#3105 = DIRECTION('',(1.,1.232595164408E-32));
#3106 = ( GEOMETRIC_REPRESENTATION_CONTEXT(2) 
PARAMETRIC_REPRESENTATION_CONTEXT() REPRESENTATION_CONTEXT('2D SPACE',''
  ) );
#3107 = PCURVE('',#1781,#3108);
#3108 = DEFINITIONAL_REPRESENTATION('',(#3109),#3113);
#3109 = LINE('',#3110,#3111);
#3110 = CARTESIAN_POINT('',(0.,0.));
#3111 = VECTOR('',#3112,1.);
#3112 = DIRECTION('',(1.110223024625E-16,-1.));
#3113 = ( GEOMETRIC_REPRESENTATION_CONTEXT(2) 
PARAMETRIC_REPRESENTATION_CONTEXT() REPRESENTATION_CONTEXT('2D SPACE',''
  ) );
#3114 = ORIENTED_EDGE('',*,*,#1681,.F.);
#3115 = ORIENTED_EDGE('',*,*,#3116,.T.);
#3116 = EDGE_CURVE('',#1682,#3117,#3119,.T.);
#3117 = VERTEX_POINT('',#3118);
#3118 = CARTESIAN_POINT('',(-40.585,-0.5,11.3));
#3119 = SURFACE_CURVE('',#3120,(#3124,#3131),.PCURVE_S1.);
#3120 = LINE('',#3121,#3122);
#3121 = CARTESIAN_POINT('',(-40.585,-0.5,-5.025757587873E-14));
#3122 = VECTOR('',#3123,1.);
#3123 = DIRECTION('',(3.451266460342E-31,8.881784197001E-16,1.));
#3124 = PCURVE('',#1699,#3125);
#3125 = DEFINITIONAL_REPRESENTATION('',(#3126),#3130);
#3126 = LINE('',#3127,#3128);
#3127 = CARTESIAN_POINT('',(-19.61156639475,-39.01530685586));
#3128 = VECTOR('',#3129,1.);
#3129 = DIRECTION('',(1.,1.232595164408E-32));
#3130 = ( GEOMETRIC_REPRESENTATION_CONTEXT(2) 
PARAMETRIC_REPRESENTATION_CONTEXT() REPRESENTATION_CONTEXT('2D SPACE',''
  ) );
#3131 = PCURVE('',#1727,#3132);
#3132 = DEFINITIONAL_REPRESENTATION('',(#3133),#3137);
#3133 = LINE('',#3134,#3135);
#3134 = CARTESIAN_POINT('',(32.2,-4.351688590384E-47));
#3135 = VECTOR('',#3136,1.);
#3136 = DIRECTION('',(-1.110223024625E-16,-1.));
#3137 = ( GEOMETRIC_REPRESENTATION_CONTEXT(2) 
PARAMETRIC_REPRESENTATION_CONTEXT() REPRESENTATION_CONTEXT('2D SPACE',''
  ) );
#3138 = ORIENTED_EDGE('',*,*,#3139,.F.);
#3139 = EDGE_CURVE('',#2777,#3117,#3140,.T.);
#3140 = SURFACE_CURVE('',#3141,(#3145,#3152),.PCURVE_S1.);
#3141 = LINE('',#3142,#3143);
#3142 = CARTESIAN_POINT('',(-45.585,-0.5,11.3));
#3143 = VECTOR('',#3144,1.);
#3144 = DIRECTION('',(1.,2.588449845256E-31,7.771561172376E-16));
#3145 = PCURVE('',#1699,#3146);
#3146 = DEFINITIONAL_REPRESENTATION('',(#3147),#3151);
#3147 = LINE('',#3148,#3149);
#3148 = CARTESIAN_POINT('',(-8.311566394754,-44.01530685586));
#3149 = VECTOR('',#3150,1.);
#3150 = DIRECTION('',(1.110223024625E-16,1.));
#3151 = ( GEOMETRIC_REPRESENTATION_CONTEXT(2) 
PARAMETRIC_REPRESENTATION_CONTEXT() REPRESENTATION_CONTEXT('2D SPACE',''
  ) );
#3152 = PCURVE('',#2552,#3153);
#3153 = DEFINITIONAL_REPRESENTATION('',(#3154),#3158);
#3154 = LINE('',#3155,#3156);
#3155 = CARTESIAN_POINT('',(32.2,-3.574918139293E-15));
#3156 = VECTOR('',#3157,1.);
#3157 = DIRECTION('',(-1.110223024625E-16,-1.));
#3158 = ( GEOMETRIC_REPRESENTATION_CONTEXT(2) 
PARAMETRIC_REPRESENTATION_CONTEXT() REPRESENTATION_CONTEXT('2D SPACE',''
  ) );
#3159 = ADVANCED_FACE('',(#3160),#1727,.T.);
#3160 = FACE_BOUND('',#3161,.T.);
#3161 = EDGE_LOOP('',(#3162,#3163,#3186,#3206));
#3162 = ORIENTED_EDGE('',*,*,#1711,.F.);
#3163 = ORIENTED_EDGE('',*,*,#3164,.T.);
#3164 = EDGE_CURVE('',#1712,#3165,#3167,.T.);
#3165 = VERTEX_POINT('',#3166);
#3166 = CARTESIAN_POINT('',(-40.585,31.7,11.3));
#3167 = SURFACE_CURVE('',#3168,(#3172,#3179),.PCURVE_S1.);
#3168 = LINE('',#3169,#3170);
#3169 = CARTESIAN_POINT('',(-40.585,31.7,-5.025757587873E-14));
#3170 = VECTOR('',#3171,1.);
#3171 = DIRECTION('',(3.451266460342E-31,8.881784197001E-16,1.));
#3172 = PCURVE('',#1727,#3173);
#3173 = DEFINITIONAL_REPRESENTATION('',(#3174),#3178);
#3174 = LINE('',#3175,#3176);
#3175 = CARTESIAN_POINT('',(0.,0.));
#3176 = VECTOR('',#3177,1.);
#3177 = DIRECTION('',(-1.110223024625E-16,-1.));
#3178 = ( GEOMETRIC_REPRESENTATION_CONTEXT(2) 
PARAMETRIC_REPRESENTATION_CONTEXT() REPRESENTATION_CONTEXT('2D SPACE',''
  ) );
#3179 = PCURVE('',#1755,#3180);
#3180 = DEFINITIONAL_REPRESENTATION('',(#3181),#3185);
#3181 = LINE('',#3182,#3183);
#3182 = CARTESIAN_POINT('',(19.630630587484,-38.4603591954));
#3183 = VECTOR('',#3184,1.);
#3184 = DIRECTION('',(-1.,1.232595164408E-32));
#3185 = ( GEOMETRIC_REPRESENTATION_CONTEXT(2) 
PARAMETRIC_REPRESENTATION_CONTEXT() REPRESENTATION_CONTEXT('2D SPACE',''
  ) );
#3186 = ORIENTED_EDGE('',*,*,#3187,.T.);
#3187 = EDGE_CURVE('',#3165,#3117,#3188,.T.);
#3188 = SURFACE_CURVE('',#3189,(#3193,#3200),.PCURVE_S1.);
#3189 = LINE('',#3190,#3191);
#3190 = CARTESIAN_POINT('',(-40.585,31.7,11.3));
#3191 = VECTOR('',#3192,1.);
#3192 = DIRECTION('',(-7.771561172376E-16,-1.,-2.588449845256E-31));
#3193 = PCURVE('',#1727,#3194);
#3194 = DEFINITIONAL_REPRESENTATION('',(#3195),#3199);
#3195 = LINE('',#3196,#3197);
#3196 = CARTESIAN_POINT('',(7.105427357601E-15,-11.3));
#3197 = VECTOR('',#3198,1.);
#3198 = DIRECTION('',(1.,1.110223024625E-16));
#3199 = ( GEOMETRIC_REPRESENTATION_CONTEXT(2) 
PARAMETRIC_REPRESENTATION_CONTEXT() REPRESENTATION_CONTEXT('2D SPACE',''
  ) );
#3200 = PCURVE('',#2552,#3201);
#3201 = DEFINITIONAL_REPRESENTATION('',(#3202),#3205);
#3202 = B_SPLINE_CURVE_WITH_KNOTS('',1,(#3203,#3204),.UNSPECIFIED.,.F.,
  .F.,(2,2),(-3.589334469551E-13,32.2),.PIECEWISE_BEZIER_KNOTS.);
#3203 = CARTESIAN_POINT('',(-3.523831311098E-13,-5.));
#3204 = CARTESIAN_POINT('',(32.2,-5.));
#3205 = ( GEOMETRIC_REPRESENTATION_CONTEXT(2) 
PARAMETRIC_REPRESENTATION_CONTEXT() REPRESENTATION_CONTEXT('2D SPACE',''
  ) );
#3206 = ORIENTED_EDGE('',*,*,#3116,.F.);
#3207 = ADVANCED_FACE('',(#3208,#3234),#1781,.T.);
#3208 = FACE_BOUND('',#3209,.T.);
#3209 = EDGE_LOOP('',(#3210,#3211,#3212,#3213));
#3210 = ORIENTED_EDGE('',*,*,#1767,.F.);
#3211 = ORIENTED_EDGE('',*,*,#3094,.T.);
#3212 = ORIENTED_EDGE('',*,*,#2267,.T.);
#3213 = ORIENTED_EDGE('',*,*,#3214,.F.);
#3214 = EDGE_CURVE('',#1740,#2246,#3215,.T.);
#3215 = SURFACE_CURVE('',#3216,(#3220,#3227),.PCURVE_S1.);
#3216 = LINE('',#3217,#3218);
#3217 = CARTESIAN_POINT('',(40.585,31.7,2.183586644833E-14));
#3218 = VECTOR('',#3219,1.);
#3219 = DIRECTION('',(3.451266460342E-31,8.881784197001E-16,1.));
#3220 = PCURVE('',#1781,#3221);
#3221 = DEFINITIONAL_REPRESENTATION('',(#3222),#3226);
#3222 = LINE('',#3223,#3224);
#3223 = CARTESIAN_POINT('',(32.2,4.351688590384E-47));
#3224 = VECTOR('',#3225,1.);
#3225 = DIRECTION('',(1.110223024625E-16,-1.));
#3226 = ( GEOMETRIC_REPRESENTATION_CONTEXT(2) 
PARAMETRIC_REPRESENTATION_CONTEXT() REPRESENTATION_CONTEXT('2D SPACE',''
  ) );
#3227 = PCURVE('',#1755,#3228);
#3228 = DEFINITIONAL_REPRESENTATION('',(#3229),#3233);
#3229 = LINE('',#3230,#3231);
#3230 = CARTESIAN_POINT('',(19.630630587484,42.709640804597));
#3231 = VECTOR('',#3232,1.);
#3232 = DIRECTION('',(-1.,1.232595164408E-32));
#3233 = ( GEOMETRIC_REPRESENTATION_CONTEXT(2) 
PARAMETRIC_REPRESENTATION_CONTEXT() REPRESENTATION_CONTEXT('2D SPACE',''
  ) );
#3234 = FACE_BOUND('',#3235,.T.);
#3235 = EDGE_LOOP('',(#3236));
#3236 = ORIENTED_EDGE('',*,*,#3237,.F.);
#3237 = EDGE_CURVE('',#3238,#3238,#3240,.T.);
#3238 = VERTEX_POINT('',#3239);
#3239 = CARTESIAN_POINT('',(40.585,18.7,19.554999945186));
#3240 = SURFACE_CURVE('',#3241,(#3246,#3253),.PCURVE_S1.);
#3241 = CIRCLE('',#3242,2.5);
#3242 = AXIS2_PLACEMENT_3D('',#3243,#3244,#3245);
#3243 = CARTESIAN_POINT('',(40.585,21.2,19.554999945186));
#3244 = DIRECTION('',(-1.,2.22044604925E-16,-3.697785493223E-32));
#3245 = DIRECTION('',(-2.22044604925E-16,-1.,-1.232595164408E-32));
#3246 = PCURVE('',#1781,#3247);
#3247 = DEFINITIONAL_REPRESENTATION('',(#3248),#3252);
#3248 = CIRCLE('',#3249,2.5);
#3249 = AXIS2_PLACEMENT_2D('',#3250,#3251);
#3250 = CARTESIAN_POINT('',(21.7,-19.55499994518));
#3251 = DIRECTION('',(-1.,5.551115123126E-16));
#3252 = ( GEOMETRIC_REPRESENTATION_CONTEXT(2) 
PARAMETRIC_REPRESENTATION_CONTEXT() REPRESENTATION_CONTEXT('2D SPACE',''
  ) );
#3253 = PCURVE('',#3254,#3259);
#3254 = CYLINDRICAL_SURFACE('',#3255,2.5);
#3255 = AXIS2_PLACEMENT_3D('',#3256,#3257,#3258);
#3256 = CARTESIAN_POINT('',(40.585,21.2,19.554999945186));
#3257 = DIRECTION('',(-1.,1.110223024625E-16,-1.110223024625E-16));
#3258 = DIRECTION('',(-2.22044604925E-16,-1.,-1.232595164408E-32));
#3259 = DEFINITIONAL_REPRESENTATION('',(#3260),#3264);
#3260 = LINE('',#3261,#3262);
#3261 = CARTESIAN_POINT('',(0.,0.));
#3262 = VECTOR('',#3263,1.);
#3263 = DIRECTION('',(1.,0.));
#3264 = ( GEOMETRIC_REPRESENTATION_CONTEXT(2) 
PARAMETRIC_REPRESENTATION_CONTEXT() REPRESENTATION_CONTEXT('2D SPACE',''
  ) );
#3265 = ADVANCED_FACE('',(#3266),#1755,.T.);
#3266 = FACE_BOUND('',#3267,.T.);
#3267 = EDGE_LOOP('',(#3268,#3269,#3270,#3271,#3294,#3315,#3316,#3337));
#3268 = ORIENTED_EDGE('',*,*,#1739,.F.);
#3269 = ORIENTED_EDGE('',*,*,#3214,.T.);
#3270 = ORIENTED_EDGE('',*,*,#2245,.T.);
#3271 = ORIENTED_EDGE('',*,*,#3272,.F.);
#3272 = EDGE_CURVE('',#3273,#2220,#3275,.T.);
#3273 = VERTEX_POINT('',#3274);
#3274 = CARTESIAN_POINT('',(-40.585,31.7,31.6));
#3275 = SURFACE_CURVE('',#3276,(#3280,#3287),.PCURVE_S1.);
#3276 = LINE('',#3277,#3278);
#3277 = CARTESIAN_POINT('',(-40.585,31.7,-5.025757587873E-14));
#3278 = VECTOR('',#3279,1.);
#3279 = DIRECTION('',(3.451266460342E-31,8.881784197001E-16,1.));
#3280 = PCURVE('',#1755,#3281);
#3281 = DEFINITIONAL_REPRESENTATION('',(#3282),#3286);
#3282 = LINE('',#3283,#3284);
#3283 = CARTESIAN_POINT('',(19.630630587484,-38.4603591954));
#3284 = VECTOR('',#3285,1.);
#3285 = DIRECTION('',(-1.,1.232595164408E-32));
#3286 = ( GEOMETRIC_REPRESENTATION_CONTEXT(2) 
PARAMETRIC_REPRESENTATION_CONTEXT() REPRESENTATION_CONTEXT('2D SPACE',''
  ) );
#3287 = PCURVE('',#2234,#3288);
#3288 = DEFINITIONAL_REPRESENTATION('',(#3289),#3293);
#3289 = LINE('',#3290,#3291);
#3290 = CARTESIAN_POINT('',(0.,0.));
#3291 = VECTOR('',#3292,1.);
#3292 = DIRECTION('',(-1.110223024625E-16,-1.));
#3293 = ( GEOMETRIC_REPRESENTATION_CONTEXT(2) 
PARAMETRIC_REPRESENTATION_CONTEXT() REPRESENTATION_CONTEXT('2D SPACE',''
  ) );
#3294 = ORIENTED_EDGE('',*,*,#3295,.F.);
#3295 = EDGE_CURVE('',#2565,#3273,#3296,.T.);
#3296 = SURFACE_CURVE('',#3297,(#3301,#3308),.PCURVE_S1.);
#3297 = LINE('',#3298,#3299);
#3298 = CARTESIAN_POINT('',(-45.585,31.7,31.6));
#3299 = VECTOR('',#3300,1.);
#3300 = DIRECTION('',(1.,2.588449845256E-31,7.771561172376E-16));
#3301 = PCURVE('',#1755,#3302);
#3302 = DEFINITIONAL_REPRESENTATION('',(#3303),#3307);
#3303 = LINE('',#3304,#3305);
#3304 = CARTESIAN_POINT('',(-11.96936941251,-43.4603591954));
#3305 = VECTOR('',#3306,1.);
#3306 = DIRECTION('',(-1.110223024625E-16,1.));
#3307 = ( GEOMETRIC_REPRESENTATION_CONTEXT(2) 
PARAMETRIC_REPRESENTATION_CONTEXT() REPRESENTATION_CONTEXT('2D SPACE',''
  ) );
#3308 = PCURVE('',#2603,#3309);
#3309 = DEFINITIONAL_REPRESENTATION('',(#3310),#3314);
#3310 = LINE('',#3311,#3312);
#3311 = CARTESIAN_POINT('',(32.2,3.574918139293E-15));
#3312 = VECTOR('',#3313,1.);
#3313 = DIRECTION('',(1.110223024625E-16,-1.));
#3314 = ( GEOMETRIC_REPRESENTATION_CONTEXT(2) 
PARAMETRIC_REPRESENTATION_CONTEXT() REPRESENTATION_CONTEXT('2D SPACE',''
  ) );
#3315 = ORIENTED_EDGE('',*,*,#2564,.T.);
#3316 = ORIENTED_EDGE('',*,*,#3317,.T.);
#3317 = EDGE_CURVE('',#2537,#3165,#3318,.T.);
#3318 = SURFACE_CURVE('',#3319,(#3323,#3330),.PCURVE_S1.);
#3319 = LINE('',#3320,#3321);
#3320 = CARTESIAN_POINT('',(-45.585,31.7,11.3));
#3321 = VECTOR('',#3322,1.);
#3322 = DIRECTION('',(1.,2.588449845256E-31,7.771561172376E-16));
#3323 = PCURVE('',#1755,#3324);
#3324 = DEFINITIONAL_REPRESENTATION('',(#3325),#3329);
#3325 = LINE('',#3326,#3327);
#3326 = CARTESIAN_POINT('',(8.330630587484,-43.4603591954));
#3327 = VECTOR('',#3328,1.);
#3328 = DIRECTION('',(-1.110223024625E-16,1.));
#3329 = ( GEOMETRIC_REPRESENTATION_CONTEXT(2) 
PARAMETRIC_REPRESENTATION_CONTEXT() REPRESENTATION_CONTEXT('2D SPACE',''
  ) );
#3330 = PCURVE('',#2552,#3331);
#3331 = DEFINITIONAL_REPRESENTATION('',(#3332),#3336);
#3332 = LINE('',#3333,#3334);
#3333 = CARTESIAN_POINT('',(0.,0.));
#3334 = VECTOR('',#3335,1.);
#3335 = DIRECTION('',(-1.110223024625E-16,-1.));
#3336 = ( GEOMETRIC_REPRESENTATION_CONTEXT(2) 
PARAMETRIC_REPRESENTATION_CONTEXT() REPRESENTATION_CONTEXT('2D SPACE',''
  ) );
#3337 = ORIENTED_EDGE('',*,*,#3164,.F.);
#3338 = ADVANCED_FACE('',(#3339),#2234,.T.);
#3339 = FACE_BOUND('',#3340,.T.);
#3340 = EDGE_LOOP('',(#3341,#3361,#3362,#3363));
#3341 = ORIENTED_EDGE('',*,*,#3342,.T.);
#3342 = EDGE_CURVE('',#3050,#3273,#3343,.T.);
#3343 = SURFACE_CURVE('',#3344,(#3348,#3355),.PCURVE_S1.);
#3344 = LINE('',#3345,#3346);
#3345 = CARTESIAN_POINT('',(-40.585,15.6,31.6));
#3346 = VECTOR('',#3347,1.);
#3347 = DIRECTION('',(7.771561172376E-16,1.,2.588449845256E-31));
#3348 = PCURVE('',#2234,#3349);
#3349 = DEFINITIONAL_REPRESENTATION('',(#3350),#3354);
#3350 = LINE('',#3351,#3352);
#3351 = CARTESIAN_POINT('',(16.1,-31.6));
#3352 = VECTOR('',#3353,1.);
#3353 = DIRECTION('',(-1.,-1.110223024625E-16));
#3354 = ( GEOMETRIC_REPRESENTATION_CONTEXT(2) 
PARAMETRIC_REPRESENTATION_CONTEXT() REPRESENTATION_CONTEXT('2D SPACE',''
  ) );
#3355 = PCURVE('',#2603,#3356);
#3356 = DEFINITIONAL_REPRESENTATION('',(#3357),#3360);
#3357 = B_SPLINE_CURVE_WITH_KNOTS('',1,(#3358,#3359),.UNSPECIFIED.,.F.,
  .F.,(2,2),(-16.1,16.1),.PIECEWISE_BEZIER_KNOTS.);
#3358 = CARTESIAN_POINT('',(0.,-5.));
#3359 = CARTESIAN_POINT('',(32.2,-5.));
#3360 = ( GEOMETRIC_REPRESENTATION_CONTEXT(2) 
PARAMETRIC_REPRESENTATION_CONTEXT() REPRESENTATION_CONTEXT('2D SPACE',''
  ) );
#3361 = ORIENTED_EDGE('',*,*,#3272,.T.);
#3362 = ORIENTED_EDGE('',*,*,#2219,.T.);
#3363 = ORIENTED_EDGE('',*,*,#3072,.F.);
#3364 = ADVANCED_FACE('',(#3365),#2439,.T.);
#3365 = FACE_BOUND('',#3366,.T.);
#3366 = EDGE_LOOP('',(#3367,#3389,#3390,#3391));
#3367 = ORIENTED_EDGE('',*,*,#3368,.F.);
#3368 = EDGE_CURVE('',#2402,#3369,#3371,.T.);
#3369 = VERTEX_POINT('',#3370);
#3370 = CARTESIAN_POINT('',(61.585,-9.5,19.555028516309));
#3371 = SEAM_CURVE('',#3372,(#3377,#3383),.PCURVE_S1.);
#3372 = CIRCLE('',#3373,4.);
#3373 = AXIS2_PLACEMENT_3D('',#3374,#3375,#3376);
#3374 = CARTESIAN_POINT('',(57.585,-9.5,19.555028516309));
#3375 = DIRECTION('',(4.440892098501E-16,-1.281898970984E-31,-1.));
#3376 = DIRECTION('',(5.551115123126E-16,1.,1.183291357832E-31));
#3377 = PCURVE('',#2439,#3378);
#3378 = DEFINITIONAL_REPRESENTATION('',(#3379),#3382);
#3379 = B_SPLINE_CURVE_WITH_KNOTS('',1,(#3380,#3381),.UNSPECIFIED.,.F.,
  .F.,(2,2),(0.,1.570796326795),.PIECEWISE_BEZIER_KNOTS.);
#3380 = CARTESIAN_POINT('',(0.,0.));
#3381 = CARTESIAN_POINT('',(0.,1.570796326795));
#3382 = ( GEOMETRIC_REPRESENTATION_CONTEXT(2) 
PARAMETRIC_REPRESENTATION_CONTEXT() REPRESENTATION_CONTEXT('2D SPACE',''
  ) );
#3383 = PCURVE('',#2439,#3384);
#3384 = DEFINITIONAL_REPRESENTATION('',(#3385),#3388);
#3385 = B_SPLINE_CURVE_WITH_KNOTS('',1,(#3386,#3387),.UNSPECIFIED.,.F.,
  .F.,(2,2),(0.,1.570796326795),.PIECEWISE_BEZIER_KNOTS.);
#3386 = CARTESIAN_POINT('',(6.28318530718,0.));
#3387 = CARTESIAN_POINT('',(6.28318530718,1.570796326795));
#3388 = ( GEOMETRIC_REPRESENTATION_CONTEXT(2) 
PARAMETRIC_REPRESENTATION_CONTEXT() REPRESENTATION_CONTEXT('2D SPACE',''
  ) );
#3389 = ORIENTED_EDGE('',*,*,#2424,.T.);
#3390 = ORIENTED_EDGE('',*,*,#3368,.T.);
#3391 = ORIENTED_EDGE('',*,*,#3392,.F.);
#3392 = EDGE_CURVE('',#3369,#3369,#3393,.T.);
#3393 = SURFACE_CURVE('',#3394,(#3399,#3406),.PCURVE_S1.);
#3394 = CIRCLE('',#3395,6.);
#3395 = AXIS2_PLACEMENT_3D('',#3396,#3397,#3398);
#3396 = CARTESIAN_POINT('',(61.585,-15.5,19.555028516309));
#3397 = DIRECTION('',(1.,-5.551115123126E-16,1.848892746612E-31));
#3398 = DIRECTION('',(5.551115123126E-16,1.,1.183291357832E-31));
#3399 = PCURVE('',#2439,#3400);
#3400 = DEFINITIONAL_REPRESENTATION('',(#3401),#3405);
#3401 = LINE('',#3402,#3403);
#3402 = CARTESIAN_POINT('',(0.,1.570796326795));
#3403 = VECTOR('',#3404,1.);
#3404 = DIRECTION('',(1.,0.));
#3405 = ( GEOMETRIC_REPRESENTATION_CONTEXT(2) 
PARAMETRIC_REPRESENTATION_CONTEXT() REPRESENTATION_CONTEXT('2D SPACE',''
  ) );
#3406 = PCURVE('',#3407,#3412);
#3407 = PLANE('',#3408);
#3408 = AXIS2_PLACEMENT_3D('',#3409,#3410,#3411);
#3409 = CARTESIAN_POINT('',(61.585,2.85,19.555014230748));
#3410 = DIRECTION('',(1.,1.232595164408E-31,5.551115123126E-16));
#3411 = DIRECTION('',(5.551115123126E-16,1.,1.232595164408E-31));
#3412 = DEFINITIONAL_REPRESENTATION('',(#3413),#3417);
#3413 = CIRCLE('',#3414,6.);
#3414 = AXIS2_PLACEMENT_2D('',#3415,#3416);
#3415 = CARTESIAN_POINT('',(-18.35,1.428556163674E-05));
#3416 = DIRECTION('',(1.,0.));
#3417 = ( GEOMETRIC_REPRESENTATION_CONTEXT(2) 
PARAMETRIC_REPRESENTATION_CONTEXT() REPRESENTATION_CONTEXT('2D SPACE',''
  ) );
#3418 = ADVANCED_FACE('',(#3419),#2496,.T.);
#3419 = FACE_BOUND('',#3420,.F.);
#3420 = EDGE_LOOP('',(#3421));
#3421 = ORIENTED_EDGE('',*,*,#2481,.F.);
#3422 = ADVANCED_FACE('',(#3423),#2603,.F.);
#3423 = FACE_BOUND('',#3424,.F.);
#3424 = EDGE_LOOP('',(#3425,#3426,#3427,#3428,#3429));
#3425 = ORIENTED_EDGE('',*,*,#2587,.F.);
#3426 = ORIENTED_EDGE('',*,*,#2855,.F.);
#3427 = ORIENTED_EDGE('',*,*,#3049,.T.);
#3428 = ORIENTED_EDGE('',*,*,#3342,.T.);
#3429 = ORIENTED_EDGE('',*,*,#3295,.F.);
#3430 = ADVANCED_FACE('',(#3431),#2552,.F.);
#3431 = FACE_BOUND('',#3432,.F.);
#3432 = EDGE_LOOP('',(#3433,#3434,#3435,#3436,#3437));
#3433 = ORIENTED_EDGE('',*,*,#2536,.F.);
#3434 = ORIENTED_EDGE('',*,*,#3317,.T.);
#3435 = ORIENTED_EDGE('',*,*,#3187,.T.);
#3436 = ORIENTED_EDGE('',*,*,#3139,.F.);
#3437 = ORIENTED_EDGE('',*,*,#2776,.T.);
#3438 = ADVANCED_FACE('',(#3439),#2972,.F.);
#3439 = FACE_BOUND('',#3440,.F.);
#3440 = EDGE_LOOP('',(#3441,#3464,#3495,#3496));
#3441 = ORIENTED_EDGE('',*,*,#3442,.T.);
#3442 = EDGE_CURVE('',#2956,#3443,#3445,.T.);
#3443 = VERTEX_POINT('',#3444);
#3444 = CARTESIAN_POINT('',(41.,-18.,19.555028516309));
#3445 = SEAM_CURVE('',#3446,(#3450,#3457),.PCURVE_S1.);
#3446 = LINE('',#3447,#3448);
#3447 = CARTESIAN_POINT('',(33.,-18.,19.555028516309));
#3448 = VECTOR('',#3449,1.);
#3449 = DIRECTION('',(1.,0.,1.110223024625E-16));
#3450 = PCURVE('',#2972,#3451);
#3451 = DEFINITIONAL_REPRESENTATION('',(#3452),#3456);
#3452 = LINE('',#3453,#3454);
#3453 = CARTESIAN_POINT('',(0.,0.));
#3454 = VECTOR('',#3455,1.);
#3455 = DIRECTION('',(0.,-1.));
#3456 = ( GEOMETRIC_REPRESENTATION_CONTEXT(2) 
PARAMETRIC_REPRESENTATION_CONTEXT() REPRESENTATION_CONTEXT('2D SPACE',''
  ) );
#3457 = PCURVE('',#2972,#3458);
#3458 = DEFINITIONAL_REPRESENTATION('',(#3459),#3463);
#3459 = LINE('',#3460,#3461);
#3460 = CARTESIAN_POINT('',(6.28318530718,0.));
#3461 = VECTOR('',#3462,1.);
#3462 = DIRECTION('',(0.,-1.));
#3463 = ( GEOMETRIC_REPRESENTATION_CONTEXT(2) 
PARAMETRIC_REPRESENTATION_CONTEXT() REPRESENTATION_CONTEXT('2D SPACE',''
  ) );
#3464 = ORIENTED_EDGE('',*,*,#3465,.T.);
#3465 = EDGE_CURVE('',#3443,#3443,#3466,.T.);
#3466 = SURFACE_CURVE('',#3467,(#3472,#3479),.PCURVE_S1.);
#3467 = CIRCLE('',#3468,2.5);
#3468 = AXIS2_PLACEMENT_3D('',#3469,#3470,#3471);
#3469 = CARTESIAN_POINT('',(41.,-15.5,19.555028516309));
#3470 = DIRECTION('',(-1.,1.110223024625E-16,-1.232595164408E-32));
#3471 = DIRECTION('',(-1.110223024625E-16,-1.,0.));
#3472 = PCURVE('',#2972,#3473);
#3473 = DEFINITIONAL_REPRESENTATION('',(#3474),#3478);
#3474 = LINE('',#3475,#3476);
#3475 = CARTESIAN_POINT('',(0.,-8.));
#3476 = VECTOR('',#3477,1.);
#3477 = DIRECTION('',(1.,0.));
#3478 = ( GEOMETRIC_REPRESENTATION_CONTEXT(2) 
PARAMETRIC_REPRESENTATION_CONTEXT() REPRESENTATION_CONTEXT('2D SPACE',''
  ) );
#3479 = PCURVE('',#3480,#3485);
#3480 = PLANE('',#3481);
#3481 = AXIS2_PLACEMENT_3D('',#3482,#3483,#3484);
#3482 = CARTESIAN_POINT('',(41.,-15.5,19.555028516309));
#3483 = DIRECTION('',(1.,0.,1.110223024625E-16));
#3484 = DIRECTION('',(1.110223024625E-16,1.,0.));
#3485 = DEFINITIONAL_REPRESENTATION('',(#3486),#3494);
#3486 = ( BOUNDED_CURVE() B_SPLINE_CURVE(2,(#3487,#3488,#3489,#3490,
#3491,#3492,#3493),.UNSPECIFIED.,.T.,.F.) B_SPLINE_CURVE_WITH_KNOTS((1,2
    ,2,2,2,1),(-2.094395102393,0.,2.094395102393,4.188790204786,
6.28318530718,8.377580409573),.UNSPECIFIED.) CURVE() 
GEOMETRIC_REPRESENTATION_ITEM() RATIONAL_B_SPLINE_CURVE((1.,0.5,1.,0.5,
1.,0.5,1.)) REPRESENTATION_ITEM('') );
#3487 = CARTESIAN_POINT('',(-2.5,3.552713678801E-15));
#3488 = CARTESIAN_POINT('',(-2.5,4.330127018922));
#3489 = CARTESIAN_POINT('',(1.25,2.165063509461));
#3490 = CARTESIAN_POINT('',(5.,4.165037078374E-15));
#3491 = CARTESIAN_POINT('',(1.25,-2.165063509461));
#3492 = CARTESIAN_POINT('',(-2.5,-4.330127018922));
#3493 = CARTESIAN_POINT('',(-2.5,3.552713678801E-15));
#3494 = ( GEOMETRIC_REPRESENTATION_CONTEXT(2) 
PARAMETRIC_REPRESENTATION_CONTEXT() REPRESENTATION_CONTEXT('2D SPACE',''
  ) );
#3495 = ORIENTED_EDGE('',*,*,#3442,.F.);
#3496 = ORIENTED_EDGE('',*,*,#2955,.F.);
#3497 = ADVANCED_FACE('',(#3498),#3254,.F.);
#3498 = FACE_BOUND('',#3499,.F.);
#3499 = EDGE_LOOP('',(#3500,#3523,#3554,#3555));
#3500 = ORIENTED_EDGE('',*,*,#3501,.T.);
#3501 = EDGE_CURVE('',#3238,#3502,#3504,.T.);
#3502 = VERTEX_POINT('',#3503);
#3503 = CARTESIAN_POINT('',(48.585,18.7,19.554999945186));
#3504 = SEAM_CURVE('',#3505,(#3509,#3516),.PCURVE_S1.);
#3505 = LINE('',#3506,#3507);
#3506 = CARTESIAN_POINT('',(40.585,18.7,19.554999945186));
#3507 = VECTOR('',#3508,1.);
#3508 = DIRECTION('',(1.,1.232595164408E-32,2.22044604925E-16));
#3509 = PCURVE('',#3254,#3510);
#3510 = DEFINITIONAL_REPRESENTATION('',(#3511),#3515);
#3511 = LINE('',#3512,#3513);
#3512 = CARTESIAN_POINT('',(0.,0.));
#3513 = VECTOR('',#3514,1.);
#3514 = DIRECTION('',(0.,-1.));
#3515 = ( GEOMETRIC_REPRESENTATION_CONTEXT(2) 
PARAMETRIC_REPRESENTATION_CONTEXT() REPRESENTATION_CONTEXT('2D SPACE',''
  ) );
#3516 = PCURVE('',#3254,#3517);
#3517 = DEFINITIONAL_REPRESENTATION('',(#3518),#3522);
#3518 = LINE('',#3519,#3520);
#3519 = CARTESIAN_POINT('',(6.28318530718,0.));
#3520 = VECTOR('',#3521,1.);
#3521 = DIRECTION('',(0.,-1.));
#3522 = ( GEOMETRIC_REPRESENTATION_CONTEXT(2) 
PARAMETRIC_REPRESENTATION_CONTEXT() REPRESENTATION_CONTEXT('2D SPACE',''
  ) );
#3523 = ORIENTED_EDGE('',*,*,#3524,.T.);
#3524 = EDGE_CURVE('',#3502,#3502,#3525,.T.);
#3525 = SURFACE_CURVE('',#3526,(#3531,#3538),.PCURVE_S1.);
#3526 = CIRCLE('',#3527,2.5);
#3527 = AXIS2_PLACEMENT_3D('',#3528,#3529,#3530);
#3528 = CARTESIAN_POINT('',(48.585,21.2,19.554999945186));
#3529 = DIRECTION('',(-1.,2.22044604925E-16,-3.697785493223E-32));
#3530 = DIRECTION('',(-2.22044604925E-16,-1.,-1.232595164408E-32));
#3531 = PCURVE('',#3254,#3532);
#3532 = DEFINITIONAL_REPRESENTATION('',(#3533),#3537);
#3533 = LINE('',#3534,#3535);
#3534 = CARTESIAN_POINT('',(0.,-8.));
#3535 = VECTOR('',#3536,1.);
#3536 = DIRECTION('',(1.,0.));
#3537 = ( GEOMETRIC_REPRESENTATION_CONTEXT(2) 
PARAMETRIC_REPRESENTATION_CONTEXT() REPRESENTATION_CONTEXT('2D SPACE',''
  ) );
#3538 = PCURVE('',#3539,#3544);
#3539 = PLANE('',#3540);
#3540 = AXIS2_PLACEMENT_3D('',#3541,#3542,#3543);
#3541 = CARTESIAN_POINT('',(48.585,21.2,19.554999945186));
#3542 = DIRECTION('',(1.,1.232595164408E-32,2.22044604925E-16));
#3543 = DIRECTION('',(2.22044604925E-16,1.,1.232595164408E-32));
#3544 = DEFINITIONAL_REPRESENTATION('',(#3545),#3553);
#3545 = ( BOUNDED_CURVE() B_SPLINE_CURVE(2,(#3546,#3547,#3548,#3549,
#3550,#3551,#3552),.UNSPECIFIED.,.T.,.F.) B_SPLINE_CURVE_WITH_KNOTS((1,2
    ,2,2,2,1),(-2.094395102393,0.,2.094395102393,4.188790204786,
6.28318530718,8.377580409573),.UNSPECIFIED.) CURVE() 
GEOMETRIC_REPRESENTATION_ITEM() RATIONAL_B_SPLINE_CURVE((1.,0.5,1.,0.5,
1.,0.5,1.)) REPRESENTATION_ITEM('') );
#3546 = CARTESIAN_POINT('',(-2.5,3.552713678801E-15));
#3547 = CARTESIAN_POINT('',(-2.5,4.330127018922));
#3548 = CARTESIAN_POINT('',(1.25,2.165063509461));
#3549 = CARTESIAN_POINT('',(5.,4.165037078374E-15));
#3550 = CARTESIAN_POINT('',(1.25,-2.165063509461));
#3551 = CARTESIAN_POINT('',(-2.5,-4.330127018922));
#3552 = CARTESIAN_POINT('',(-2.5,3.552713678801E-15));
#3553 = ( GEOMETRIC_REPRESENTATION_CONTEXT(2) 
PARAMETRIC_REPRESENTATION_CONTEXT() REPRESENTATION_CONTEXT('2D SPACE',''
  ) );
#3554 = ORIENTED_EDGE('',*,*,#3501,.F.);
#3555 = ORIENTED_EDGE('',*,*,#3237,.F.);
#3556 = ADVANCED_FACE('',(#3557,#3560),#3407,.T.);
#3557 = FACE_BOUND('',#3558,.T.);
#3558 = EDGE_LOOP('',(#3559));
#3559 = ORIENTED_EDGE('',*,*,#3392,.T.);
#3560 = FACE_BOUND('',#3561,.F.);
#3561 = EDGE_LOOP('',(#3562));
#3562 = ORIENTED_EDGE('',*,*,#3563,.T.);
#3563 = EDGE_CURVE('',#3564,#3564,#3566,.T.);
#3564 = VERTEX_POINT('',#3565);
#3565 = CARTESIAN_POINT('',(61.585,-10.5,19.555028516309));
#3566 = SURFACE_CURVE('',#3567,(#3572,#3579),.PCURVE_S1.);
#3567 = CIRCLE('',#3568,5.);
#3568 = AXIS2_PLACEMENT_3D('',#3569,#3570,#3571);
#3569 = CARTESIAN_POINT('',(61.585,-15.5,19.555028516309));
#3570 = DIRECTION('',(1.,-5.551115123126E-16,1.848892746612E-31));
#3571 = DIRECTION('',(5.551115123126E-16,1.,1.232595164408E-31));
#3572 = PCURVE('',#3407,#3573);
#3573 = DEFINITIONAL_REPRESENTATION('',(#3574),#3578);
#3574 = CIRCLE('',#3575,5.);
#3575 = AXIS2_PLACEMENT_2D('',#3576,#3577);
#3576 = CARTESIAN_POINT('',(-18.35,1.428556163319E-05));
#3577 = DIRECTION('',(1.,0.));
#3578 = ( GEOMETRIC_REPRESENTATION_CONTEXT(2) 
PARAMETRIC_REPRESENTATION_CONTEXT() REPRESENTATION_CONTEXT('2D SPACE',''
  ) );
#3579 = PCURVE('',#3580,#3585);
#3580 = CYLINDRICAL_SURFACE('',#3581,5.);
#3581 = AXIS2_PLACEMENT_3D('',#3582,#3583,#3584);
#3582 = CARTESIAN_POINT('',(61.585,-15.5,19.555028516309));
#3583 = DIRECTION('',(1.,-1.110223024625E-16,4.440892098501E-16));
#3584 = DIRECTION('',(5.551115123126E-16,1.,1.232595164408E-31));
#3585 = DEFINITIONAL_REPRESENTATION('',(#3586),#3590);
#3586 = LINE('',#3587,#3588);
#3587 = CARTESIAN_POINT('',(0.,0.));
#3588 = VECTOR('',#3589,1.);
#3589 = DIRECTION('',(1.,0.));
#3590 = ( GEOMETRIC_REPRESENTATION_CONTEXT(2) 
PARAMETRIC_REPRESENTATION_CONTEXT() REPRESENTATION_CONTEXT('2D SPACE',''
  ) );
#3591 = ADVANCED_FACE('',(#3592),#3480,.F.);
#3592 = FACE_BOUND('',#3593,.T.);
#3593 = EDGE_LOOP('',(#3594));
#3594 = ORIENTED_EDGE('',*,*,#3465,.T.);
#3595 = ADVANCED_FACE('',(#3596),#3539,.F.);
#3596 = FACE_BOUND('',#3597,.T.);
#3597 = EDGE_LOOP('',(#3598));
#3598 = ORIENTED_EDGE('',*,*,#3524,.T.);
#3599 = ADVANCED_FACE('',(#3600),#3580,.F.);
#3600 = FACE_BOUND('',#3601,.F.);
#3601 = EDGE_LOOP('',(#3602,#3603,#3626,#3653));
#3602 = ORIENTED_EDGE('',*,*,#3563,.F.);
#3603 = ORIENTED_EDGE('',*,*,#3604,.T.);
#3604 = EDGE_CURVE('',#3564,#3605,#3607,.T.);
#3605 = VERTEX_POINT('',#3606);
#3606 = CARTESIAN_POINT('',(55.585,-10.5,19.555028516309));
#3607 = SEAM_CURVE('',#3608,(#3612,#3619),.PCURVE_S1.);
#3608 = LINE('',#3609,#3610);
#3609 = CARTESIAN_POINT('',(61.585,-10.5,19.555028516309));
#3610 = VECTOR('',#3611,1.);
#3611 = DIRECTION('',(-1.,-1.232595164408E-31,-5.551115123126E-16));
#3612 = PCURVE('',#3580,#3613);
#3613 = DEFINITIONAL_REPRESENTATION('',(#3614),#3618);
#3614 = LINE('',#3615,#3616);
#3615 = CARTESIAN_POINT('',(6.28318530718,0.));
#3616 = VECTOR('',#3617,1.);
#3617 = DIRECTION('',(0.,-1.));
#3618 = ( GEOMETRIC_REPRESENTATION_CONTEXT(2) 
PARAMETRIC_REPRESENTATION_CONTEXT() REPRESENTATION_CONTEXT('2D SPACE',''
  ) );
#3619 = PCURVE('',#3580,#3620);
#3620 = DEFINITIONAL_REPRESENTATION('',(#3621),#3625);
#3621 = LINE('',#3622,#3623);
#3622 = CARTESIAN_POINT('',(0.,0.));
#3623 = VECTOR('',#3624,1.);
#3624 = DIRECTION('',(0.,-1.));
#3625 = ( GEOMETRIC_REPRESENTATION_CONTEXT(2) 
PARAMETRIC_REPRESENTATION_CONTEXT() REPRESENTATION_CONTEXT('2D SPACE',''
  ) );
#3626 = ORIENTED_EDGE('',*,*,#3627,.T.);
#3627 = EDGE_CURVE('',#3605,#3605,#3628,.T.);
#3628 = SURFACE_CURVE('',#3629,(#3634,#3641),.PCURVE_S1.);
#3629 = CIRCLE('',#3630,5.);
#3630 = AXIS2_PLACEMENT_3D('',#3631,#3632,#3633);
#3631 = CARTESIAN_POINT('',(55.585,-15.5,19.555028516309));
#3632 = DIRECTION('',(1.,-5.551115123126E-16,1.848892746612E-31));
#3633 = DIRECTION('',(5.551115123126E-16,1.,1.232595164408E-31));
#3634 = PCURVE('',#3580,#3635);
#3635 = DEFINITIONAL_REPRESENTATION('',(#3636),#3640);
#3636 = LINE('',#3637,#3638);
#3637 = CARTESIAN_POINT('',(0.,-6.));
#3638 = VECTOR('',#3639,1.);
#3639 = DIRECTION('',(1.,0.));
#3640 = ( GEOMETRIC_REPRESENTATION_CONTEXT(2) 
PARAMETRIC_REPRESENTATION_CONTEXT() REPRESENTATION_CONTEXT('2D SPACE',''
  ) );
#3641 = PCURVE('',#3642,#3647);
#3642 = PLANE('',#3643);
#3643 = AXIS2_PLACEMENT_3D('',#3644,#3645,#3646);
#3644 = CARTESIAN_POINT('',(55.585,-15.5,19.555028516309));
#3645 = DIRECTION('',(1.,7.395570986447E-32,4.440892098501E-16));
#3646 = DIRECTION('',(4.440892098501E-16,1.,7.395570986447E-32));
#3647 = DEFINITIONAL_REPRESENTATION('',(#3648),#3652);
#3648 = CIRCLE('',#3649,5.);
#3649 = AXIS2_PLACEMENT_2D('',#3650,#3651);
#3650 = CARTESIAN_POINT('',(1.7763568394E-15,0.));
#3651 = DIRECTION('',(1.,0.));
#3652 = ( GEOMETRIC_REPRESENTATION_CONTEXT(2) 
PARAMETRIC_REPRESENTATION_CONTEXT() REPRESENTATION_CONTEXT('2D SPACE',''
  ) );
#3653 = ORIENTED_EDGE('',*,*,#3604,.F.);
#3654 = ADVANCED_FACE('',(#3655),#3642,.T.);
#3655 = FACE_BOUND('',#3656,.F.);
#3656 = EDGE_LOOP('',(#3657));
#3657 = ORIENTED_EDGE('',*,*,#3627,.F.);
#3658 = ( GEOMETRIC_REPRESENTATION_CONTEXT(3) 
GLOBAL_UNCERTAINTY_ASSIGNED_CONTEXT((#3662)) 
GLOBAL_UNIT_ASSIGNED_CONTEXT((#3659,#3660,#3661)) REPRESENTATION_CONTEXT
('Context #1','3D Context with UNIT and UNCERTAINTY') );
#3659 = ( LENGTH_UNIT() NAMED_UNIT(*) SI_UNIT(.MILLI.,.METRE.) );
#3660 = ( NAMED_UNIT(*) PLANE_ANGLE_UNIT() SI_UNIT($,.RADIAN.) );
#3661 = ( NAMED_UNIT(*) SI_UNIT($,.STERADIAN.) SOLID_ANGLE_UNIT() );
#3662 = UNCERTAINTY_MEASURE_WITH_UNIT(LENGTH_MEASURE(2.E-06),#3659,
  'distance_accuracy_value','confusion accuracy');
#3663 = PRODUCT_RELATED_PRODUCT_CATEGORY('part',$,(#7));
#3664 = MECHANICAL_DESIGN_GEOMETRIC_PRESENTATION_REPRESENTATION('',(
    #3665),#3658);
#3665 = STYLED_ITEM('color',(#3666),#15);
#3666 = PRESENTATION_STYLE_ASSIGNMENT((#3667,#3673));
#3667 = SURFACE_STYLE_USAGE(.BOTH.,#3668);
#3668 = SURFACE_SIDE_STYLE('',(#3669));
#3669 = SURFACE_STYLE_FILL_AREA(#3670);
#3670 = FILL_AREA_STYLE('',(#3671));
#3671 = FILL_AREA_STYLE_COLOUR('',#3672);
#3672 = COLOUR_RGB('',0.447058818107,0.474509808674,0.501960817233);
#3673 = CURVE_STYLE('',#3674,POSITIVE_LENGTH_MEASURE(0.1),#3675);
#3674 = DRAUGHTING_PRE_DEFINED_CURVE_FONT('continuous');
#3675 = COLOUR_RGB('',0.678431390124,0.709803936702,0.741176476869);
ENDSEC;
END-ISO-10303-21;
